2026-10-02 12:00:38,502|opType: publish | rt: 61ms | status: success | requestIp: null | dataId: nacos.ai.agentspec.bootstrap | group: nacos_internal | tenant: public | md5: 8ff73bdbe5b94d4b27617cb22208353c
2026-10-02 12:00:38,660|opType: publish | rt: 32ms | status: success | requestIp: null | dataId: resource_tool-analysis_tool-analysis__json.json | group: agentspec__enc.61636164656d69632d67656f67726170686572__enc.302e302e31 | tenant: public | md5: 2345c4b26867ed9fa1ebf696a0f5abb2
2026-10-02 12:00:38,665|opType: publish | rt: 27ms | status: success | requestIp: null | dataId: resource_config_IDENTITY__md.json | group: agentspec__enc.61636164656d69632d686973746f7269616e__enc.302e302e31 | tenant: public | md5: ae66d1b0442ae130c1f31e7447c4f77d
2026-10-02 12:00:38,669|opType: publish | rt: 25ms | status: success | requestIp: null | dataId: resource_config_IDENTITY__md.json | group: agentspec__enc.61636164656d69632d616e7468726f706f6c6f67697374__enc.302e302e31 | tenant: public | md5: 7af455f99b8ff9a3aa5a187a57316591
2026-10-02 12:00:38,671|opType: publish | rt: 23ms | status: success | requestIp: null | dataId: resource_crons_jobs__json.json | group: agentspec__enc.61636164656d69632d6e61727261746f6c6f67697374__enc.302e302e31 | tenant: public | md5: e057450eb1a1ec2b5ffd607b9450965f
2026-10-02 12:00:38,671|opType: publish | rt: 18ms | status: success | requestIp: null | dataId: resource_config_AGENTS__md.json | group: agentspec__enc.61636164656d69632d67656f67726170686572__enc.302e302e31 | tenant: public | md5: 99b5a460c06ccc0ebfcb9eb0638e516e
2026-10-02 12:00:38,673|opType: publish | rt: 15ms | status: success | requestIp: null | dataId: manifest.json | group: agentspec__enc.61636164656d69632d686973746f7269616e__enc.302e302e31 | tenant: public | md5: dfe5e611178c8ff8af6c3c5ba635625f
2026-10-02 12:00:38,676|opType: publish | rt: 13ms | status: success | requestIp: null | dataId: manifest.json | group: agentspec__enc.61636164656d69632d616e7468726f706f6c6f67697374__enc.302e302e31 | tenant: public | md5: 89bdb84ec883ecb03e3eb9066763ea28
2026-10-02 12:00:38,678|opType: publish | rt: 10ms | status: success | requestIp: null | dataId: resource_crons_jobs__json.json | group: agentspec__enc.61636164656d69632d67656f67726170686572__enc.302e302e31 | tenant: public | md5: e057450eb1a1ec2b5ffd607b9450965f
2026-10-02 12:00:38,683|opType: publish | rt: 10ms | status: success | requestIp: null | dataId: manifest.json | group: agentspec__enc.61636164656d69632d67656f67726170686572__enc.302e302e31 | tenant: public | md5: 9d3bd6ce3ae75ea0b16fa5623a969f16
2026-10-02 12:00:38,688|opType: publish | rt: 10ms | status: success | requestIp: null | dataId: resource_config_IDENTITY__md.json | group: agentspec__enc.61636164656d69632d67656f67726170686572__enc.302e302e31 | tenant: public | md5: 1215d8b894a9f47c7266bc068ecd64b0
2026-10-02 12:00:38,695|opType: publish | rt: 12ms | status: success | requestIp: null | dataId: resource_tool-analysis_tool-analysis__json.json | group: agentspec__enc.61636164656d69632d6e61727261746f6c6f67697374__enc.302e302e31 | tenant: public | md5: 2345c4b26867ed9fa1ebf696a0f5abb2
2026-10-02 12:00:38,700|opType: publish | rt: 13ms | status: success | requestIp: null | dataId: resource_config_AGENTS__md.json | group: agentspec__enc.61636164656d69632d616e7468726f706f6c6f67697374__enc.302e302e31 | tenant: public | md5: aac7f37030eb03b6e36cc5df3c9864df
2026-10-02 12:00:38,705|opType: publish | rt: 13ms | status: success | requestIp: null | dataId: resource_tool-analysis_tool-analysis__json.json | group: agentspec__enc.61636164656d69632d686973746f7269616e__enc.302e302e31 | tenant: public | md5: 2345c4b26867ed9fa1ebf696a0f5abb2
2026-10-02 12:00:38,708|opType: publish | rt: 11ms | status: success | requestIp: null | dataId: resource_tool-analysis_tool-analysis__json.json | group: agentspec__enc.61636164656d69632d616e7468726f706f6c6f67697374__enc.302e302e31 | tenant: public | md5: 2345c4b26867ed9fa1ebf696a0f5abb2
2026-10-02 12:00:38,717|opType: publish | rt: 15ms | status: success | requestIp: null | dataId: manifest.json | group: agentspec__enc.61636164656d69632d6e61727261746f6c6f67697374__enc.302e302e31 | tenant: public | md5: 5bf71740b632e402c8a9c5655fca95e0
2026-10-02 12:00:38,720|opType: publish | rt: 13ms | status: success | requestIp: null | dataId: resource_config_AGENTS__md.json | group: agentspec__enc.61636164656d69632d6e61727261746f6c6f67697374__enc.302e302e31 | tenant: public | md5: 31c625fe2874b5a2f433db23d50cde0f
2026-10-02 12:00:38,722|opType: publish | rt: 10ms | status: success | requestIp: null | dataId: resource_crons_jobs__json.json | group: agentspec__enc.61636164656d69632d686973746f7269616e__enc.302e302e31 | tenant: public | md5: e057450eb1a1ec2b5ffd607b9450965f
2026-10-02 12:00:38,728|opType: publish | rt: 11ms | status: success | requestIp: null | dataId: resource_config_SOUL__md.json | group: agentspec__enc.61636164656d69632d67656f67726170686572__enc.302e302e31 | tenant: public | md5: bdf50f580701ae07a6effa4d5db11532
2026-10-02 12:00:38,732|opType: publish | rt: 10ms | status: success | requestIp: null | dataId: resource_config_AGENTS__md.json | group: agentspec__enc.61636164656d69632d686973746f7269616e__enc.302e302e31 | tenant: public | md5: e792c028eeb3b5cdcc9d95c9f761e8d0
2026-10-02 12:00:38,735|opType: publish | rt: 10ms | status: success | requestIp: null | dataId: resource_config_SOUL__md.json | group: agentspec__enc.61636164656d69632d686973746f7269616e__enc.302e302e31 | tenant: public | md5: 37295d1519c73f6bd77462074480aa92
2026-10-02 12:00:38,742|opType: publish | rt: 11ms | status: success | requestIp: null | dataId: resource_config_IDENTITY__md.json | group: agentspec__enc.61636164656d69632d6e61727261746f6c6f67697374__enc.302e302e31 | tenant: public | md5: be6a73fa57fe978e827232d5b106edaf
2026-10-02 12:00:38,744|opType: publish | rt: 9ms | status: success | requestIp: null | dataId: resource_crons_jobs__json.json | group: agentspec__enc.61636164656d69632d616e7468726f706f6c6f67697374__enc.302e302e31 | tenant: public | md5: e057450eb1a1ec2b5ffd607b9450965f
2026-10-02 12:00:38,784|opType: publish | rt: 9ms | status: success | requestIp: null | dataId: nacos.ai.skills.bootstrap | group: nacos_internal | tenant: public | md5: f035c211d6d8f617435db9c9fd01f3a8
2026-10-02 12:00:38,851|opType: publish | rt: 11ms | status: success | requestIp: null | dataId: SKILL.md | group: skill_enc.6272616e642d67756964656c696e6573__enc.302e302e31 | tenant: public | md5: 27942a521c1a4a156cd82898023bea76
2026-10-02 12:00:38,865|opType: publish | rt: 20ms | status: success | requestIp: null | dataId: enc.74656d706c617465732f67656e657261746f725f74656d706c6174652e6a73 | group: skill_enc.616c676f726974686d69632d617274__enc.302e302e31 | tenant: public | md5: b0fd5cb4d4bb7cafee5e336b50f62c27
2026-10-02 12:00:38,879|opType: publish | rt: 28ms | status: success | requestIp: null | dataId: SKILL.md | group: skill_enc.616c676f726974686d69632d617274__enc.302e302e31 | tenant: public | md5: 3508edb4af2facee7f4ec9f2c50afaea
2026-10-02 12:00:38,886|opType: publish | rt: 30ms | status: success | requestIp: null | dataId: LICENSE.txt | group: skill_enc.616c676f726974686d69632d617274__enc.302e302e31 | tenant: public | md5: 175792518e4ac015ab6696d16c4f607e
2026-10-02 12:00:38,887|opType: publish | rt: 25ms | status: success | requestIp: null | dataId: LICENSE.txt | group: skill_enc.6272616e642d67756964656c696e6573__enc.302e302e31 | tenant: public | md5: 175792518e4ac015ab6696d16c4f607e
2026-10-02 12:00:38,887|opType: publish | rt: 20ms | status: success | requestIp: null | dataId: enc.74656d706c617465732f7669657765722e68746d6c | group: skill_enc.616c676f726974686d69632d617274__enc.302e302e31 | tenant: public | md5: 6fec68ff8079873799cf106892353adb
2026-10-02 12:00:38,915|opType: publish | rt: 33ms | status: success | requestIp: null | dataId: SKILL.md | group: skill_enc.6e61636f732d736b696c6c2d7265676973747279__enc.302e302e31 | tenant: public | md5: 3a0e89668c477926c13be33d5ab135b2
2026-10-02 12:00:38,931|opType: publish | rt: 45ms | status: success | requestIp: null | dataId: resource_config_SOUL__md.json | group: agentspec__enc.61636164656d69632d616e7468726f706f6c6f67697374__enc.302e302e31 | tenant: public | md5: 2ccfad7008880f8ab4c62bad76e4c900
2026-10-02 12:00:38,933|opType: publish | rt: 38ms | status: success | requestIp: null | dataId: SKILL.md | group: skill_enc.63616e7661732d64657369676e__enc.302e302e31 | tenant: public | md5: 662a062e168d1deeb26e37187edaf5b8
2026-10-02 12:00:38,933|opType: publish | rt: 33ms | status: success | requestIp: null | dataId: enc.63616e7661732d666f6e74732f4372696d736f6e50726f2d4f464c2e747874 | group: skill_enc.63616e7661732d64657369676e__enc.302e302e31 | tenant: public | md5: 2b62069b71f49dddd2bde54448a986a0
2026-10-02 12:00:38,933|opType: publish | rt: 28ms | status: success | requestIp: null | dataId: resource_config_MEMORY__md.json | group: agentspec__enc.61636164656d69632d616e7468726f706f6c6f67697374__enc.302e302e31 | tenant: public | md5: eab6ee7469e45d49d6207ada0ac42d66
2026-10-02 12:00:38,958|opType: publish | rt: 41ms | status: success | requestIp: null | dataId: enc.63616e7661732d666f6e74732f4e6f7468696e67596f75436f756c64446f2d4f464c2e747874 | group: skill_enc.63616e7661732d64657369676e__enc.302e302e31 | tenant: public | md5: b3dd666855ec5cd55f351287c80b9eb1
2026-10-02 12:00:38,958|opType: publish | rt: 47ms | status: success | requestIp: null | dataId: enc.63616e7661732d666f6e74732f506978656c69667953616e732d4d656469756d2e747466 | group: skill_enc.63616e7661732d64657369676e__enc.302e302e31 | tenant: public | md5: 86c9bceeac005c2c8c50dc110f2c3d8c
2026-10-02 12:00:38,959|opType: publish | rt: 29ms | status: success | requestIp: null | dataId: enc.63616e7661732d666f6e74732f444d4d6f6e6f2d4f464c2e747874 | group: skill_enc.63616e7661732d64657369676e__enc.302e302e31 | tenant: public | md5: c6a3ddf00ed346cbb45fdfa0ca2c4b9c
2026-10-02 12:00:39,013|opType: publish | rt: 78ms | status: success | requestIp: null | dataId: enc.63616e7661732d666f6e74732f476c6f6f636b2d4f464c2e747874 | group: skill_enc.63616e7661732d64657369676e__enc.302e302e31 | tenant: public | md5: 2cc6d168f1171b25a10e825bb7a54ee7
2026-10-02 12:00:39,086|opType: publish | rt: 119ms | status: success | requestIp: null | dataId: LICENSE.txt | group: skill_enc.63616e7661732d64657369676e__enc.302e302e31 | tenant: public | md5: 175792518e4ac015ab6696d16c4f607e
2026-10-02 12:00:39,087|opType: publish | rt: 107ms | status: success | requestIp: null | dataId: resource_config_MEMORY__md.json | group: agentspec__enc.61636164656d69632d6e61727261746f6c6f67697374__enc.302e302e31 | tenant: public | md5: eab6ee7469e45d49d6207ada0ac42d66
2026-10-02 12:00:39,095|opType: publish | rt: 139ms | status: success | requestIp: null | dataId: resource_config_MEMORY__md.json | group: agentspec__enc.61636164656d69632d67656f67726170686572__enc.302e302e31 | tenant: public | md5: eab6ee7469e45d49d6207ada0ac42d66
2026-10-02 12:00:39,116|opType: publish | rt: 106ms | status: success | requestIp: null | dataId: resource_config_SOUL__md.json | group: agentspec__enc.61636164656d69632d6e61727261746f6c6f67697374__enc.302e302e31 | tenant: public | md5: d2c14479b94700d645f0584530c1a886
2026-10-02 12:00:39,116|opType: publish | rt: 96ms | status: success | requestIp: null | dataId: enc.63616e7661732d666f6e74732f53696c6b73637265656e2d4f464c2e747874 | group: skill_enc.63616e7661732d64657369676e__enc.302e302e31 | tenant: public | md5: ed13fbda3931ec8f3beb063f8fcd2182
2026-10-02 12:00:39,117|opType: publish | rt: 166ms | status: success | requestIp: null | dataId: enc.63616e7661732d666f6e74732f49424d506c65784d6f6e6f2d426f6c642e747466 | group: skill_enc.63616e7661732d64657369676e__enc.302e302e31 | tenant: public | md5: 9a7310231d0c57e4ab342cb5637a76c7
2026-10-02 12:00:39,133|opType: publish | rt: 55ms | status: success | requestIp: null | dataId: enc.63616e7661732d666f6e74732f4f75746669742d4f464c2e747874 | group: skill_enc.63616e7661732d64657369676e__enc.302e302e31 | tenant: public | md5: 1b36bbe38eb97e26055123ff42f44fc7
2026-10-02 12:00:39,134|opType: publish | rt: 129ms | status: success | requestIp: null | dataId: enc.63616e7661732d666f6e74732f47656973744d6f6e6f2d426f6c642e747466 | group: skill_enc.63616e7661732d64657369676e__enc.302e302e31 | tenant: public | md5: 17cca616b56f24fea2a967c984e583b7
2026-10-02 12:00:39,212|opType: publish | rt: 118ms | status: success | requestIp: null | dataId: enc.63616e7661732d666f6e74732f5265644861744d6f6e6f2d526567756c61722e747466 | group: skill_enc.63616e7661732d64657369676e__enc.302e302e31 | tenant: public | md5: b80334107be3654978378cece86a88dd
2026-10-02 12:00:39,416|opType: publish | rt: 265ms | status: success | requestIp: null | dataId: enc.63616e7661732d666f6e74732f536d6f6f636853616e732d4d656469756d2e747466 | group: skill_enc.63616e7661732d64657369676e__enc.302e302e31 | tenant: public | md5: af113974edc887dc1afeda835c06f5cc
2026-10-02 12:00:39,423|opType: publish | rt: 244ms | status: success | requestIp: null | dataId: resource_config_MEMORY__md.json | group: agentspec__enc.61636164656d69632d686973746f7269616e__enc.302e302e31 | tenant: public | md5: eab6ee7469e45d49d6207ada0ac42d66
2026-10-02 12:00:39,431|opType: publish | rt: 315ms | status: success | requestIp: null | dataId: enc.63616e7661732d666f6e74732f576f726b53616e732d526567756c61722e747466 | group: skill_enc.63616e7661732d64657369676e__enc.302e302e31 | tenant: public | md5: 990d3a0aac2fbf064d39e27d75fb0eeb
2026-10-02 12:00:39,503|opType: publish | rt: 370ms | status: success | requestIp: null | dataId: enc.63616e7661732d666f6e74732f496e737472756d656e7453657269662d4974616c69632e747466 | group: skill_enc.63616e7661732d64657369676e__enc.302e302e31 | tenant: public | md5: b475bb00046d79b5b4379f9f8f769620
2026-10-02 12:00:39,686|opType: publish | rt: 473ms | status: success | requestIp: null | dataId: enc.63616e7661732d666f6e74732f42696753686f756c646572732d526567756c61722e747466 | group: skill_enc.63616e7661732d64657369676e__enc.302e302e31 | tenant: public | md5: e78052077e1d91a69889db183897b0b0
2026-10-02 12:00:39,700|opType: publish | rt: 504ms | status: success | requestIp: null | dataId: enc.63616e7661732d666f6e74732f4c6f72612d426f6c644974616c69632e747466 | group: skill_enc.63616e7661732d64657369676e__enc.302e302e31 | tenant: public | md5: 18a036600f747dfd769684f6c1b12e3f
2026-10-02 12:00:39,790|opType: publish | rt: 557ms | status: success | requestIp: null | dataId: enc.63616e7661732d666f6e74732f496e737472756d656e7453657269662d526567756c61722e747466 | group: skill_enc.63616e7661732d64657369676e__enc.302e302e31 | tenant: public | md5: f456da034c364801bda7fa04a5b7379b
2026-10-02 12:00:39,806|opType: publish | rt: 581ms | status: success | requestIp: null | dataId: enc.63616e7661732d666f6e74732f4a6574427261696e734d6f6e6f2d526567756c61722e747466 | group: skill_enc.63616e7661732d64657369676e__enc.302e302e31 | tenant: public | md5: f287a635146667b5bbebf9f87f414127
2026-10-02 12:00:39,847|opType: publish | rt: 446ms | status: success | requestIp: null | dataId: enc.63616e7661732d666f6e74732f4974616c69616e612d526567756c61722e747466 | group: skill_enc.63616e7661732d64657369676e__enc.302e302e31 | tenant: public | md5: d749b2c6eacff702f9ace18cab5d7ba0
2026-10-02 12:00:39,895|opType: publish | rt: 578ms | status: success | requestIp: null | dataId: enc.63616e7661732d666f6e74732f4e6174696f6e616c5061726b2d526567756c61722e747466 | group: skill_enc.63616e7661732d64657369676e__enc.302e302e31 | tenant: public | md5: 3ccdefd52940f1d5a4fcf7e645f49921
2026-10-02 12:00:39,928|opType: publish | rt: 439ms | status: success | requestIp: null | dataId: resource_crons_jobs__json.json | group: agentspec__enc.61636164656d69632d70737963686f6c6f67697374__enc.302e302e31 | tenant: public | md5: 83fca70eda719011ed27016d02e58ec3
2026-10-02 12:00:39,929|opType: publish | rt: 470ms | status: success | requestIp: null | dataId: resource_config_SOUL__md.json | group: agentspec__enc.61636164656d69632d70737963686f6c6f67697374__enc.302e302e31 | tenant: public | md5: fc6ddc55df6619e092fef1a76ec3c146
2026-10-02 12:00:39,987|opType: publish | rt: 564ms | status: success | requestIp: null | dataId: enc.63616e7661732d666f6e74732f4a6574427261696e734d6f6e6f2d4f464c2e747874 | group: skill_enc.63616e7661732d64657369676e__enc.302e302e31 | tenant: public | md5: 2025a2ee80175b15561a8232e67d74d5
2026-10-02 12:00:39,995|opType: publish | rt: 694ms | status: success | requestIp: null | dataId: enc.63616e7661732d666f6e74732f506f697265744f6e652d526567756c61722e747466 | group: skill_enc.63616e7661732d64657369676e__enc.302e302e31 | tenant: public | md5: 0850015605c6a972bb2bdda0507c71b0
2026-10-02 12:00:39,995|opType: publish | rt: 556ms | status: success | requestIp: null | dataId: enc.63616e7661732d666f6e74732f4372696d736f6e50726f2d4974616c69632e747466 | group: skill_enc.63616e7661732d64657369676e__enc.302e302e31 | tenant: public | md5: 8e356bfbcff1e1348dfb4e74743fa9f7
2026-10-02 12:00:40,027|opType: publish | rt: 777ms | status: success | requestIp: null | dataId: enc.63616e7661732d666f6e74732f417273656e616c53432d526567756c61722e747466 | group: skill_enc.63616e7661732d64657369676e__enc.302e302e31 | tenant: public | md5: 6ba43a38601789fe2e289989623a97e5
2026-10-02 12:00:40,071|opType: publish | rt: 497ms | status: success | requestIp: null | dataId: manifest.json | group: agentspec__enc.61636164656d69632d70737963686f6c6f67697374__enc.302e302e31 | tenant: public | md5: 1b4df1ab6cfb83bf76b77f2076fd5f2e
2026-10-02 12:00:40,071|opType: publish | rt: 415ms | status: success | requestIp: null | dataId: enc.63616e7661732d666f6e74732f576f726b53616e732d4f464c2e747874 | group: skill_enc.63616e7661732d64657369676e__enc.302e302e31 | tenant: public | md5: 4bf1338afcac74d0c9ea569f07a87fab
2026-10-02 12:00:40,073|opType: publish | rt: 388ms | status: success | requestIp: null | dataId: resource_config_AGENTS__md.json | group: agentspec__enc.61636164656d69632d70737963686f6c6f67697374__enc.302e302e31 | tenant: public | md5: e1beaca970fc5791631a9e7b25db5488
2026-10-02 12:00:40,110|opType: publish | rt: 304ms | status: success | requestIp: null | dataId: resource_tool-analysis_tool-analysis__json.json | group: agentspec__enc.61636164656d69632d73747564792d706c616e6e6572__enc.302e302e31 | tenant: public | md5: 0ba2c9e623664884e4730ecbcd233f0a
2026-10-02 12:00:40,110|opType: publish | rt: 552ms | status: success | requestIp: null | dataId: resource_tool-analysis_tool-analysis__json.json | group: agentspec__enc.61636164656d69632d70737963686f6c6f67697374__enc.302e302e31 | tenant: public | md5: 7b1d0eb966bbfe2320d4800eec7e3c5d
2026-10-02 12:00:40,111|opType: publish | rt: 636ms | status: success | requestIp: null | dataId: enc.63616e7661732d666f6e74732f4a6574427261696e734d6f6e6f2d426f6c642e747466 | group: skill_enc.63616e7661732d64657369676e__enc.302e302e31 | tenant: public | md5: 90962f010985252c0a048dbfdda15f5d
2026-10-02 12:00:40,159|opType: publish | rt: 562ms | status: success | requestIp: null | dataId: resource_config_IDENTITY__md.json | group: agentspec__enc.61636164656d69632d70737963686f6c6f67697374__enc.302e302e31 | tenant: public | md5: 52a291d95efff201ce36c68ae626d39f
2026-10-02 12:00:40,235|opType: publish | rt: 593ms | status: success | requestIp: null | dataId: skill_index.json | group: skill_algorithmic-art | tenant: public | md5: 9ccdfe595a0ee877cafcea907b575a69
2026-10-02 12:00:40,243|opType: publish | rt: 565ms | status: success | requestIp: null | dataId: resource_config_MEMORY__md.json | group: agentspec__enc.61636164656d69632d70737963686f6c6f67697374__enc.302e302e31 | tenant: public | md5: fa8b6cd07d981ef5081924a5ee4e31c4
2026-10-02 12:00:40,244|opType: publish | rt: 529ms | status: success | requestIp: null | dataId: enc.63616e7661732d666f6e74732f476c6f6f636b2d526567756c61722e747466 | group: skill_enc.63616e7661732d64657369676e__enc.302e302e31 | tenant: public | md5: 93e2fe964401f39ea25f69282835d888
2026-10-02 12:00:40,252|opType: publish | rt: 638ms | status: success | requestIp: null | dataId: enc.63616e7661732d666f6e74732f427269636f6c61676547726f7465737175652d526567756c61722e747466 | group: skill_enc.63616e7661732d64657369676e__enc.302e302e31 | tenant: public | md5: bb2881f280633075dff01adfa9c09a28
2026-10-02 12:00:40,275|opType: publish | rt: 576ms | status: success | requestIp: null | dataId: skill_index.json | group: skill_nacos-skill-registry | tenant: public | md5: a954ba25a6022882637d1312aa486859
2026-10-02 12:00:40,283|opType: publish | rt: 463ms | status: success | requestIp: null | dataId: resource_crons_jobs__json.json | group: agentspec__enc.6163636f756e74732d70617961626c652d6167656e74__enc.302e302e31 | tenant: public | md5: e5e7454fef7a5e46479a3a5f4312786b
2026-10-02 12:00:40,284|opType: publish | rt: 502ms | status: success | requestIp: null | dataId: enc.63616e7661732d666f6e74732f4c6f72612d4f464c2e747874 | group: skill_enc.63616e7661732d64657369676e__enc.302e302e31 | tenant: public | md5: a6f35dd3870842fab964fbcd0ffb2908
2026-10-02 12:00:40,284|opType: publish | rt: 453ms | status: success | requestIp: null | dataId: resource_config_MEMORY__md.json | group: agentspec__enc.6163636f756e74732d70617961626c652d6167656e74__enc.302e302e31 | tenant: public | md5: e6f3ce70912d78586d55374ce68c695a
2026-10-02 12:00:40,284|opType: publish | rt: 744ms | status: success | requestIp: null | dataId: enc.63616e7661732d666f6e74732f576f726b53616e732d4974616c69632e747466 | group: skill_enc.63616e7661732d64657369676e__enc.302e302e31 | tenant: public | md5: 7ad707affdf631fcf9e440192c46520e
2026-10-02 12:00:40,285|opType: publish | rt: 518ms | status: success | requestIp: null | dataId: enc.63616e7661732d666f6e74732f4e6174696f6e616c5061726b2d426f6c642e747466 | group: skill_enc.63616e7661732d64657369676e__enc.302e302e31 | tenant: public | md5: 709a832209501dfc61d392c5b35e14ab
2026-10-02 12:00:40,285|opType: publish | rt: 407ms | status: success | requestIp: null | dataId: manifest.json | group: agentspec__enc.61636164656d69632d73747564792d706c616e6e6572__enc.302e302e31 | tenant: public | md5: 020b780ead13bb9638223d07c89939ce
2026-10-02 12:00:40,285|opType: publish | rt: 357ms | status: success | requestIp: null | dataId: resource_config_SOUL__md.json | group: agentspec__enc.61636164656d69632d73747564792d706c616e6e6572__enc.302e302e31 | tenant: public | md5: f3fb9a9d9f9d849de899d9c82832c94f
2026-10-02 12:00:40,321|opType: publish | rt: 341ms | status: success | requestIp: null | dataId: resource_config_MEMORY__md.json | group: agentspec__enc.61636164656d69632d73747564792d706c616e6e6572__enc.302e302e31 | tenant: public | md5: e6f3ce70912d78586d55374ce68c695a
2026-10-02 12:00:40,321|opType: publish | rt: 474ms | status: success | requestIp: null | dataId: resource_crons_jobs__json.json | group: agentspec__enc.61636164656d69632d73747564792d706c616e6e6572__enc.302e302e31 | tenant: public | md5: e5e7454fef7a5e46479a3a5f4312786b
2026-10-02 12:00:40,322|opType: publish | rt: 562ms | status: success | requestIp: null | dataId: enc.63616e7661732d666f6e74732f427269636f6c61676547726f7465737175652d426f6c642e747466 | group: skill_enc.63616e7661732d64657369676e__enc.302e302e31 | tenant: public | md5: e7f0b639e9abc70f0161085138fe0d48
2026-10-02 12:00:40,322|opType: publish | rt: 691ms | status: success | requestIp: null | dataId: enc.63616e7661732d666f6e74732f576f726b53616e732d426f6c644974616c69632e747466 | group: skill_enc.63616e7661732d64657369676e__enc.302e302e31 | tenant: public | md5: 1a7031ed2c3576e0adea006eb75a5495
2026-10-02 12:00:40,329|opType: publish | rt: 295ms | status: success | requestIp: null | dataId: resource_config_AGENTS__md.json | group: agentspec__enc.6163636f756e74732d70617961626c652d6167656e74__enc.302e302e31 | tenant: public | md5: 3720e3b2073dc9f2c590f55e16ec0ad2
2026-10-02 12:00:40,329|opType: publish | rt: 434ms | status: success | requestIp: null | dataId: skill_index.json | group: skill_brand-guidelines | tenant: public | md5: 313ccb20c3edc957127437be5c8b22c9
2026-10-02 12:00:40,338|opType: publish | rt: 284ms | status: success | requestIp: null | dataId: resource_config_IDENTITY__md.json | group: agentspec__enc.61636164656d69632d73747564792d706c616e6e6572__enc.302e302e31 | tenant: public | md5: 35431a3cf9060cc3efecc938e8d9bcac
2026-10-02 12:00:40,348|opType: publish | rt: 286ms | status: success | requestIp: null | dataId: resource_tool-analysis_tool-analysis__json.json | group: agentspec__enc.6163636f756e74732d70617961626c652d6167656e74__enc.302e302e31 | tenant: public | md5: 0ba2c9e623664884e4730ecbcd233f0a
2026-10-02 12:00:40,463|opType: publish | rt: 468ms | status: success | requestIp: null | dataId: manifest.json | group: agentspec__enc.6163636f756e74732d70617961626c652d6167656e74__enc.302e302e31 | tenant: public | md5: addada4f6f2710aa22de5ead2d19bdfc
2026-10-02 12:00:40,464|opType: publish | rt: 372ms | status: success | requestIp: null | dataId: resource_config_SOUL__md.json | group: agentspec__enc.6163636f756e74732d70617961626c652d6167656e74__enc.302e302e31 | tenant: public | md5: d68b5d8358e1580f2e91c46b7576aa8b
2026-10-02 12:00:40,471|opType: publish | rt: 189ms | status: success | requestIp: null | dataId: manifest.json | group: agentspec__enc.6167656e7469632d6964656e746974792d7472757374__enc.302e302e31 | tenant: public | md5: f79cc35311e89d4a5a1ad67ab7a43f8d
2026-10-02 12:00:40,478|opType: publish | rt: 399ms | status: success | requestIp: null | dataId: enc.63616e7661732d666f6e74732f427269636f6c61676547726f7465737175652d4f464c2e747874 | group: skill_enc.63616e7661732d64657369676e__enc.302e302e31 | tenant: public | md5: c01c6f2840f06aacc97899ab09ec0e01
2026-10-02 12:00:40,487|opType: publish | rt: 328ms | status: success | requestIp: null | dataId: enc.63616e7661732d666f6e74732f5265644861744d6f6e6f2d426f6c642e747466 | group: skill_enc.63616e7661732d64657369676e__enc.302e302e31 | tenant: public | md5: df22758feeff40dda3ea1340b8c169c8
2026-10-02 12:00:40,495|opType: publish | rt: 477ms | status: success | requestIp: null | dataId: resource_config_AGENTS__md.json | group: agentspec__enc.61636164656d69632d73747564792d706c616e6e6572__enc.302e302e31 | tenant: public | md5: 3dede761286b644457b5c8a8b7e2e51e
2026-10-02 12:00:40,495|opType: publish | rt: 287ms | status: success | requestIp: null | dataId: resource_config_IDENTITY__md.json | group: agentspec__enc.6163636f756e74732d70617961626c652d6167656e74__enc.302e302e31 | tenant: public | md5: 87cf7ae9129f4161d2025a1eec2b6e08
2026-10-02 12:00:40,535|opType: publish | rt: 426ms | status: success | requestIp: null | dataId: enc.63616e7661732d666f6e74732f45726963614f6e652d526567756c61722e747466 | group: skill_enc.63616e7661732d64657369676e__enc.302e302e31 | tenant: public | md5: d8983eca752649b830c3a0842d32fd35
2026-10-02 12:00:40,640|opType: publish | rt: 328ms | status: success | requestIp: null | dataId: enc.63616e7661732d666f6e74732f5265644861744d6f6e6f2d4f464c2e747874 | group: skill_enc.63616e7661732d64657369676e__enc.302e302e31 | tenant: public | md5: 0787f4274246f7bbf6c429db807e3049
2026-10-02 12:00:40,689|opType: publish | rt: 430ms | status: success | requestIp: null | dataId: enc.63616e7661732d666f6e74732f506f697265744f6e652d4f464c2e747874 | group: skill_enc.63616e7661732d64657369676e__enc.302e302e31 | tenant: public | md5: 954ca844e5dd9e31353213c6a142b9a4
2026-10-02 12:00:40,767|opType: publish | rt: 392ms | status: success | requestIp: null | dataId: enc.63616e7661732d666f6e74732f4974616c69616e612d4f464c2e747874 | group: skill_enc.63616e7661732d64657369676e__enc.302e302e31 | tenant: public | md5: 233d74d83b54a786d21a429304775aef
2026-10-02 12:00:40,819|opType: publish | rt: 675ms | status: success | requestIp: null | dataId: enc.63616e7661732d666f6e74732f4a7572612d4d656469756d2e747466 | group: skill_enc.63616e7661732d64657369676e__enc.302e302e31 | tenant: public | md5: 485fde3814af533915abc1a2b6a970d4
2026-10-02 12:00:40,843|opType: publish | rt: 479ms | status: success | requestIp: null | dataId: resource_crons_jobs__json.json | group: agentspec__enc.6167656e7469632d6964656e746974792d7472757374__enc.302e302e31 | tenant: public | md5: 513bb5790c3fcfbe42fcb35ff5b6bafa
2026-10-02 12:00:40,844|opType: publish | rt: 458ms | status: success | requestIp: null | dataId: resource_config_IDENTITY__md.json | group: agentspec__enc.6167656e7469632d6964656e746974792d7472757374__enc.302e302e31 | tenant: public | md5: ec3783461fa4fe10c1e312dd195b1403
2026-10-02 12:00:40,844|opType: publish | rt: 717ms | status: success | requestIp: null | dataId: enc.63616e7661732d666f6e74732f49424d506c657853657269662d426f6c644974616c69632e747466 | group: skill_enc.63616e7661732d64657369676e__enc.302e302e31 | tenant: public | md5: a30bec5ecd919feb391f88877b992ca8
2026-10-02 12:00:40,873|opType: publish | rt: 527ms | status: success | requestIp: null | dataId: enc.63616e7661732d666f6e74732f4f75746669742d526567756c61722e747466 | group: skill_enc.63616e7661732d64657369676e__enc.302e302e31 | tenant: public | md5: 36f9b5fd22583dcebfa2ceebcc5b25be
2026-10-02 12:00:40,981|opType: publish | rt: 487ms | status: success | requestIp: null | dataId: enc.63616e7661732d666f6e74732f496e737472756d656e7453616e732d526567756c61722e747466 | group: skill_enc.63616e7661732d64657369676e__enc.302e302e31 | tenant: public | md5: e9fa211772980a630693fee08f02aff0
2026-10-02 12:00:41,043|opType: publish | rt: 565ms | status: success | requestIp: null | dataId: enc.63616e7661732d666f6e74732f47656973744d6f6e6f2d4f464c2e747874 | group: skill_enc.63616e7661732d64657369676e__enc.302e302e31 | tenant: public | md5: 9678944f41fc8b46592ca1626f1c0896
2026-10-02 12:00:41,043|opType: publish | rt: 768ms | status: success | requestIp: null | dataId: enc.63616e7661732d666f6e74732f4c696272654261736b657276696c6c652d526567756c61722e747466 | group: skill_enc.63616e7661732d64657369676e__enc.302e302e31 | tenant: public | md5: df2bb244c97f241e3e5b350c3f5ea388
2026-10-02 12:00:41,045|opType: publish | rt: 714ms | status: success | requestIp: null | dataId: enc.63616e7661732d666f6e74732f49424d506c657853657269662d426f6c642e747466 | group: skill_enc.63616e7661732d64657369676e__enc.302e302e31 | tenant: public | md5: 31bbbee9efb80aa575380e013a11c0b3
2026-10-02 12:00:41,096|opType: publish | rt: 585ms | status: success | requestIp: null | dataId: resource_tool-analysis_tool-analysis__json.json | group: agentspec__enc.6167656e7469632d6964656e746974792d7472757374__enc.302e302e31 | tenant: public | md5: 980cdb4c9baab322e3a12b144a78089e
2026-10-02 12:00:41,097|opType: publish | rt: 800ms | status: success | requestIp: null | dataId: enc.63616e7661732d666f6e74732f4a7572612d4c696768742e747466 | group: skill_enc.63616e7661732d64657369676e__enc.302e302e31 | tenant: public | md5: 00a9d7cc59de3ef98a6b2d8892dffb48
2026-10-02 12:00:41,110|opType: publish | rt: 421ms | status: success | requestIp: null | dataId: enc.63616e7661732d666f6e74732f42696753686f756c646572732d4f464c2e747874 | group: skill_enc.63616e7661732d64657369676e__enc.302e302e31 | tenant: public | md5: db35b3b1166369fabfe18614e67ad0f7
2026-10-02 12:00:41,110|opType: publish | rt: 561ms | status: success | requestIp: null | dataId: resource_config_SOUL__md.json | group: agentspec__enc.6167656e7469632d6964656e746974792d7472757374__enc.302e302e31 | tenant: public | md5: 26d77ecad2e94ae08cb2e0f5f04a4740
2026-10-02 12:00:41,110|opType: publish | rt: 480ms | status: success | requestIp: null | dataId: enc.63616e7661732d666f6e74732f506978656c69667953616e732d4f464c2e747874 | group: skill_enc.63616e7661732d64657369676e__enc.302e302e31 | tenant: public | md5: 1f685eb54479bfa39bced4f64798a900
2026-10-02 12:00:41,111|opType: publish | rt: 541ms | status: success | requestIp: null | dataId: resource_config_MEMORY__md.json | group: agentspec__enc.6167656e7469632d6964656e746974792d7472757374__enc.302e302e31 | tenant: public | md5: 338143448be15b3bd97b7762edd5d46a
2026-10-02 12:00:41,111|opType: publish | rt: 649ms | status: success | requestIp: null | dataId: resource_config_AGENTS__md.json | group: agentspec__enc.6167656e7469632d6964656e746974792d7472757374__enc.302e302e31 | tenant: public | md5: faff0084d1792d23218266f10194c306
2026-10-02 12:00:41,112|opType: publish | rt: 501ms | status: success | requestIp: null | dataId: enc.63616e7661732d666f6e74732f4e6f7468696e67596f75436f756c64446f2d526567756c61722e747466 | group: skill_enc.63616e7661732d64657369676e__enc.302e302e31 | tenant: public | md5: c8d7857775ee6afd91f969c5d5d5ca58
2026-10-02 12:00:41,140|opType: publish | rt: 613ms | status: success | requestIp: null | dataId: enc.63616e7661732d666f6e74732f496e737472756d656e7453616e732d426f6c642e747466 | group: skill_enc.63616e7661732d64657369676e__enc.302e302e31 | tenant: public | md5: 486d16bd9d9f3839cf4fb3f2b6ea50cc
2026-10-02 12:00:41,250|opType: publish | rt: 385ms | status: success | requestIp: null | dataId: resource_crons_jobs__json.json | group: agentspec__enc.6167656e74732d6f7263686573747261746f72__enc.302e302e31 | tenant: public | md5: 106a8c060bd0aa695e6a986278cfc59c
2026-10-02 12:00:41,387|opType: publish | rt: 673ms | status: success | requestIp: null | dataId: enc.63616e7661732d666f6e74732f444d4d6f6e6f2d526567756c61722e747466 | group: skill_enc.63616e7661732d64657369676e__enc.302e302e31 | tenant: public | md5: 6de69a84e4397aedfeb2c7694731f46e
2026-10-02 12:00:41,400|opType: publish | rt: 626ms | status: success | requestIp: null | dataId: manifest.json | group: agentspec__enc.6167656e74732d6f7263686573747261746f72__enc.302e302e31 | tenant: public | md5: 034641a4669f8a33d0a1c031a79b8721
2026-10-02 12:00:41,400|opType: publish | rt: 599ms | status: success | requestIp: null | dataId: resource_config_AGENTS__md.json | group: agentspec__enc.6167656e74732d6f7263686573747261746f72__enc.302e302e31 | tenant: public | md5: b5c779552396835f3b40f5471583ddc8
2026-10-02 12:00:41,400|opType: publish | rt: 809ms | status: success | requestIp: null | dataId: enc.63616e7661732d666f6e74732f49424d506c65784d6f6e6f2d526567756c61722e747466 | group: skill_enc.63616e7661732d64657369676e__enc.302e302e31 | tenant: public | md5: b9a5d1f43f14f071d925f416a00213a0
2026-10-02 12:00:41,449|opType: publish | rt: 570ms | status: success | requestIp: null | dataId: resource_config_IDENTITY__md.json | group: agentspec__enc.6167656e74732d6f7263686573747261746f72__enc.302e302e31 | tenant: public | md5: 4753ed39106e2f476fae5f5622977cda
2026-10-02 12:00:41,450|opType: publish | rt: 399ms | status: success | requestIp: null | dataId: enc.63616e7661732d666f6e74732f54656b7475722d4f464c2e747874 | group: skill_enc.63616e7661732d64657369676e__enc.302e302e31 | tenant: public | md5: 40fd22c803f19bfbdb6383598f3bfacb
2026-10-02 12:00:41,486|opType: publish | rt: 659ms | status: success | requestIp: null | dataId: resource_config_MEMORY__md.json | group: agentspec__enc.6167656e74732d6f7263686573747261746f72__enc.302e302e31 | tenant: public | md5: fd1a9806f1501010ea07eb1bf05bef53
2026-10-02 12:00:41,500|opType: publish | rt: 590ms | status: success | requestIp: null | dataId: resource_tool-analysis_tool-analysis__json.json | group: agentspec__enc.6167656e74732d6f7263686573747261746f72__enc.302e302e31 | tenant: public | md5: 2f4fb8e23dc4edab89d0cdec27d9010a
2026-10-02 12:00:41,500|opType: publish | rt: 761ms | status: success | requestIp: null | dataId: enc.63616e7661732d666f6e74732f42696753686f756c646572732d426f6c642e747466 | group: skill_enc.63616e7661732d64657369676e__enc.302e302e31 | tenant: public | md5: 4c39ecdfc4eca2cddb56e1e3bd7a6806
2026-10-02 12:00:41,577|opType: publish | rt: 580ms | status: success | requestIp: null | dataId: resource_config_SOUL__md.json | group: agentspec__enc.6167656e74732d6f7263686573747261746f72__enc.302e302e31 | tenant: public | md5: 2c96f7a4e7ac9a61c5d94e85dfc9bf3a
2026-10-02 12:00:41,578|opType: publish | rt: 465ms | status: success | requestIp: null | dataId: enc.63616e7661732d666f6e74732f54656b7475722d526567756c61722e747466 | group: skill_enc.63616e7661732d64657369676e__enc.302e302e31 | tenant: public | md5: de2af6c8f8b809aae8a41790b8a5991c
2026-10-02 12:00:41,611|opType: publish | rt: 456ms | status: success | requestIp: null | dataId: resource_config_AGENTS__md.json | group: agentspec__enc.6175746f6d6174696f6e2d676f7665726e616e63652d617263686974656374__enc.302e302e31 | tenant: public | md5: 690511658eeba077b3db20e3ce564a45
2026-10-02 12:00:41,739|opType: publish | rt: 591ms | status: success | requestIp: null | dataId: resource_crons_jobs__json.json | group: agentspec__enc.6175746f6d6174696f6e2d676f7665726e616e63652d617263686974656374__enc.302e302e31 | tenant: public | md5: 4ccea0d0abb85d9070be46892baf6ce2
2026-10-02 12:00:41,857|opType: publish | rt: 726ms | status: success | requestIp: null | dataId: resource_config_IDENTITY__md.json | group: agentspec__enc.6175746f6d6174696f6e2d676f7665726e616e63652d617263686974656374__enc.302e302e31 | tenant: public | md5: 83f970f60205152f3c89e2ecb9906f87
2026-10-02 12:00:41,858|opType: publish | rt: 965ms | status: success | requestIp: null | dataId: enc.63616e7661732d666f6e74732f4c6f72612d426f6c642e747466 | group: skill_enc.63616e7661732d64657369676e__enc.302e302e31 | tenant: public | md5: 93f3e5ec4b1cff86d51c525e176e4ebf
2026-10-02 12:00:41,858|opType: publish | rt: 887ms | status: success | requestIp: null | dataId: enc.63616e7661732d666f6e74732f49424d506c657853657269662d526567756c61722e747466 | group: skill_enc.63616e7661732d64657369676e__enc.302e302e31 | tenant: public | md5: e32dd47815cf080a6141856a41da343c
2026-10-02 12:00:41,902|opType: publish | rt: 670ms | status: success | requestIp: null | dataId: manifest.json | group: agentspec__enc.6175746f6d6174696f6e2d676f7665726e616e63652d617263686974656374__enc.302e302e31 | tenant: public | md5: 07f05f4f2d4c311e873ee6367bffe433
2026-10-02 12:00:41,975|opType: publish | rt: 589ms | status: success | requestIp: null | dataId: enc.63616e7661732d666f6e74732f4c696272654261736b657276696c6c652d4f464c2e747874 | group: skill_enc.63616e7661732d64657369676e__enc.302e302e31 | tenant: public | md5: 077df2dc77ecd9ca43d6fbc15ed1c0cb
2026-10-02 12:00:41,994|opType: publish | rt: 545ms | status: success | requestIp: null | dataId: resource_tool-analysis_tool-analysis__json.json | group: agentspec__enc.626c656e6465722d6164646f6e2d656e67696e656572__enc.302e302e31 | tenant: public | md5: 692ea9276284db0d28f8becf28163f17
2026-10-02 12:00:41,994|opType: publish | rt: 575ms | status: success | requestIp: null | dataId: resource_config_SOUL__md.json | group: agentspec__enc.6175746f6d6174696f6e2d676f7665726e616e63652d617263686974656374__enc.302e302e31 | tenant: public | md5: 9583b4607ada8e146c384ac2b89410b9
2026-10-02 12:00:41,994|opType: publish | rt: 484ms | status: success | requestIp: null | dataId: resource_tool-analysis_tool-analysis__json.json | group: agentspec__enc.6175746f6d6174696f6e2d676f7665726e616e63652d617263686974656374__enc.302e302e31 | tenant: public | md5: a51e1ec51e2958cba7fa3900408186f1
2026-10-02 12:00:42,009|opType: publish | rt: 524ms | status: success | requestIp: null | dataId: resource_config_MEMORY__md.json | group: agentspec__enc.6175746f6d6174696f6e2d676f7665726e616e63652d617263686974656374__enc.302e302e31 | tenant: public | md5: 5fb372a8f6801eefb5b69d6913047101
2026-10-02 12:00:42,009|opType: publish | rt: 472ms | status: success | requestIp: null | dataId: enc.63616e7661732d666f6e74732f45726963614f6e652d4f464c2e747874 | group: skill_enc.63616e7661732d64657369676e__enc.302e302e31 | tenant: public | md5: 0312065d0003e7a4ef6a459afd7e1ccb
2026-10-02 12:00:42,010|opType: publish | rt: 447ms | status: success | requestIp: null | dataId: manifest.json | group: agentspec__enc.626c656e6465722d6164646f6e2d656e67696e656572__enc.302e302e31 | tenant: public | md5: 01e15bb036275c47254dcfa23bfb3ad7
2026-10-02 12:00:42,010|opType: publish | rt: 994ms | status: success | requestIp: null | dataId: enc.63616e7661732d666f6e74732f4f75746669742d426f6c642e747466 | group: skill_enc.63616e7661732d64657369676e__enc.302e302e31 | tenant: public | md5: 08d281bb75bea50f081d8ca8da422aaa
2026-10-02 12:00:42,010|opType: publish | rt: 726ms | status: success | requestIp: null | dataId: enc.63616e7661732d666f6e74732f576f726b53616e732d426f6c642e747466 | group: skill_enc.63616e7661732d64657369676e__enc.302e302e31 | tenant: public | md5: 4380e16da2502bde85ca2f32d24b51f2
2026-10-02 12:00:42,125|opType: publish | rt: 515ms | status: success | requestIp: null | dataId: resource_crons_jobs__json.json | group: agentspec__enc.626c656e6465722d6164646f6e2d656e67696e656572__enc.302e302e31 | tenant: public | md5: 30aee1dd25e4210e302036d65150b6f2
2026-10-02 12:00:42,205|opType: publish | rt: 449ms | status: success | requestIp: null | dataId: enc.63616e7661732d666f6e74732f4e6174696f6e616c5061726b2d4f464c2e747874 | group: skill_enc.63616e7661732d64657369676e__enc.302e302e31 | tenant: public | md5: 67073750dbf1a5d68e56c4c5ffec8f09
2026-10-02 12:00:42,238|opType: publish | rt: 549ms | status: success | requestIp: null | dataId: resource_config_MEMORY__md.json | group: agentspec__enc.626c656e6465722d6164646f6e2d656e67696e656572__enc.302e302e31 | tenant: public | md5: e110b258bbbcfaad47a1f2683fc5d624
2026-10-02 12:00:42,256|opType: publish | rt: 615ms | status: success | requestIp: null | dataId: resource_config_IDENTITY__md.json | group: agentspec__enc.626c656e6465722d6164646f6e2d656e67696e656572__enc.302e302e31 | tenant: public | md5: 5a1ae1953aca1d7139f3cd8f1e8ea443
2026-10-02 12:00:42,376|opType: publish | rt: 535ms | status: success | requestIp: null | dataId: resource_config_AGENTS__md.json | group: agentspec__enc.626c656e6465722d6164646f6e2d656e67696e656572__enc.302e302e31 | tenant: public | md5: bd14a27407a55620153b409ce48209a8
2026-10-02 12:00:42,439|opType: publish | rt: 565ms | status: success | requestIp: null | dataId: enc.63616e7661732d666f6e74732f49424d506c65784d6f6e6f2d4f464c2e747874 | group: skill_enc.63616e7661732d64657369676e__enc.302e302e31 | tenant: public | md5: 30de3a874e3399fc7b9d1bec045d3166
2026-10-02 12:00:42,485|opType: publish | rt: 690ms | status: success | requestIp: null | dataId: enc.63616e7661732d666f6e74732f4a7572612d4f464c2e747874 | group: skill_enc.63616e7661732d64657369676e__enc.302e302e31 | tenant: public | md5: 227060bfebf7bcf3f924fafa47d1237d
2026-10-02 12:00:42,519|opType: publish | rt: 928ms | status: success | requestIp: null | dataId: enc.63616e7661732d666f6e74732f4372696d736f6e50726f2d426f6c642e747466 | group: skill_enc.63616e7661732d64657369676e__enc.302e302e31 | tenant: public | md5: e775fb05324ae54e34da070a3756aa13
2026-10-02 12:00:42,620|opType: publish | rt: 1020ms | status: success | requestIp: null | dataId: enc.63616e7661732d666f6e74732f49424d506c657853657269662d4974616c69632e747466 | group: skill_enc.63616e7661732d64657369676e__enc.302e302e31 | tenant: public | md5: 270f6909f365b558307235560e24e39e
2026-10-02 12:00:42,660|opType: publish | rt: 638ms | status: success | requestIp: null | dataId: enc.63616e7661732d666f6e74732f426f6c646f6e73652d4f464c2e747874 | group: skill_enc.63616e7661732d64657369676e__enc.302e302e31 | tenant: public | md5: fd1bd9bdc739431ca190a2178b29fe2e
2026-10-02 12:00:42,771|opType: publish | rt: 678ms | status: success | requestIp: null | dataId: enc.63616e7661732d666f6e74732f596f756e6753657269662d4f464c2e747874 | group: skill_enc.63616e7661732d64657369676e__enc.302e302e31 | tenant: public | md5: fa532d4441344be225f3f46d7ce2aabf
2026-10-02 12:00:42,779|opType: publish | rt: 574ms | status: success | requestIp: null | dataId: resource_config_SOUL__md.json | group: agentspec__enc.626c656e6465722d6164646f6e2d656e67696e656572__enc.302e302e31 | tenant: public | md5: 4093ca7fdbd15613c44928a78ee9eabe
2026-10-02 12:00:42,800|opType: publish | rt: 444ms | status: success | requestIp: null | dataId: resource_config_IDENTITY__md.json | group: agentspec__enc.626c6f636b636861696e2d73656375726974792d61756469746f72__enc.302e302e31 | tenant: public | md5: ff4c2c5111d063584b438983abc82274
2026-10-02 12:00:42,800|opType: publish | rt: 648ms | status: success | requestIp: null | dataId: enc.63616e7661732d666f6e74732f417273656e616c53432d4f464c2e747874 | group: skill_enc.63616e7661732d64657369676e__enc.302e302e31 | tenant: public | md5: 6ba27859bff46d6040ce48e164b2b6b5
2026-10-02 12:00:42,800|opType: publish | rt: 1076ms | status: success | requestIp: null | dataId: enc.63616e7661732d666f6e74732f4c6f72612d4974616c69632e747466 | group: skill_enc.63616e7661732d64657369676e__enc.302e302e31 | tenant: public | md5: b179f46d14df1d226e122ae3367bb86c
2026-10-02 12:00:42,800|opType: publish | rt: 806ms | status: success | requestIp: null | dataId: enc.63616e7661732d666f6e74732f4372696d736f6e50726f2d526567756c61722e747466 | group: skill_enc.63616e7661732d64657369676e__enc.302e302e31 | tenant: public | md5: cc04e4fb6222977adaa38e97402f2ea6
2026-10-02 12:00:42,807|opType: publish | rt: 905ms | status: success | requestIp: null | dataId: enc.63616e7661732d666f6e74732f4c6f72612d526567756c61722e747466 | group: skill_enc.63616e7661732d64657369676e__enc.302e302e31 | tenant: public | md5: 455ec0ca77118688bc805ac54e189ca5
2026-10-02 12:00:42,825|opType: publish | rt: 570ms | status: success | requestIp: null | dataId: enc.63616e7661732d666f6e74732f536d6f6f636853616e732d4f464c2e747874 | group: skill_enc.63616e7661732d64657369676e__enc.302e302e31 | tenant: public | md5: da377dd00a998b32d88274b2b17c64be
2026-10-02 12:00:42,839|opType: publish | rt: 896ms | status: success | requestIp: null | dataId: enc.63616e7661732d666f6e74732f47656973744d6f6e6f2d526567756c61722e747466 | group: skill_enc.63616e7661732d64657369676e__enc.302e302e31 | tenant: public | md5: 6c814341478d29bbd0d2655dddfda92f
2026-10-02 12:00:42,853|opType: publish | rt: 567ms | status: success | requestIp: null | dataId: resource_crons_jobs__json.json | group: agentspec__enc.626c6f636b636861696e2d73656375726974792d61756469746f72__enc.302e302e31 | tenant: public | md5: ee2aaed9a80d0f0ef8e6398e084e7882
2026-10-02 12:00:42,874|opType: publish | rt: 271ms | status: success | requestIp: null | dataId: enc.7068702f636c617564652d6170692e6d64 | group: skill_enc.636c617564652d617069__enc.302e302e31 | tenant: public | md5: 514a49420c2583a5b4306a54366f701c
2026-10-02 12:00:42,886|opType: publish | rt: 433ms | status: success | requestIp: null | dataId: resource_config_AGENTS__md.json | group: agentspec__enc.626c6f636b636861696e2d73656375726974792d61756469746f72__enc.302e302e31 | tenant: public | md5: e14bd88c88d3c4ad9f453acfe93307f2
2026-10-02 12:00:42,887|opType: publish | rt: 387ms | status: success | requestIp: null | dataId: resource_config_MEMORY__md.json | group: agentspec__enc.626c6f636b636861696e2d73656375726974792d61756469746f72__enc.302e302e31 | tenant: public | md5: 1df9a9aa49e7a4154f7af42aa1d09826
2026-10-02 12:00:42,887|opType: publish | rt: 832ms | status: success | requestIp: null | dataId: enc.63616e7661732d666f6e74732f596f756e6753657269662d526567756c61722e747466 | group: skill_enc.63616e7661732d64657369676e__enc.302e302e31 | tenant: public | md5: ae467ce799ea37cfb00348d7cfbef229
2026-10-02 12:00:42,897|opType: publish | rt: 220ms | status: success | requestIp: null | dataId: resource_crons_jobs__json.json | group: agentspec__enc.636f6d706c69616e63652d61756469746f72__enc.302e302e31 | tenant: public | md5: 1bac701a42d96f3864517d8461497208
2026-10-02 12:00:42,927|opType: publish | rt: 281ms | status: success | requestIp: null | dataId: resource_config_SOUL__md.json | group: agentspec__enc.626c6f636b636861696e2d73656375726974792d61756469746f72__enc.302e302e31 | tenant: public | md5: 2f9891715f28c2678734a69d69368906
2026-10-02 12:00:42,927|opType: publish | rt: 802ms | status: success | requestIp: null | dataId: enc.63616e7661732d666f6e74732f54656b7475722d4d656469756d2e747466 | group: skill_enc.63616e7661732d64657369676e__enc.302e302e31 | tenant: public | md5: ddee36a2b2e4b6f4b156bf9a77de7d03
2026-10-02 12:00:42,928|opType: publish | rt: 350ms | status: success | requestIp: null | dataId: resource_tool-analysis_tool-analysis__json.json | group: agentspec__enc.626c6f636b636861696e2d73656375726974792d61756469746f72__enc.302e302e31 | tenant: public | md5: 324da7cf511931b54f168888b0325b20
2026-10-02 12:00:42,938|opType: publish | rt: 188ms | status: success | requestIp: null | dataId: resource_config_IDENTITY__md.json | group: agentspec__enc.636f6d706c69616e63652d61756469746f72__enc.302e302e31 | tenant: public | md5: bba5d8f878e14c4efa98c449dbd6d508
2026-10-02 12:00:42,977|opType: publish | rt: 459ms | status: success | requestIp: null | dataId: manifest.json | group: agentspec__enc.626c6f636b636861696e2d73656375726974792d61756469746f72__enc.302e302e31 | tenant: public | md5: 67adfb380a0eb0cb9ac09bbbff6a5c3e
2026-10-02 12:00:42,977|opType: publish | rt: 285ms | status: success | requestIp: null | dataId: enc.63616e7661732d666f6e74732f496e737472756d656e7453616e732d4f464c2e747874 | group: skill_enc.63616e7661732d64657369676e__enc.302e302e31 | tenant: public | md5: 35856d470a6adf5d5c4a9bcdfd659bcc
2026-10-02 12:00:42,977|opType: publish | rt: 178ms | status: success | requestIp: null | dataId: resource_tool-analysis_tool-analysis__json.json | group: agentspec__enc.636f6d706c69616e63652d61756469746f72__enc.302e302e31 | tenant: public | md5: 8bcb5bec0f8de54b6f74f7dec00f82ca
2026-10-02 12:00:42,977|opType: publish | rt: 578ms | status: success | requestIp: null | dataId: enc.63616e7661732d666f6e74732f53696c6b73637265656e2d526567756c61722e747466 | group: skill_enc.63616e7661732d64657369676e__enc.302e302e31 | tenant: public | md5: b4847e8b987effa242f20f2220356105
2026-10-02 12:00:42,990|opType: publish | rt: 123ms | status: success | requestIp: null | dataId: resource_config_IDENTITY__md.json | group: agentspec__enc.636f72706f726174652d747261696e696e672d64657369676e6572__enc.302e302e31 | tenant: public | md5: 4bf23ccf0241049b77e3d4b08dfd9bd4
2026-10-02 12:00:42,990|opType: publish | rt: 204ms | status: success | requestIp: null | dataId: manifest.json | group: agentspec__enc.636f6d706c69616e63652d61756469746f72__enc.302e302e31 | tenant: public | md5: b905c64f8149f024e7089bf6fdcf4df6
2026-10-02 12:00:42,991|opType: publish | rt: 182ms | status: success | requestIp: null | dataId: resource_config_AGENTS__md.json | group: agentspec__enc.636f6d706c69616e63652d61756469746f72__enc.302e302e31 | tenant: public | md5: 519272fd004ff44db79ff3b2a88888b2
2026-10-02 12:00:43,001|opType: publish | rt: 155ms | status: success | requestIp: null | dataId: enc.727562792f636c617564652d6170692e6d64 | group: skill_enc.636c617564652d617069__enc.302e302e31 | tenant: public | md5: 144f7c8765f9b4739165fe956c8751a8
2026-10-02 12:00:43,002|opType: publish | rt: 450ms | status: success | requestIp: null | dataId: enc.63616e7661732d666f6e74732f426f6c646f6e73652d526567756c61722e747466 | group: skill_enc.63616e7661732d64657369676e__enc.302e302e31 | tenant: public | md5: 03f0f20b1637c4023eef8f6401ba92f4
2026-10-02 12:00:43,004|opType: publish | rt: 123ms | status: success | requestIp: null | dataId: resource_crons_jobs__json.json | group: agentspec__enc.636f72706f726174652d747261696e696e672d64657369676e6572__enc.302e302e31 | tenant: public | md5: aa462d043945b827ddba2f9ac4536568
2026-10-02 12:00:43,005|opType: publish | rt: 119ms | status: success | requestIp: null | dataId: enc.747970657363726970742f636c617564652d6170692f73747265616d696e672e6d64 | group: skill_enc.636c617564652d617069__enc.302e302e31 | tenant: public | md5: 35b185829deecbff2afc688959dcd748
2026-10-02 12:00:43,005|opType: publish | rt: 180ms | status: success | requestIp: null | dataId: resource_config_SOUL__md.json | group: agentspec__enc.636f6d706c69616e63652d61756469746f72__enc.302e302e31 | tenant: public | md5: 11b0841de46e54ce3d9ae753e13541f1
2026-10-02 12:00:43,005|opType: publish | rt: 274ms | status: success | requestIp: null | dataId: enc.63616e7661732d666f6e74732f496e737472756d656e7453616e732d4974616c69632e747466 | group: skill_enc.63616e7661732d64657369676e__enc.302e302e31 | tenant: public | md5: 30723de4cd0c386c045f94a987ccff82
2026-10-02 12:00:43,005|opType: publish | rt: 443ms | status: success | requestIp: null | dataId: enc.63616e7661732d666f6e74732f496e737472756d656e7453616e732d426f6c644974616c69632e747466 | group: skill_enc.63616e7661732d64657369676e__enc.302e302e31 | tenant: public | md5: 705ed574a9563b878938916042f24621
2026-10-02 12:00:43,005|opType: publish | rt: 173ms | status: success | requestIp: null | dataId: SKILL.md | group: skill_enc.636c617564652d617069__enc.302e302e31 | tenant: public | md5: 541a3615bffa2238d76efbff4fa60d6b
2026-10-02 12:00:43,006|opType: publish | rt: 79ms | status: success | requestIp: null | dataId: resource_config_MEMORY__md.json | group: agentspec__enc.636f6d706c69616e63652d61756469746f72__enc.302e302e31 | tenant: public | md5: 966073f827c5ff2aaf5ac0afe9cc0369
2026-10-02 12:00:43,009|opType: publish | rt: 79ms | status: success | requestIp: null | dataId: resource_config_MEMORY__md.json | group: agentspec__enc.636f72706f726174652d747261696e696e672d64657369676e6572__enc.302e302e31 | tenant: public | md5: d5cc21acdd905cd0be5a90b38b2b7f39
2026-10-02 12:00:43,009|opType: publish | rt: 55ms | status: success | requestIp: null | dataId: resource_config_SOUL__md.json | group: agentspec__enc.636f72706f726174652d747261696e696e672d64657369676e6572__enc.302e302e31 | tenant: public | md5: 20d22daf4ee9861cfad7dc507dda6ee7
2026-10-02 12:00:43,011|opType: publish | rt: 29ms | status: success | requestIp: null | dataId: enc.7368617265642f70726f6d70742d63616368696e672e6d64 | group: skill_enc.636c617564652d617069__enc.302e302e31 | tenant: public | md5: 04ec307a8225dc5213492ee84dd9066b
2026-10-02 12:00:43,011|opType: publish | rt: 42ms | status: success | requestIp: null | dataId: resource_tool-analysis_tool-analysis__json.json | group: agentspec__enc.636f72706f726174652d747261696e696e672d64657369676e6572__enc.302e302e31 | tenant: public | md5: eb41a9186a2bea2985da80078927fe4a
2026-10-02 12:00:43,012|opType: publish | rt: 152ms | status: success | requestIp: null | dataId: resource_config_AGENTS__md.json | group: agentspec__enc.636f72706f726174652d747261696e696e672d64657369676e6572__enc.302e302e31 | tenant: public | md5: bee1a86266c8ecb89540b39156b38d01
2026-10-02 12:00:43,012|opType: publish | rt: 71ms | status: success | requestIp: null | dataId: manifest.json | group: agentspec__enc.636f72706f726174652d747261696e696e672d64657369676e6572__enc.302e302e31 | tenant: public | md5: 4ef331eb9497bb73143c1c317df2d42f
2026-10-02 12:00:43,014|opType: publish | rt: 18ms | status: success | requestIp: null | dataId: enc.6373686172702f636c617564652d6170692e6d64 | group: skill_enc.636c617564652d617069__enc.302e302e31 | tenant: public | md5: fcc7b57e00dbd6b9519ce66ced361c04
2026-10-02 12:00:43,016|opType: publish | rt: 13ms | status: success | requestIp: null | dataId: enc.707974686f6e2f6167656e742d73646b2f7061747465726e732e6d64 | group: skill_enc.636c617564652d617069__enc.302e302e31 | tenant: public | md5: 138db04b910560e1bc4a27c6f77d7293
2026-10-02 12:00:43,021|opType: publish | rt: 10ms | status: success | requestIp: null | dataId: LICENSE.txt | group: skill_enc.636c617564652d617069__enc.302e302e31 | tenant: public | md5: 175792518e4ac015ab6696d16c4f607e
2026-10-02 12:00:43,025|opType: publish | rt: 9ms | status: success | requestIp: null | dataId: enc.747970657363726970742f636c617564652d6170692f524541444d452e6d64 | group: skill_enc.636c617564652d617069__enc.302e302e31 | tenant: public | md5: 53d99ecab18cd1ec6a914e5f94c0a1a4
2026-10-02 12:00:43,030|opType: publish | rt: 10ms | status: success | requestIp: null | dataId: enc.747970657363726970742f6167656e742d73646b2f524541444d452e6d64 | group: skill_enc.636c617564652d617069__enc.302e302e31 | tenant: public | md5: dfe5c7b5b164fb853f19428860b93f3b
2026-10-02 12:00:43,035|opType: publish | rt: 10ms | status: success | requestIp: null | dataId: enc.747970657363726970742f636c617564652d6170692f626174636865732e6d64 | group: skill_enc.636c617564652d617069__enc.302e302e31 | tenant: public | md5: d4e2019e2a22fda2eab6c89ba47e8f4a
2026-10-02 12:00:43,039|opType: publish | rt: 9ms | status: success | requestIp: null | dataId: enc.7368617265642f6d6f64656c732e6d64 | group: skill_enc.636c617564652d617069__enc.302e302e31 | tenant: public | md5: 2c6a4e0dda1b94357e9bafbe340aa8e7
2026-10-02 12:00:43,044|opType: publish | rt: 10ms | status: success | requestIp: null | dataId: enc.707974686f6e2f636c617564652d6170692f626174636865732e6d64 | group: skill_enc.636c617564652d617069__enc.302e302e31 | tenant: public | md5: 579aac54ed7bd943691f639fd68d4852
2026-10-02 12:00:43,049|opType: publish | rt: 10ms | status: success | requestIp: null | dataId: resource_crons_jobs__json.json | group: agentspec__enc.646174612d636f6e736f6c69646174696f6e2d6167656e74__enc.302e302e31 | tenant: public | md5: cfc064d656bf5f99e1123db4f89342d9
2026-10-02 12:00:43,051|opType: publish | rt: 9ms | status: success | requestIp: null | dataId: enc.747970657363726970742f6167656e742d73646b2f7061747465726e732e6d64 | group: skill_enc.636c617564652d617069__enc.302e302e31 | tenant: public | md5: 15e1848f44e0f9d9f07755461af8e3c6
2026-10-02 12:00:43,054|opType: publish | rt: 8ms | status: success | requestIp: null | dataId: manifest.json | group: agentspec__enc.646174612d636f6e736f6c69646174696f6e2d6167656e74__enc.302e302e31 | tenant: public | md5: dafe684119dad1bb21c11dc1e0a53b48
2026-10-02 12:00:43,063|opType: publish | rt: 12ms | status: success | requestIp: null | dataId: enc.6a6176612f636c617564652d6170692e6d64 | group: skill_enc.636c617564652d617069__enc.302e302e31 | tenant: public | md5: 2bfcb34910e59c1d9609599f04317092
2026-10-02 12:00:43,075|opType: publish | rt: 10ms | status: success | requestIp: null | dataId: resource_config_IDENTITY__md.json | group: agentspec__enc.646174612d636f6e736f6c69646174696f6e2d6167656e74__enc.302e302e31 | tenant: public | md5: a3f865f11201d86a50d901ea074f02b4
2026-10-02 12:00:43,090|opType: publish | rt: 9ms | status: success | requestIp: null | dataId: enc.676f2f636c617564652d6170692e6d64 | group: skill_enc.636c617564652d617069__enc.302e302e31 | tenant: public | md5: c90c034f9dc5bf238bd415a1f5cdcf1b
2026-10-02 12:00:43,116|opType: publish | rt: 14ms | status: success | requestIp: null | dataId: resource_tool-analysis_tool-analysis__json.json | group: agentspec__enc.646174612d636f6e736f6c69646174696f6e2d6167656e74__enc.302e302e31 | tenant: public | md5: 116b459ffb271b071dbd239921bcc071
2026-10-02 12:00:43,122|opType: publish | rt: 13ms | status: success | requestIp: null | dataId: resource_config_AGENTS__md.json | group: agentspec__enc.646174612d636f6e736f6c69646174696f6e2d6167656e74__enc.302e302e31 | tenant: public | md5: 26be975a29c590aeb3831d4c3f69ca92
2026-10-02 12:00:43,126|opType: publish | rt: 10ms | status: success | requestIp: null | dataId: enc.707974686f6e2f636c617564652d6170692f524541444d452e6d64 | group: skill_enc.636c617564652d617069__enc.302e302e31 | tenant: public | md5: 9ccdadce18ceacd5090e5c850eafba9d
2026-10-02 12:00:43,129|opType: publish | rt: 10ms | status: success | requestIp: null | dataId: resource_config_SOUL__md.json | group: agentspec__enc.646174612d636f6e736f6c69646174696f6e2d6167656e74__enc.302e302e31 | tenant: public | md5: a3941d118741d22e8305b71a6799d440
2026-10-02 12:00:43,143|opType: publish | rt: 9ms | status: success | requestIp: null | dataId: enc.707974686f6e2f636c617564652d6170692f66696c65732d6170692e6d64 | group: skill_enc.636c617564652d617069__enc.302e302e31 | tenant: public | md5: 2936a192ed174fe70baf6bc4b6eba62d
2026-10-02 12:00:43,145|opType: publish | rt: 9ms | status: success | requestIp: null | dataId: resource_config_MEMORY__md.json | group: agentspec__enc.646174612d636f6e736f6c69646174696f6e2d6167656e74__enc.302e302e31 | tenant: public | md5: fd1be5e10a7750558177283952e4c389
2026-10-02 12:00:43,210|opType: publish | rt: 10ms | status: success | requestIp: null | dataId: enc.747970657363726970742f636c617564652d6170692f746f6f6c2d7573652e6d64 | group: skill_enc.636c617564652d617069__enc.302e302e31 | tenant: public | md5: ce256d56c880a741aee1db42a5caf35e
2026-10-02 12:00:43,212|opType: publish | rt: 10ms | status: success | requestIp: null | dataId: enc.747970657363726970742f636c617564652d6170692f66696c65732d6170692e6d64 | group: skill_enc.636c617564652d617069__enc.302e302e31 | tenant: public | md5: 5d926dae5a33d7625fd56f3365d5fe28
2026-10-02 12:00:43,220|opType: publish | rt: 10ms | status: success | requestIp: null | dataId: manifest.json | group: agentspec__enc.64657369676e2d6272616e642d677561726469616e__enc.302e302e31 | tenant: public | md5: 4f2c9bf2395ec5d1195365f00ea8a6d0
2026-10-02 12:00:43,225|opType: publish | rt: 10ms | status: success | requestIp: null | dataId: resource_tool-analysis_tool-analysis__json.json | group: agentspec__enc.64657369676e2d6272616e642d677561726469616e__enc.302e302e31 | tenant: public | md5: ddeb80942e8e26291842e6a9d93def39
2026-10-02 12:00:43,251|opType: publish | rt: 29ms | status: success | requestIp: null | dataId: resource_crons_jobs__json.json | group: agentspec__enc.64657369676e2d6272616e642d677561726469616e__enc.302e302e31 | tenant: public | md5: 721cb9dafe294b38c9e7b0acc267bfc8
2026-10-02 12:00:43,279|opType: publish | rt: 32ms | status: success | requestIp: null | dataId: enc.6375726c2f6578616d706c65732e6d64 | group: skill_enc.636c617564652d617069__enc.302e302e31 | tenant: public | md5: f909df14b98c6f0ec247992fc069c5f2
2026-10-02 12:00:43,288|opType: publish | rt: 56ms | status: success | requestIp: null | dataId: resource_config_IDENTITY__md.json | group: agentspec__enc.64657369676e2d6272616e642d677561726469616e__enc.302e302e31 | tenant: public | md5: e2847f69df56cd96421c576875d9e2f9
2026-10-02 12:00:43,295|opType: publish | rt: 53ms | status: success | requestIp: null | dataId: resource_config_SOUL__md.json | group: agentspec__enc.64657369676e2d6272616e642d677561726469616e__enc.302e302e31 | tenant: public | md5: 4b798bedf6812d727579b9406ee83acc
2026-10-02 12:00:43,297|opType: publish | rt: 62ms | status: success | requestIp: null | dataId: resource_config_AGENTS__md.json | group: agentspec__enc.64657369676e2d6272616e642d677561726469616e__enc.302e302e31 | tenant: public | md5: 86298e56ea212a15aaa940a5530653e9
2026-10-02 12:00:43,345|opType: publish | rt: 120ms | status: success | requestIp: null | dataId: resource_config_MEMORY__md.json | group: agentspec__enc.64657369676e2d6272616e642d677561726469616e__enc.302e302e31 | tenant: public | md5: faaff9d95df411b159ba9fe9f8685976
2026-10-02 12:00:43,368|opType: publish | rt: 101ms | status: success | requestIp: null | dataId: enc.7368617265642f6572726f722d636f6465732e6d64 | group: skill_enc.636c617564652d617069__enc.302e302e31 | tenant: public | md5: 9e6cd0a0e8411da45aac64b2f2d35983
2026-10-02 12:00:43,369|opType: publish | rt: 109ms | status: success | requestIp: null | dataId: enc.7368617265642f6c6976652d736f75726365732e6d64 | group: skill_enc.636c617564652d617069__enc.302e302e31 | tenant: public | md5: d125d3e4e6e4cfbe66efc46904069972
2026-10-02 12:00:43,374|opType: publish | rt: 87ms | status: success | requestIp: null | dataId: resource_config_SOUL__md.json | group: agentspec__enc.64657369676e2d696d6167652d70726f6d70742d656e67696e656572__enc.302e302e31 | tenant: public | md5: 0dc2ba368440c7b7cd2c604f85f13b58
2026-10-02 12:00:43,374|opType: publish | rt: 91ms | status: success | requestIp: null | dataId: manifest.json | group: agentspec__enc.64657369676e2d696d6167652d70726f6d70742d656e67696e656572__enc.302e302e31 | tenant: public | md5: b2f403b5e48185b0244f779da5f915ca
2026-10-02 12:00:43,374|opType: publish | rt: 101ms | status: success | requestIp: null | dataId: enc.707974686f6e2f636c617564652d6170692f73747265616d696e672e6d64 | group: skill_enc.636c617564652d617069__enc.302e302e31 | tenant: public | md5: 454056f566967acb17e473432dbfab2f
2026-10-02 12:00:43,379|opType: publish | rt: 36ms | status: success | requestIp: null | dataId: resource_crons_jobs__json.json | group: agentspec__enc.64657369676e2d696d6167652d70726f6d70742d656e67696e656572__enc.302e302e31 | tenant: public | md5: 8dbd4b9057c5e3e61400d5d20c445d72
2026-10-02 12:00:43,379|opType: publish | rt: 63ms | status: success | requestIp: null | dataId: SKILL.md | group: skill_enc.646f632d636f617574686f72696e67__enc.302e302e31 | tenant: public | md5: 933f901ad1280d857b0c6a46b7d2de2c
2026-10-02 12:00:43,381|opType: publish | rt: 89ms | status: success | requestIp: null | dataId: resource_config_AGENTS__md.json | group: agentspec__enc.64657369676e2d696d6167652d70726f6d70742d656e67696e656572__enc.302e302e31 | tenant: public | md5: 77a4b0603b14c6b21be5830cd8a49a45
2026-10-02 12:00:43,385|opType: publish | rt: 130ms | status: success | requestIp: null | dataId: enc.7368617265642f746f6f6c2d7573652d636f6e63657074732e6d64 | group: skill_enc.636c617564652d617069__enc.302e302e31 | tenant: public | md5: 69edee74206dc136eacb9869736f4604
2026-10-02 12:00:43,385|opType: publish | rt: 106ms | status: success | requestIp: null | dataId: enc.707974686f6e2f636c617564652d6170692f746f6f6c2d7573652e6d64 | group: skill_enc.636c617564652d617069__enc.302e302e31 | tenant: public | md5: 6a642ffbe55c511a8ac94e32efb00878
2026-10-02 12:00:43,385|opType: publish | rt: 132ms | status: success | requestIp: null | dataId: enc.707974686f6e2f6167656e742d73646b2f524541444d452e6d64 | group: skill_enc.636c617564652d617069__enc.302e302e31 | tenant: public | md5: 815b370c197d6794c3a05b37aa182793
2026-10-02 12:00:43,397|opType: publish | rt: 100ms | status: success | requestIp: null | dataId: resource_config_MEMORY__md.json | group: agentspec__enc.64657369676e2d696d6167652d70726f6d70742d656e67696e656572__enc.302e302e31 | tenant: public | md5: a597c7cf8e06ef60502ade5667ee8939
2026-10-02 12:00:43,402|opType: publish | rt: 49ms | status: success | requestIp: null | dataId: resource_config_IDENTITY__md.json | group: agentspec__enc.64657369676e2d696d6167652d70726f6d70742d656e67696e656572__enc.302e302e31 | tenant: public | md5: c5f50aea158faac2354db81e0a56eb30
2026-10-02 12:00:43,405|opType: publish | rt: 46ms | status: success | requestIp: null | dataId: SKILL.md | group: skill_enc.646f6378__enc.302e302e31 | tenant: public | md5: 234db318722c19c813cc2306f86fa5e8
2026-10-02 12:00:43,406|opType: publish | rt: 27ms | status: success | requestIp: null | dataId: enc.736372697074732f74656d706c617465732f636f6d6d656e74732e786d6c | group: skill_enc.646f6378__enc.302e302e31 | tenant: public | md5: 1887976243b7506179ad19af95f3fad4
2026-10-02 12:00:43,407|opType: publish | rt: 39ms | status: success | requestIp: null | dataId: resource_tool-analysis_tool-analysis__json.json | group: agentspec__enc.64657369676e2d696d6167652d70726f6d70742d656e67696e656572__enc.302e302e31 | tenant: public | md5: 612d5f8fb607b31788aa752f19051b1b
2026-10-02 12:00:43,408|opType: publish | rt: 24ms | status: success | requestIp: null | dataId: resource_config_IDENTITY__md.json | group: agentspec__enc.64657369676e2d696e636c75736976652d76697375616c732d7370656369616c697374__enc.302e302e31 | tenant: public | md5: 2c6666bc34ca7da81ac6f6a0de054ebb
2026-10-02 12:00:43,408|opType: publish | rt: 37ms | status: success | requestIp: null | dataId: enc.736372697074732f6f66666963652f76616c696461746f72732f5f5f696e69745f5f2e7079 | group: skill_enc.646f6378__enc.302e302e31 | tenant: public | md5: 9577920dc811fff9762a96d4095d95e5
2026-10-02 12:00:43,415|opType: publish | rt: 16ms | status: success | requestIp: null | dataId: resource_crons_jobs__json.json | group: agentspec__enc.64657369676e2d696e636c75736976652d76697375616c732d7370656369616c697374__enc.302e302e31 | tenant: public | md5: e61919c66558efc00538c21ce3a28e53
2026-10-02 12:00:43,415|opType: publish | rt: 20ms | status: success | requestIp: null | dataId: manifest.json | group: agentspec__enc.64657369676e2d696e636c75736976652d76697375616c732d7370656369616c697374__enc.302e302e31 | tenant: public | md5: a473553121b22c9cbfcbea25c7010108
2026-10-02 12:00:43,417|opType: publish | rt: 12ms | status: success | requestIp: null | dataId: enc.736372697074732f6f66666963652f736368656d61732f65636d612f666f7574682d65646974696f6e2f6f70632d6469675369672e787364 | group: skill_enc.646f6378__enc.302e302e31 | tenant: public | md5: 9d845fe13cbd7ee8526c4ad2cc6eaff4
2026-10-02 12:00:43,421|opType: publish | rt: 11ms | status: success | requestIp: null | dataId: LICENSE.txt | group: skill_enc.646f6378__enc.302e302e31 | tenant: public | md5: f8515c3694eb11622110ca76c7c15d1b
2026-10-02 12:00:43,427|opType: publish | rt: 12ms | status: success | requestIp: null | dataId: enc.736372697074732f636f6d6d656e742e7079 | group: skill_enc.646f6378__enc.302e302e31 | tenant: public | md5: 395d53e6f7465ef684ff28205dc5f9d6
2026-10-02 12:00:43,432|opType: publish | rt: 11ms | status: success | requestIp: null | dataId: enc.736372697074732f6f66666963652f736368656d61732f6d6963726f736f66742f776d6c2d6365782d323031382e787364 | group: skill_enc.646f6378__enc.302e302e31 | tenant: public | md5: 0a234e24eaab261b4faf591b9d7905fb
2026-10-02 12:00:43,485|opType: publish | rt: 13ms | status: success | requestIp: null | dataId: resource_config_SOUL__md.json | group: agentspec__enc.64657369676e2d696e636c75736976652d76697375616c732d7370656369616c697374__enc.302e302e31 | tenant: public | md5: fca5f99c100e0013f011dfa4d12cd4a9
2026-10-02 12:00:43,485|opType: publish | rt: 54ms | status: success | requestIp: null | dataId: resource_tool-analysis_tool-analysis__json.json | group: agentspec__enc.64657369676e2d696e636c75736976652d76697375616c732d7370656369616c697374__enc.302e302e31 | tenant: public | md5: e6642f6e7ac11e4085c0203e20004dd0
2026-10-02 12:00:43,486|opType: publish | rt: 44ms | status: success | requestIp: null | dataId: enc.736372697074732f74656d706c617465732f636f6d6d656e7473457874656e6465642e786d6c | group: skill_enc.646f6378__enc.302e302e31 | tenant: public | md5: 39bd651f7662a0092852156135a7d0ae
2026-10-02 12:00:43,488|opType: publish | rt: 32ms | status: success | requestIp: null | dataId: resource_config_MEMORY__md.json | group: agentspec__enc.64657369676e2d696e636c75736976652d76697375616c732d7370656369616c697374__enc.302e302e31 | tenant: public | md5: 28ec2c855edeb6b076127737b41a3a26
2026-10-02 12:00:43,520|opType: publish | rt: 40ms | status: success | requestIp: null | dataId: skill_index.json | group: skill_canvas-design | tenant: public | md5: 065dd3405a02e2f6120578ade7304cb6
2026-10-02 12:00:43,528|opType: publish | rt: 43ms | status: success | requestIp: null | dataId: enc.736372697074732f6f66666963652f76616c69646174652e7079 | group: skill_enc.646f6378__enc.302e302e31 | tenant: public | md5: 918f544445da78a3a8927aeb4b75c2f5
2026-10-02 12:00:43,537|opType: publish | rt: 47ms | status: success | requestIp: null | dataId: enc.736372697074732f6f66666963652f76616c696461746f72732f7265646c696e696e672e7079 | group: skill_enc.646f6378__enc.302e302e31 | tenant: public | md5: b2306b0d59975cfbb1325a6c2de3a771
2026-10-02 12:00:43,537|opType: publish | rt: 110ms | status: success | requestIp: null | dataId: enc.736372697074732f6f66666963652f736368656d61732f49534f2d49454332393530302d345f323031362f646d6c2d6d61696e2e787364 | group: skill_enc.646f6378__enc.302e302e31 | tenant: public | md5: 3f7ce9be7913e9b2f671973348d53c7a
2026-10-02 12:00:43,542|opType: publish | rt: 38ms | status: success | requestIp: null | dataId: enc.736372697074732f6f66666963652f736368656d61732f49534f2d49454332393530302d345f323031362f7368617265642d6d6174682e787364 | group: skill_enc.646f6378__enc.302e302e31 | tenant: public | md5: 94871ac4677c12091c74e5dd28ae7bbd
2026-10-02 12:00:43,545|opType: publish | rt: 12ms | status: success | requestIp: null | dataId: enc.736372697074732f6f66666963652f76616c696461746f72732f646f63782e7079 | group: skill_enc.646f6378__enc.302e302e31 | tenant: public | md5: dae6866b59e1066a69f7695fb106c798
2026-10-02 12:00:43,551|opType: publish | rt: 12ms | status: success | requestIp: null | dataId: resource_config_AGENTS__md.json | group: agentspec__enc.64657369676e2d696e636c75736976652d76697375616c732d7370656369616c697374__enc.302e302e31 | tenant: public | md5: 8f238f68881f690581041f845417a786
2026-10-02 12:00:43,556|opType: publish | rt: 11ms | status: success | requestIp: null | dataId: manifest.json | group: agentspec__enc.64657369676e2d75692d64657369676e6572__enc.302e302e31 | tenant: public | md5: e6aa443c2d155f2c8229b262f3b1b103
2026-10-02 12:00:43,561|opType: publish | rt: 11ms | status: success | requestIp: null | dataId: resource_config_AGENTS__md.json | group: agentspec__enc.64657369676e2d75692d64657369676e6572__enc.302e302e31 | tenant: public | md5: c449e8f88820c7056558f151a8375df4
2026-10-02 12:00:43,565|opType: publish | rt: 9ms | status: success | requestIp: null | dataId: resource_crons_jobs__json.json | group: agentspec__enc.64657369676e2d75692d64657369676e6572__enc.302e302e31 | tenant: public | md5: d244b94a15bfec64846f117d893a7712
2026-10-02 12:00:43,570|opType: publish | rt: 9ms | status: success | requestIp: null | dataId: resource_config_IDENTITY__md.json | group: agentspec__enc.64657369676e2d75692d64657369676e6572__enc.302e302e31 | tenant: public | md5: 05ed5e794d0173566bb75ae6db09dd2d
2026-10-02 12:00:43,575|opType: publish | rt: 10ms | status: success | requestIp: null | dataId: resource_tool-analysis_tool-analysis__json.json | group: agentspec__enc.64657369676e2d75692d64657369676e6572__enc.302e302e31 | tenant: public | md5: c1cb18d0fa7312c27fa6d914f065aae3
2026-10-02 12:00:43,578|opType: publish | rt: 10ms | status: success | requestIp: null | dataId: enc.736372697074732f6f66666963652f68656c706572732f6d657267655f72756e732e7079 | group: skill_enc.646f6378__enc.302e302e31 | tenant: public | md5: 50d4546be7e221a5fd8620eea68d50d9
2026-10-02 12:00:43,584|opType: publish | rt: 11ms | status: success | requestIp: null | dataId: resource_config_SOUL__md.json | group: agentspec__enc.64657369676e2d75692d64657369676e6572__enc.302e302e31 | tenant: public | md5: d01c17c2915d0ddb66671976a04f02aa
2026-10-02 12:00:43,589|opType: publish | rt: 11ms | status: success | requestIp: null | dataId: manifest.json | group: agentspec__enc.64657369676e2d75782d617263686974656374__enc.302e302e31 | tenant: public | md5: 339ee0d145ff346c5c127a4e9bfcde42
2026-10-02 12:00:43,594|opType: publish | rt: 13ms | status: success | requestIp: null | dataId: enc.736372697074732f6f66666963652f736368656d61732f49534f2d49454332393530302d345f323031362f766d6c2d737072656164736865657444726177696e672e787364 | group: skill_enc.646f6378__enc.302e302e31 | tenant: public | md5: f35f25b251fc0c301476cbbbc4919beb
2026-10-02 12:00:43,597|opType: publish | rt: 11ms | status: success | requestIp: null | dataId: resource_config_MEMORY__md.json | group: agentspec__enc.64657369676e2d75692d64657369676e6572__enc.302e302e31 | tenant: public | md5: 826bec03f4cc07f3aa84688c9852f97e
2026-10-02 12:00:43,602|opType: publish | rt: 10ms | status: success | requestIp: null | dataId: enc.736372697074732f6f66666963652f68656c706572732f73696d706c6966795f7265646c696e65732e7079 | group: skill_enc.646f6378__enc.302e302e31 | tenant: public | md5: 27067501a5bad066bd22891d8b6ee040
2026-10-02 12:00:43,636|opType: publish | rt: 39ms | status: success | requestIp: null | dataId: resource_crons_jobs__json.json | group: agentspec__enc.64657369676e2d75782d617263686974656374__enc.302e302e31 | tenant: public | md5: 298c0c874d174061998afa267562be8a
2026-10-02 12:00:43,648|opType: publish | rt: 46ms | status: success | requestIp: null | dataId: enc.736372697074732f6f66666963652f736368656d61732f49534f2d49454332393530302d345f323031362f646d6c2d737072656164736865657444726177696e672e787364 | group: skill_enc.646f6378__enc.302e302e31 | tenant: public | md5: bc7e1640a33e0ca1f35cb2016510e916
2026-10-02 12:00:43,654|opType: publish | rt: 19ms | status: success | requestIp: null | dataId: enc.736372697074732f6f66666963652f736368656d61732f49534f2d49454332393530302d345f323031362f7368617265642d646f63756d656e7450726f7065727469657356617269616e7454797065732e787364 | group: skill_enc.646f6378__enc.302e302e31 | tenant: public | md5: 7ed294c27d928394b5ff651d8823bd4d
2026-10-02 12:00:43,736|opType: publish | rt: 87ms | status: success | requestIp: null | dataId: resource_config_IDENTITY__md.json | group: agentspec__enc.64657369676e2d75782d617263686974656374__enc.302e302e31 | tenant: public | md5: 2190ffdb56fa7258d357e36ce55be206
2026-10-02 12:00:43,772|opType: publish | rt: 118ms | status: success | requestIp: null | dataId: resource_config_AGENTS__md.json | group: agentspec__enc.64657369676e2d75782d617263686974656374__enc.302e302e31 | tenant: public | md5: be84747ec8cf6d18a1a99a4bbd9f6652
2026-10-02 12:00:43,779|opType: publish | rt: 117ms | status: success | requestIp: null | dataId: resource_tool-analysis_tool-analysis__json.json | group: agentspec__enc.64657369676e2d75782d617263686974656374__enc.302e302e31 | tenant: public | md5: b64a262c4e2eaf9bb34a561abf78920d
2026-10-02 12:00:43,819|opType: publish | rt: 89ms | status: success | requestIp: null | dataId: enc.736372697074732f6f66666963652f736368656d61732f49534f2d49454332393530302d345f323031362f766d6c2d6f666669636544726177696e672e787364 | group: skill_enc.646f6378__enc.302e302e31 | tenant: public | md5: 62f39f988b634ef2c0a1e3a5281e1aa0
2026-10-02 12:00:43,825|opType: publish | rt: 146ms | status: success | requestIp: null | dataId: enc.736372697074732f6f66666963652f736368656d61732f49534f2d49454332393530302d345f323031362f7368617265642d637573746f6d586d6c4461746150726f706572746965732e787364 | group: skill_enc.646f6378__enc.302e302e31 | tenant: public | md5: 0278c442a2adb1385c420446bdbd3449
2026-10-02 12:00:43,832|opType: publish | rt: 125ms | status: success | requestIp: null | dataId: resource_config_MEMORY__md.json | group: agentspec__enc.64657369676e2d75782d617263686974656374__enc.302e302e31 | tenant: public | md5: a14aa7a90fe73d1c9c8e9cf3f4735c19
2026-10-02 12:00:43,832|opType: publish | rt: 168ms | status: success | requestIp: null | dataId: enc.736372697074732f5f5f696e69745f5f2e7079 | group: skill_enc.646f6378__enc.302e302e31 | tenant: public | md5: 68b329da9893e34099c7d8ad5cb9c940
2026-10-02 12:00:43,841|opType: publish | rt: 120ms | status: success | requestIp: null | dataId: skill_index.json | group: skill_claude-api | tenant: public | md5: 28bc55e39ae0193f86c8b09df0c9c870
2026-10-02 12:00:43,841|opType: publish | rt: 147ms | status: success | requestIp: null | dataId: skill_index.json | group: skill_doc-coauthoring | tenant: public | md5: a954ba25a6022882637d1312aa486859
2026-10-02 12:00:43,842|opType: publish | rt: 183ms | status: success | requestIp: null | dataId: enc.736372697074732f6f66666963652f736368656d61732f49534f2d49454332393530302d345f323031362f646d6c2d6469616772616d2e787364 | group: skill_enc.646f6378__enc.302e302e31 | tenant: public | md5: 3ff59abd71c4b9033f19161311558ab7
2026-10-02 12:00:43,842|opType: publish | rt: 204ms | status: success | requestIp: null | dataId: enc.736372697074732f6f66666963652f736368656d61732f49534f2d49454332393530302d345f323031362f736d6c2e787364 | group: skill_enc.646f6378__enc.302e302e31 | tenant: public | md5: 27515244005c4c4c0ebf3fae286a9b5a
2026-10-02 12:00:43,845|opType: publish | rt: 90ms | status: success | requestIp: null | dataId: resource_config_SOUL__md.json | group: agentspec__enc.64657369676e2d75782d617263686974656374__enc.302e302e31 | tenant: public | md5: 93f9d91637cf94d67fb873bdf4a266f6
2026-10-02 12:00:43,846|opType: publish | rt: 96ms | status: success | requestIp: null | dataId: resource_tool-analysis_tool-analysis__json.json | group: agentspec__enc.64657369676e2d75782d72657365617263686572__enc.302e302e31 | tenant: public | md5: ff4d714a4c6aff62e8c4915a84a86f96
2026-10-02 12:00:43,882|opType: publish | rt: 138ms | status: success | requestIp: null | dataId: enc.736372697074732f6f66666963652f736368656d61732f49534f2d49454332393530302d345f323031362f646d6c2d6c6f636b656443616e7661732e787364 | group: skill_enc.646f6378__enc.302e302e31 | tenant: public | md5: d0683e2176f2251b64e5c68e1c375cd1
2026-10-02 12:00:43,885|opType: publish | rt: 126ms | status: success | requestIp: null | dataId: enc.736372697074732f6f66666963652f736368656d61732f6d6963726f736f66742f776d6c2d323031302e787364 | group: skill_enc.646f6378__enc.302e302e31 | tenant: public | md5: 48d648797b801f851d23d8a5ac1190f2
2026-10-02 12:00:43,885|opType: publish | rt: 80ms | status: success | requestIp: null | dataId: enc.736372697074732f6f66666963652f736368656d61732f49534f2d49454332393530302d345f323031362f766d6c2d70726573656e746174696f6e44726177696e672e787364 | group: skill_enc.646f6378__enc.302e302e31 | tenant: public | md5: bd5fa09957c72c11b83a84f3892e1497
2026-10-02 12:00:43,898|opType: publish | rt: 126ms | status: success | requestIp: null | dataId: resource_config_IDENTITY__md.json | group: agentspec__enc.64657369676e2d75782d72657365617263686572__enc.302e302e31 | tenant: public | md5: 17d0591be4c5ef94d865812c4f5444b8
2026-10-02 12:00:43,899|opType: publish | rt: 114ms | status: success | requestIp: null | dataId: enc.736372697074732f6f66666963652f736368656d61732f65636d612f666f7574682d65646974696f6e2f6f70632d636f6e74656e7454797065732e787364 | group: skill_enc.646f6378__enc.302e302e31 | tenant: public | md5: 21ff9fc266194914ad84b29aa19e7018
2026-10-02 12:00:43,939|opType: publish | rt: 94ms | status: success | requestIp: null | dataId: enc.736372697074732f6f66666963652f736368656d61732f6d63652f6d632e787364 | group: skill_enc.646f6378__enc.302e302e31 | tenant: public | md5: 52e5cccc1ae03c37874236bb470527d5
2026-10-02 12:00:43,939|opType: publish | rt: 107ms | status: success | requestIp: null | dataId: manifest.json | group: agentspec__enc.64657369676e2d75782d72657365617263686572__enc.302e302e31 | tenant: public | md5: a0f1280c76d1b0078e73d49a5293577d
2026-10-02 12:00:43,949|opType: publish | rt: 71ms | status: success | requestIp: null | dataId: enc.736372697074732f74656d706c617465732f636f6d6d656e7473457874656e7369626c652e786d6c | group: skill_enc.646f6378__enc.302e302e31 | tenant: public | md5: e5fe57c24b0b6896e7df8ed92984e923
2026-10-02 12:00:43,970|opType: publish | rt: 78ms | status: success | requestIp: null | dataId: resource_crons_jobs__json.json | group: agentspec__enc.64657369676e2d75782d72657365617263686572__enc.302e302e31 | tenant: public | md5: 3b2dcf258990c9c435534a34bf535f63
2026-10-02 12:00:43,970|opType: publish | rt: 87ms | status: success | requestIp: null | dataId: resource_config_SOUL__md.json | group: agentspec__enc.64657369676e2d75782d72657365617263686572__enc.302e302e31 | tenant: public | md5: 976eb8295035e85ed03c057963dd0c19
2026-10-02 12:00:43,983|opType: publish | rt: 44ms | status: success | requestIp: null | dataId: resource_config_MEMORY__md.json | group: agentspec__enc.64657369676e2d75782d72657365617263686572__enc.302e302e31 | tenant: public | md5: 4285c7ff7ca2a4a3524ee41ec55514cb
2026-10-02 12:00:43,983|opType: publish | rt: 64ms | status: success | requestIp: null | dataId: enc.736372697074732f6f66666963652f736368656d61732f49534f2d49454332393530302d345f323031362f7368617265642d646f63756d656e7450726f70657274696573457874656e6465642e787364 | group: skill_enc.646f6378__enc.302e302e31 | tenant: public | md5: bf137503133653b6cac5d82209e65908
2026-10-02 12:00:44,025|opType: publish | rt: 81ms | status: success | requestIp: null | dataId: enc.736372697074732f6f66666963652f736368656d61732f49534f2d49454332393530302d345f323031362f7368617265642d636f6d6d6f6e53696d706c6554797065732e787364 | group: skill_enc.646f6378__enc.302e302e31 | tenant: public | md5: 8467bfda5ef339eb1df6652185d65ec9
2026-10-02 12:00:44,037|opType: publish | rt: 89ms | status: success | requestIp: null | dataId: enc.736372697074732f6163636570745f6368616e6765732e7079 | group: skill_enc.646f6378__enc.302e302e31 | tenant: public | md5: ddbb446842e4c03d128aa950c2d9cde4
2026-10-02 12:00:44,037|opType: publish | rt: 132ms | status: success | requestIp: null | dataId: resource_config_AGENTS__md.json | group: agentspec__enc.64657369676e2d75782d72657365617263686572__enc.302e302e31 | tenant: public | md5: 41ee442784b8d2d525bc4e01ed46ccf4
2026-10-02 12:00:44,038|opType: publish | rt: 104ms | status: success | requestIp: null | dataId: enc.736372697074732f6f66666963652f736368656d61732f65636d612f666f7574682d65646974696f6e2f6f70632d72656c6174696f6e73686970732e787364 | group: skill_enc.646f6378__enc.302e302e31 | tenant: public | md5: 83c1e2da90194b600688463398a125fd
2026-10-02 12:00:44,040|opType: publish | rt: 81ms | status: success | requestIp: null | dataId: enc.736372697074732f6f66666963652f736368656d61732f6d6963726f736f66742f776d6c2d323031382e787364 | group: skill_enc.646f6378__enc.302e302e31 | tenant: public | md5: ba27663e14790ebbc5dd39ce48caf670
2026-10-02 12:00:44,046|opType: publish | rt: 205ms | status: success | requestIp: null | dataId: enc.736372697074732f6f66666963652f736368656d61732f49534f2d49454332393530302d345f323031362f776d6c2e787364 | group: skill_enc.646f6378__enc.302e302e31 | tenant: public | md5: ba74a726d54fae2b2af6cbf3e45a0ac7
2026-10-02 12:00:44,082|opType: publish | rt: 129ms | status: success | requestIp: null | dataId: enc.736372697074732f6f66666963652f76616c696461746f72732f626173652e7079 | group: skill_enc.646f6378__enc.302e302e31 | tenant: public | md5: fd8b4f0bf6c070363709936542cecc3b
2026-10-02 12:00:44,089|opType: publish | rt: 119ms | status: success | requestIp: null | dataId: enc.736372697074732f6f66666963652f68656c706572732f5f5f696e69745f5f2e7079 | group: skill_enc.646f6378__enc.302e302e31 | tenant: public | md5: d41d8cd98f00b204e9800998ecf8427e
2026-10-02 12:00:44,090|opType: publish | rt: 53ms | status: success | requestIp: null | dataId: resource_config_SOUL__md.json | group: agentspec__enc.64657369676e2d76697375616c2d73746f727974656c6c6572__enc.302e302e31 | tenant: public | md5: 62896347b2ae6a9d9f19a30b5c086a44
2026-10-02 12:00:44,091|opType: publish | rt: 95ms | status: success | requestIp: null | dataId: resource_tool-analysis_tool-analysis__json.json | group: agentspec__enc.64657369676e2d76697375616c2d73746f727974656c6c6572__enc.302e302e31 | tenant: public | md5: d8cbb31b8d0cc8a7a7d68b08a876b0d9
2026-10-02 12:00:44,092|opType: publish | rt: 109ms | status: success | requestIp: null | dataId: manifest.json | group: agentspec__enc.64657369676e2d76697375616c2d73746f727974656c6c6572__enc.302e302e31 | tenant: public | md5: 44fe625abfe917233dc938990729ae9f
2026-10-02 12:00:44,091|opType: publish | rt: 127ms | status: success | requestIp: null | dataId: enc.736372697074732f6f66666963652f736368656d61732f49534f2d49454332393530302d345f323031362f766d6c2d6d61696e2e787364 | group: skill_enc.646f6378__enc.302e302e31 | tenant: public | md5: 26a8d3552ba20d6ae290eaca673361ce
2026-10-02 12:00:44,095|opType: publish | rt: 70ms | status: success | requestIp: null | dataId: resource_config_AGENTS__md.json | group: agentspec__enc.64657369676e2d76697375616c2d73746f727974656c6c6572__enc.302e302e31 | tenant: public | md5: d72f747e4c84fe6c0f8b7cac327d17b9
2026-10-02 12:00:44,111|opType: publish | rt: 94ms | status: success | requestIp: null | dataId: enc.736372697074732f6f66666963652f736368656d61732f6d6963726f736f66742f776d6c2d323031322e787364 | group: skill_enc.646f6378__enc.302e302e31 | tenant: public | md5: 5510865fe8f0ccbe3c8b58b359973ef1
2026-10-02 12:00:44,112|opType: publish | rt: 65ms | status: success | requestIp: null | dataId: resource_config_IDENTITY__md.json | group: agentspec__enc.64657369676e2d7768696d73792d696e6a6563746f72__enc.302e302e31 | tenant: public | md5: f1f5ff804e4595dfbd96a7d220025c35
2026-10-02 12:00:44,116|opType: publish | rt: 26ms | status: success | requestIp: null | dataId: enc.736372697074732f6f66666963652f736368656d61732f49534f2d49454332393530302d345f323031362f646d6c2d706963747572652e787364 | group: skill_enc.646f6378__enc.302e302e31 | tenant: public | md5: b4dd1b964ecce7e2a425b022068a556d
2026-10-02 12:00:44,122|opType: publish | rt: 28ms | status: success | requestIp: null | dataId: resource_config_MEMORY__md.json | group: agentspec__enc.64657369676e2d76697375616c2d73746f727974656c6c6572__enc.302e302e31 | tenant: public | md5: 093b1b298f51d09ab07cf03ce3dfc73c
2026-10-02 12:00:44,128|opType: publish | rt: 14ms | status: success | requestIp: null | dataId: resource_crons_jobs__json.json | group: agentspec__enc.64657369676e2d76697375616c2d73746f727974656c6c6572__enc.302e302e31 | tenant: public | md5: 61f00651a4c7160ccde8f198d25d5a8b
2026-10-02 12:00:44,143|opType: publish | rt: 24ms | status: success | requestIp: null | dataId: resource_config_IDENTITY__md.json | group: agentspec__enc.64657369676e2d76697375616c2d73746f727974656c6c6572__enc.302e302e31 | tenant: public | md5: 0de9c2a2dbe67ee695928f2c1a370029
2026-10-02 12:00:44,151|opType: publish | rt: 23ms | status: success | requestIp: null | dataId: resource_crons_jobs__json.json | group: agentspec__enc.64657369676e2d7768696d73792d696e6a6563746f72__enc.302e302e31 | tenant: public | md5: e409b6d16c3a15833848c1571788b641
2026-10-02 12:00:44,151|opType: publish | rt: 27ms | status: success | requestIp: null | dataId: resource_tool-analysis_tool-analysis__json.json | group: agentspec__enc.64657369676e2d7768696d73792d696e6a6563746f72__enc.302e302e31 | tenant: public | md5: ae4e886f445058b1ae92ccb1cb570c5c
2026-10-02 12:00:44,159|opType: publish | rt: 16ms | status: success | requestIp: null | dataId: manifest.json | group: agentspec__enc.64657369676e2d7768696d73792d696e6a6563746f72__enc.302e302e31 | tenant: public | md5: 5befa211241ea2d92857e71691d19925
2026-10-02 12:00:44,162|opType: publish | rt: 13ms | status: success | requestIp: null | dataId: resource_config_MEMORY__md.json | group: agentspec__enc.64657369676e2d7768696d73792d696e6a6563746f72__enc.302e302e31 | tenant: public | md5: c022f91c68e4e162c851f2c0ad9a5c44
2026-10-02 12:00:44,168|opType: publish | rt: 12ms | status: success | requestIp: null | dataId: resource_config_AGENTS__md.json | group: agentspec__enc.64657369676e2d7768696d73792d696e6a6563746f72__enc.302e302e31 | tenant: public | md5: 69ef68853d2333abaa9e40969b87871d
2026-10-02 12:00:44,174|opType: publish | rt: 13ms | status: success | requestIp: null | dataId: enc.736372697074732f6f66666963652f736368656d61732f49534f2d49454332393530302d345f323031362f766d6c2d776f726470726f63657373696e6744726177696e672e787364 | group: skill_enc.646f6378__enc.302e302e31 | tenant: public | md5: c29beb5dc90ef8c039e836911187520f
2026-10-02 12:00:44,180|opType: publish | rt: 13ms | status: success | requestIp: null | dataId: resource_config_SOUL__md.json | group: agentspec__enc.64657369676e2d7768696d73792d696e6a6563746f72__enc.302e302e31 | tenant: public | md5: c7786c0c473e9ab4b5bc334776d3b0f9
2026-10-02 12:00:44,186|opType: publish | rt: 13ms | status: success | requestIp: null | dataId: enc.736372697074732f6f66666963652f736368656d61732f6d6963726f736f66742f776d6c2d6369642d323031362e787364 | group: skill_enc.646f6378__enc.302e302e31 | tenant: public | md5: f9316c6180c204756fb142d0bdf2bee5
2026-10-02 12:00:44,192|opType: publish | rt: 13ms | status: success | requestIp: null | dataId: enc.736372697074732f6f66666963652f736368656d61732f6d6963726f736f66742f776d6c2d73796d65782d323031352e787364 | group: skill_enc.646f6378__enc.302e302e31 | tenant: public | md5: 4ea8bf7142ea3eccb435d2acfcc60b65
2026-10-02 12:00:44,246|opType: publish | rt: 61ms | status: success | requestIp: null | dataId: enc.736372697074732f6f66666963652f736368656d61732f49534f2d49454332393530302d345f323031362f646d6c2d776f726470726f63657373696e6744726177696e672e787364 | group: skill_enc.646f6378__enc.302e302e31 | tenant: public | md5: 88236935634cef10ea1229528daa8645
2026-10-02 12:00:44,253|opType: publish | rt: 62ms | status: success | requestIp: null | dataId: enc.736372697074732f74656d706c617465732f636f6d6d656e74734964732e786d6c | group: skill_enc.646f6378__enc.302e302e31 | tenant: public | md5: 99667a7995de3e683cf7f9997dd18113
2026-10-02 12:00:44,266|opType: publish | rt: 21ms | status: success | requestIp: null | dataId: enc.736372697074732f6f66666963652f736368656d61732f49534f2d49454332393530302d345f323031362f7368617265642d72656c6174696f6e736869705265666572656e63652e787364 | group: skill_enc.646f6378__enc.302e302e31 | tenant: public | md5: cfb685beb25d462b1c790c922834b348
2026-10-02 12:00:44,270|opType: publish | rt: 21ms | status: success | requestIp: null | dataId: enc.736372697074732f6f66666963652f736368656d61732f49534f2d49454332393530302d345f323031362f646d6c2d636861727444726177696e672e787364 | group: skill_enc.646f6378__enc.302e302e31 | tenant: public | md5: 26413166ffa3dd438e2d46dfa8e9c876
2026-10-02 12:00:44,308|opType: publish | rt: 42ms | status: success | requestIp: null | dataId: enc.736372697074732f6f66666963652f736368656d61732f49534f2d49454332393530302d345f323031362f7368617265642d646f63756d656e7450726f70657274696573437573746f6d2e787364 | group: skill_enc.646f6378__enc.302e302e31 | tenant: public | md5: 2becf9493c5347ace32a2cf0cbf73edc
2026-10-02 12:00:44,356|opType: publish | rt: 72ms | status: success | requestIp: null | dataId: resource_tool-analysis_tool-analysis__json.json | group: agentspec__enc.656e67696e656572696e672d61692d646174612d72656d6564696174696f6e2d656e67696e656572__enc.302e302e31 | tenant: public | md5: 8db6701efb5ea34c983dc43dc8ec8b0c
2026-10-02 12:00:44,356|opType: publish | rt: 99ms | status: success | requestIp: null | dataId: enc.736372697074732f6f66666963652f736368656d61732f49534f2d49454332393530302d345f323031362f646d6c2d63686172742e787364 | group: skill_enc.646f6378__enc.302e302e31 | tenant: public | md5: ed49aff7a09c146a38ab39b0b065089f
2026-10-02 12:00:44,377|opType: publish | rt: 76ms | status: success | requestIp: null | dataId: enc.736372697074732f6f66666963652f756e7061636b2e7079 | group: skill_enc.646f6378__enc.302e302e31 | tenant: public | md5: 345c1b6a0ea7ca37e2019c2491db5fd9
2026-10-02 12:00:44,378|opType: publish | rt: 68ms | status: success | requestIp: null | dataId: resource_crons_jobs__json.json | group: agentspec__enc.656e67696e656572696e672d61692d646174612d72656d6564696174696f6e2d656e67696e656572__enc.302e302e31 | tenant: public | md5: d72f4916827a896f8c45db92537be4b3
2026-10-02 12:00:44,390|opType: publish | rt: 74ms | status: success | requestIp: null | dataId: manifest.json | group: agentspec__enc.656e67696e656572696e672d61692d646174612d72656d6564696174696f6e2d656e67696e656572__enc.302e302e31 | tenant: public | md5: 444f0b04f8d5ceb72189f685b7b599b6
2026-10-02 12:00:44,399|opType: publish | rt: 33ms | status: success | requestIp: null | dataId: resource_config_AGENTS__md.json | group: agentspec__enc.656e67696e656572696e672d61692d646174612d72656d6564696174696f6e2d656e67696e656572__enc.302e302e31 | tenant: public | md5: 3459ce8b0deb9c2a6ed1970d3091fdb8
2026-10-02 12:00:44,399|opType: publish | rt: 40ms | status: success | requestIp: null | dataId: resource_config_MEMORY__md.json | group: agentspec__enc.656e67696e656572696e672d61692d646174612d72656d6564696174696f6e2d656e67696e656572__enc.302e302e31 | tenant: public | md5: e14f86edcc9f37cf8014f539acc0abfe
2026-10-02 12:00:44,401|opType: publish | rt: 72ms | status: success | requestIp: null | dataId: enc.736372697074732f6f66666963652f736368656d61732f49534f2d49454332393530302d345f323031362f7368617265642d637573746f6d586d6c536368656d6150726f706572746965732e787364 | group: skill_enc.646f6378__enc.302e302e31 | tenant: public | md5: 55271a568bfb03eedd9098960f5974cf
2026-10-02 12:00:44,404|opType: publish | rt: 26ms | status: success | requestIp: null | dataId: resource_config_IDENTITY__md.json | group: agentspec__enc.656e67696e656572696e672d61692d646174612d72656d6564696174696f6e2d656e67696e656572__enc.302e302e31 | tenant: public | md5: 3dcf11a683c110c3c971bbd58b6aef96
2026-10-02 12:00:44,404|opType: publish | rt: 31ms | status: success | requestIp: null | dataId: resource_config_SOUL__md.json | group: agentspec__enc.656e67696e656572696e672d61692d646174612d72656d6564696174696f6e2d656e67696e656572__enc.302e302e31 | tenant: public | md5: 958240f09552acb6e3b63d15d2f03647
2026-10-02 12:00:44,406|opType: publish | rt: 59ms | status: success | requestIp: null | dataId: enc.736372697074732f6f66666963652f736368656d61732f49534f2d49454332393530302d345f323031362f7368617265642d6269626c696f6772617068792e787364 | group: skill_enc.646f6378__enc.302e302e31 | tenant: public | md5: 1c0ef0ccbbc7b08bf6f8f8263a0b8d64
2026-10-02 12:00:44,435|opType: publish | rt: 45ms | status: success | requestIp: null | dataId: resource_crons_jobs__json.json | group: agentspec__enc.656e67696e656572696e672d61692d656e67696e656572__enc.302e302e31 | tenant: public | md5: 18d970e4c99629e61519623d49e4d457
2026-10-02 12:00:44,463|opType: publish | rt: 62ms | status: success | requestIp: null | dataId: enc.736372697074732f6f66666963652f736f66666963652e7079 | group: skill_enc.646f6378__enc.302e302e31 | tenant: public | md5: 080c37e6f18963f350dda51d922c9f06
2026-10-02 12:00:44,468|opType: publish | rt: 57ms | status: success | requestIp: null | dataId: enc.736372697074732f6f66666963652f76616c696461746f72732f707074782e7079 | group: skill_enc.646f6378__enc.302e302e31 | tenant: public | md5: 95836f2ecb3e53862b1d166d0a11e255
2026-10-02 12:00:44,474|opType: publish | rt: 79ms | status: success | requestIp: null | dataId: enc.736372697074732f6f66666963652f736368656d61732f49534f2d49454332393530302d345f323031362f7368617265642d6164646974696f6e616c4368617261637465726973746963732e787364 | group: skill_enc.646f6378__enc.302e302e31 | tenant: public | md5: 6f6dbf54c9d51ce4a0ee7c4cdab14a25
2026-10-02 12:00:44,500|opType: publish | rt: 66ms | status: success | requestIp: null | dataId: resource_config_IDENTITY__md.json | group: agentspec__enc.656e67696e656572696e672d61692d656e67696e656572__enc.302e302e31 | tenant: public | md5: d9c326cee09ef81ed289fdc847ee23ff
2026-10-02 12:00:44,501|opType: publish | rt: 74ms | status: success | requestIp: null | dataId: manifest.json | group: agentspec__enc.656e67696e656572696e672d61692d656e67696e656572__enc.302e302e31 | tenant: public | md5: 8f5d542cd9ee1e99f7ad83dfe2d46631
2026-10-02 12:00:44,501|opType: publish | rt: 117ms | status: success | requestIp: null | dataId: enc.736372697074732f6f66666963652f736368656d61732f49534f2d49454332393530302d345f323031362f706d6c2e787364 | group: skill_enc.646f6378__enc.302e302e31 | tenant: public | md5: e4e1024cca691dab04a1964a13e34639
2026-10-02 12:00:44,508|opType: publish | rt: 45ms | status: success | requestIp: null | dataId: enc.736372697074732f6f66666963652f736368656d61732f49534f2d49454332393530302d345f323031362f786d6c2e787364 | group: skill_enc.646f6378__enc.302e302e31 | tenant: public | md5: d535ef9799e2bdadb51d7be270d51053
2026-10-02 12:00:44,514|opType: publish | rt: 108ms | status: success | requestIp: null | dataId: enc.736372697074732f6f66666963652f736368656d61732f65636d612f666f7574682d65646974696f6e2f6f70632d636f726550726f706572746965732e787364 | group: skill_enc.646f6378__enc.302e302e31 | tenant: public | md5: f3c84be92899c191b3c7a4fd2e9b6490
2026-10-02 12:00:44,515|opType: publish | rt: 57ms | status: success | requestIp: null | dataId: resource_config_SOUL__md.json | group: agentspec__enc.656e67696e656572696e672d61692d656e67696e656572__enc.302e302e31 | tenant: public | md5: 5db473d68c766761507de97ebdf38671
2026-10-02 12:00:44,515|opType: publish | rt: 18ms | status: success | requestIp: null | dataId: SKILL.md | group: skill_enc.66726f6e74656e642d64657369676e__enc.302e302e31 | tenant: public | md5: 7a73ab092f5c8638198f63c45056643c
2026-10-02 12:00:44,517|opType: publish | rt: 75ms | status: success | requestIp: null | dataId: enc.736372697074732f6f66666963652f736368656d61732f6d6963726f736f66742f776d6c2d73647464617461686173682d323032302e787364 | group: skill_enc.646f6378__enc.302e302e31 | tenant: public | md5: f9730efba946ebaf9c2ac771c6135505
2026-10-02 12:00:44,521|opType: publish | rt: 37ms | status: success | requestIp: null | dataId: resource_tool-analysis_tool-analysis__json.json | group: agentspec__enc.656e67696e656572696e672d61692d656e67696e656572__enc.302e302e31 | tenant: public | md5: ec69d22e68b779a635b021fcfeb16848
2026-10-02 12:00:44,521|opType: publish | rt: 47ms | status: success | requestIp: null | dataId: resource_config_AGENTS__md.json | group: agentspec__enc.656e67696e656572696e672d61692d656e67696e656572__enc.302e302e31 | tenant: public | md5: f2f4dedb1c95e508b1f2071db603d0b5
2026-10-02 12:00:44,526|opType: publish | rt: 24ms | status: success | requestIp: null | dataId: resource_config_MEMORY__md.json | group: agentspec__enc.656e67696e656572696e672d61692d656e67696e656572__enc.302e302e31 | tenant: public | md5: c9888434ce2895bf06b43b9ee5329cc8
2026-10-02 12:00:44,526|opType: publish | rt: 58ms | status: success | requestIp: null | dataId: enc.736372697074732f6f66666963652f7061636b2e7079 | group: skill_enc.646f6378__enc.302e302e31 | tenant: public | md5: 20d61f93e874fd961122dd0da9de7898
2026-10-02 12:00:44,528|opType: publish | rt: 20ms | status: success | requestIp: null | dataId: enc.736372697074732f74656d706c617465732f70656f706c652e786d6c | group: skill_enc.646f6378__enc.302e302e31 | tenant: public | md5: 3cb770bd46cfdccaf676ca24839736a0
2026-10-02 12:00:44,531|opType: publish | rt: 17ms | status: success | requestIp: null | dataId: LICENSE.txt | group: skill_enc.66726f6e74656e642d64657369676e__enc.302e302e31 | tenant: public | md5: 2ee41112a44fe7014dce33e26468ba93
2026-10-02 12:00:44,531|opType: publish | rt: 11ms | status: success | requestIp: null | dataId: manifest.json | group: agentspec__enc.656e67696e656572696e672d6175746f6e6f6d6f75732d6f7074696d697a6174696f6e2d617263686974656374__enc.302e302e31 | tenant: public | md5: 63c1e74b432c927b75de61efd4f9b307
2026-10-02 12:00:44,536|opType: publish | rt: 10ms | status: success | requestIp: null | dataId: resource_tool-analysis_tool-analysis__json.json | group: agentspec__enc.656e67696e656572696e672d6175746f6e6f6d6f75732d6f7074696d697a6174696f6e2d617263686974656374__enc.302e302e31 | tenant: public | md5: 9a03f8359261cf57edeb819402ede22a
2026-10-02 12:00:44,542|opType: publish | rt: 11ms | status: success | requestIp: null | dataId: resource_config_MEMORY__md.json | group: agentspec__enc.656e67696e656572696e672d6175746f6e6f6d6f75732d6f7074696d697a6174696f6e2d617263686974656374__enc.302e302e31 | tenant: public | md5: e5839a6d0cc2fb3a5c1b70b9e8ef07f2
2026-10-02 12:00:44,548|opType: publish | rt: 12ms | status: success | requestIp: null | dataId: resource_crons_jobs__json.json | group: agentspec__enc.656e67696e656572696e672d6175746f6e6f6d6f75732d6f7074696d697a6174696f6e2d617263686974656374__enc.302e302e31 | tenant: public | md5: 85d5d55ef52bdb61579090fde8ba5559
2026-10-02 12:00:44,553|opType: publish | rt: 11ms | status: success | requestIp: null | dataId: resource_config_SOUL__md.json | group: agentspec__enc.656e67696e656572696e672d6175746f6e6f6d6f75732d6f7074696d697a6174696f6e2d617263686974656374__enc.302e302e31 | tenant: public | md5: 4998d72ee8fcaf925dbb0452c75031e1
2026-10-02 12:00:44,559|opType: publish | rt: 11ms | status: success | requestIp: null | dataId: resource_config_AGENTS__md.json | group: agentspec__enc.656e67696e656572696e672d6175746f6e6f6d6f75732d6f7074696d697a6174696f6e2d617263686974656374__enc.302e302e31 | tenant: public | md5: 5f7a5add96e2976b5ec20a29b199b349
2026-10-02 12:00:44,564|opType: publish | rt: 12ms | status: success | requestIp: null | dataId: resource_config_IDENTITY__md.json | group: agentspec__enc.656e67696e656572696e672d6175746f6e6f6d6f75732d6f7074696d697a6174696f6e2d617263686974656374__enc.302e302e31 | tenant: public | md5: 7b859f8a29baf3b106381b04bdddcf8f
2026-10-02 12:00:44,569|opType: publish | rt: 11ms | status: success | requestIp: null | dataId: SKILL.md | group: skill_enc.696e7465726e616c2d636f6d6d73__enc.302e302e31 | tenant: public | md5: 9340b7e81b38cabc3ca2a6619b9a616d
2026-10-02 12:00:44,576|opType: publish | rt: 12ms | status: success | requestIp: null | dataId: enc.6578616d706c65732f67656e6572616c2d636f6d6d732e6d64 | group: skill_enc.696e7465726e616c2d636f6d6d73__enc.302e302e31 | tenant: public | md5: bdc6cf6bc1fad20a52a4662d430dcaf8
2026-10-02 12:00:44,585|opType: publish | rt: 16ms | status: success | requestIp: null | dataId: enc.6578616d706c65732f636f6d70616e792d6e6577736c65747465722e6d64 | group: skill_enc.696e7465726e616c2d636f6d6d73__enc.302e302e31 | tenant: public | md5: 6f97d1001ca99c1ef2db92ebe58e41eb
2026-10-02 12:00:44,593|opType: publish | rt: 18ms | status: success | requestIp: null | dataId: enc.6578616d706c65732f6661712d616e73776572732e6d64 | group: skill_enc.696e7465726e616c2d636f6d6d73__enc.302e302e31 | tenant: public | md5: 8765c9c2ac0f0f56c8690df4583a9643
2026-10-02 12:00:44,597|opType: publish | rt: 17ms | status: success | requestIp: null | dataId: manifest.json | group: agentspec__enc.656e67696e656572696e672d6261636b656e642d617263686974656374__enc.302e302e31 | tenant: public | md5: 8acf2cba50965484b042555cbec33334
2026-10-02 12:00:44,606|opType: publish | rt: 17ms | status: success | requestIp: null | dataId: SKILL.md | group: skill_enc.6d63702d6275696c646572__enc.302e302e31 | tenant: public | md5: d20f560a23fbc58b17cfcf00d911e0a8
2026-10-02 12:00:44,614|opType: publish | rt: 17ms | status: success | requestIp: null | dataId: resource_crons_jobs__json.json | group: agentspec__enc.656e67696e656572696e672d6261636b656e642d617263686974656374__enc.302e302e31 | tenant: public | md5: 2ed912c3375e651e57d52001df0e31d6
2026-10-02 12:00:44,623|opType: publish | rt: 18ms | status: success | requestIp: null | dataId: LICENSE.txt | group: skill_enc.696e7465726e616c2d636f6d6d73__enc.302e302e31 | tenant: public | md5: 175792518e4ac015ab6696d16c4f607e
2026-10-02 12:00:44,631|opType: publish | rt: 17ms | status: success | requestIp: null | dataId: enc.6578616d706c65732f33702d757064617465732e6d64 | group: skill_enc.696e7465726e616c2d636f6d6d73__enc.302e302e31 | tenant: public | md5: acf74437a9e65edced3d56dd9ee63722
2026-10-02 12:00:44,644|opType: publish | rt: 21ms | status: success | requestIp: null | dataId: enc.7265666572656e63652f707974686f6e5f6d63705f7365727665722e6d64 | group: skill_enc.6d63702d6275696c646572__enc.302e302e31 | tenant: public | md5: af767546b4697efbb7348f5c06a6b071
2026-10-02 12:00:44,652|opType: publish | rt: 21ms | status: success | requestIp: null | dataId: enc.7265666572656e63652f6576616c756174696f6e2e6d64 | group: skill_enc.6d63702d6275696c646572__enc.302e302e31 | tenant: public | md5: 4aa903da7d9c289eb167dce2747140f2
2026-10-02 12:00:44,660|opType: publish | rt: 17ms | status: success | requestIp: null | dataId: resource_config_IDENTITY__md.json | group: agentspec__enc.656e67696e656572696e672d6261636b656e642d617263686974656374__enc.302e302e31 | tenant: public | md5: 08998f9241919b5156a51d0463848337
2026-10-02 12:00:44,674|opType: publish | rt: 22ms | status: success | requestIp: null | dataId: resource_tool-analysis_tool-analysis__json.json | group: agentspec__enc.656e67696e656572696e672d6261636b656e642d617263686974656374__enc.302e302e31 | tenant: public | md5: 4e66ca79a6bc0e93a23a7db6fcc87d1d
2026-10-02 12:00:44,705|opType: publish | rt: 45ms | status: success | requestIp: null | dataId: resource_config_SOUL__md.json | group: agentspec__enc.656e67696e656572696e672d6261636b656e642d617263686974656374__enc.302e302e31 | tenant: public | md5: 79b631c6bee9300a2e5b21a325109309
2026-10-02 12:00:44,724|opType: publish | rt: 42ms | status: success | requestIp: null | dataId: enc.736372697074732f636f6e6e656374696f6e732e7079 | group: skill_enc.6d63702d6275696c646572__enc.302e302e31 | tenant: public | md5: 577a5757c0f687ad4a84eb48eac9d514
2026-10-02 12:00:44,725|opType: publish | rt: 52ms | status: success | requestIp: null | dataId: resource_config_AGENTS__md.json | group: agentspec__enc.656e67696e656572696e672d6261636b656e642d617263686974656374__enc.302e302e31 | tenant: public | md5: 4135451f4891f2c55c64809e24109dd8
2026-10-02 12:00:44,761|opType: publish | rt: 59ms | status: success | requestIp: null | dataId: resource_config_MEMORY__md.json | group: agentspec__enc.656e67696e656572696e672d6261636b656e642d617263686974656374__enc.302e302e31 | tenant: public | md5: 192ee7b5727a95e7a6bf0815d071c123
2026-10-02 12:00:44,793|opType: publish | rt: 68ms | status: success | requestIp: null | dataId: enc.7265666572656e63652f6e6f64655f6d63705f7365727665722e6d64 | group: skill_enc.6d63702d6275696c646572__enc.302e302e31 | tenant: public | md5: 214713cb0cfdf6ea4aa8eda85e2c6959
2026-10-02 12:00:44,811|opType: publish | rt: 51ms | status: success | requestIp: null | dataId: manifest.json | group: agentspec__enc.656e67696e656572696e672d636f64652d7265766965776572__enc.302e302e31 | tenant: public | md5: bb17776ef9e59e58b48ca55dbe14bdc4
2026-10-02 12:00:44,828|opType: publish | rt: 39ms | status: success | requestIp: null | dataId: resource_crons_jobs__json.json | group: agentspec__enc.656e67696e656572696e672d636f64652d7265766965776572__enc.302e302e31 | tenant: public | md5: a019fc9545bb61415dda58073162fc12
2026-10-02 12:00:44,894|opType: publish | rt: 86ms | status: success | requestIp: null | dataId: enc.7265666572656e63652f6d63705f626573745f7072616374696365732e6d64 | group: skill_enc.6d63702d6275696c646572__enc.302e302e31 | tenant: public | md5: e7cd50e7527877687efebcd3877e3e9a
2026-10-02 12:00:44,899|opType: publish | rt: 72ms | status: success | requestIp: null | dataId: enc.736372697074732f6576616c756174696f6e2e7079 | group: skill_enc.6d63702d6275696c646572__enc.302e302e31 | tenant: public | md5: 78d39ae57d97d49295872ef1a04cfd20
2026-10-02 12:00:44,914|opType: publish | rt: 68ms | status: success | requestIp: null | dataId: LICENSE.txt | group: skill_enc.6d63702d6275696c646572__enc.302e302e31 | tenant: public | md5: 175792518e4ac015ab6696d16c4f607e
2026-10-02 12:00:44,924|opType: publish | rt: 31ms | status: success | requestIp: null | dataId: enc.736372697074732f6578616d706c655f6576616c756174696f6e2e786d6c | group: skill_enc.6d63702d6275696c646572__enc.302e302e31 | tenant: public | md5: 7573fa9dc397ed81e21c168eeeae5c87
2026-10-02 12:00:44,932|opType: publish | rt: 71ms | status: success | requestIp: null | dataId: resource_config_IDENTITY__md.json | group: agentspec__enc.656e67696e656572696e672d636f64652d7265766965776572__enc.302e302e31 | tenant: public | md5: 4cf439b4c63233aed4d2dcbcae1b137b
2026-10-02 12:00:44,933|opType: publish | rt: 37ms | status: success | requestIp: null | dataId: resource_tool-analysis_tool-analysis__json.json | group: agentspec__enc.656e67696e656572696e672d636f64652d7265766965776572__enc.302e302e31 | tenant: public | md5: fa84123db59b34cd50ae8cde96a040fb
2026-10-02 12:00:44,942|opType: publish | rt: 35ms | status: success | requestIp: null | dataId: resource_config_AGENTS__md.json | group: agentspec__enc.656e67696e656572696e672d636f64652d7265766965776572__enc.302e302e31 | tenant: public | md5: 1ef6d9753f8a22eaa6a5dd1e45c534bc
2026-10-02 12:00:44,942|opType: publish | rt: 41ms | status: success | requestIp: null | dataId: enc.736372697074732f726571756972656d656e74732e747874 | group: skill_enc.6d63702d6275696c646572__enc.302e302e31 | tenant: public | md5: 3ec2de45c75cadfbf997821049c09fbd
2026-10-02 12:00:44,953|opType: publish | rt: 39ms | status: success | requestIp: null | dataId: resource_config_MEMORY__md.json | group: agentspec__enc.656e67696e656572696e672d636f64652d7265766965776572__enc.302e302e31 | tenant: public | md5: b20728d98435513b433672b3cc22a404
2026-10-02 12:00:44,953|opType: publish | rt: 30ms | status: success | requestIp: null | dataId: resource_config_AGENTS__md.json | group: agentspec__enc.656e67696e656572696e672d646174612d656e67696e656572__enc.302e302e31 | tenant: public | md5: 308c3b0e07940df5ae865753622a5d7d
2026-10-02 12:00:44,958|opType: publish | rt: 26ms | status: success | requestIp: null | dataId: manifest.json | group: agentspec__enc.656e67696e656572696e672d646174612d656e67696e656572__enc.302e302e31 | tenant: public | md5: 25b06f4f9357be37d281929a5a18c54f
2026-10-02 12:00:44,963|opType: publish | rt: 21ms | status: success | requestIp: null | dataId: resource_config_SOUL__md.json | group: agentspec__enc.656e67696e656572696e672d636f64652d7265766965776572__enc.302e302e31 | tenant: public | md5: deba424aeeaaf01ff905a43b1bd74692
2026-10-02 12:00:44,973|opType: publish | rt: 20ms | status: success | requestIp: null | dataId: skill_index.json | group: skill_frontend-design | tenant: public | md5: 313ccb20c3edc957127437be5c8b22c9
2026-10-02 12:00:44,982|opType: publish | rt: 19ms | status: success | requestIp: null | dataId: resource_config_IDENTITY__md.json | group: agentspec__enc.656e67696e656572696e672d646174612d656e67696e656572__enc.302e302e31 | tenant: public | md5: b33cca842cf5e2daa95b1e05bf438a27
2026-10-02 12:00:44,987|opType: publish | rt: 14ms | status: success | requestIp: null | dataId: skill_index.json | group: skill_docx | tenant: public | md5: 6568964d7a9e88c173db056fd9ecdd15
2026-10-02 12:00:44,993|opType: publish | rt: 12ms | status: success | requestIp: null | dataId: resource_config_MEMORY__md.json | group: agentspec__enc.656e67696e656572696e672d646174612d656e67696e656572__enc.302e302e31 | tenant: public | md5: bf8f5d9bc9719d9552cc355219d1213b
2026-10-02 12:00:45,000|opType: publish | rt: 14ms | status: success | requestIp: null | dataId: resource_tool-analysis_tool-analysis__json.json | group: agentspec__enc.656e67696e656572696e672d646174612d656e67696e656572__enc.302e302e31 | tenant: public | md5: c0ff8218b6de4c55671b0c52253651e9
2026-10-02 12:00:45,011|opType: publish | rt: 19ms | status: success | requestIp: null | dataId: resource_crons_jobs__json.json | group: agentspec__enc.656e67696e656572696e672d646174612d656e67696e656572__enc.302e302e31 | tenant: public | md5: ca544f74f67d8974d4bac697d8b6259f
2026-10-02 12:00:45,012|opType: publish | rt: 12ms | status: success | requestIp: null | dataId: resource_config_SOUL__md.json | group: agentspec__enc.656e67696e656572696e672d646174612d656e67696e656572__enc.302e302e31 | tenant: public | md5: bcb52b271a71a83d0b9811fd0c48edb3
2026-10-02 12:00:45,026|opType: publish | rt: 15ms | status: success | requestIp: null | dataId: resource_tool-analysis_tool-analysis__json.json | group: agentspec__enc.656e67696e656572696e672d64617461626173652d6f7074696d697a6572__enc.302e302e31 | tenant: public | md5: 75ea6d2be525e38e81586d699e37ff3e
2026-10-02 12:00:45,027|opType: publish | rt: 15ms | status: success | requestIp: null | dataId: resource_crons_jobs__json.json | group: agentspec__enc.656e67696e656572696e672d64617461626173652d6f7074696d697a6572__enc.302e302e31 | tenant: public | md5: ca6d1aafed1f47279fc1ae0a5ac5e0fb
2026-10-02 12:00:45,029|opType: publish | rt: 14ms | status: success | requestIp: null | dataId: resource_config_SOUL__md.json | group: agentspec__enc.656e67696e656572696e672d64617461626173652d6f7074696d697a6572__enc.302e302e31 | tenant: public | md5: 0a31266e097672f9d3ec1f13246eedb3
2026-10-02 12:00:45,035|opType: publish | rt: 12ms | status: success | requestIp: null | dataId: manifest.json | group: agentspec__enc.656e67696e656572696e672d64617461626173652d6f7074696d697a6572__enc.302e302e31 | tenant: public | md5: 00d0b9b19c3587c9dbeef18f52883f01
2026-10-02 12:00:45,040|opType: publish | rt: 11ms | status: success | requestIp: null | dataId: resource_config_MEMORY__md.json | group: agentspec__enc.656e67696e656572696e672d64617461626173652d6f7074696d697a6572__enc.302e302e31 | tenant: public | md5: 707c0cbd1f99ce03a5b2042e2aabffaf
2026-10-02 12:00:45,043|opType: publish | rt: 11ms | status: success | requestIp: null | dataId: manifest.json | group: agentspec__enc.656e67696e656572696e672d6465766f70732d6175746f6d61746f72__enc.302e302e31 | tenant: public | md5: ace061bad28f4ea82086a138d960f53a
2026-10-02 12:00:45,049|opType: publish | rt: 12ms | status: success | requestIp: null | dataId: resource_config_IDENTITY__md.json | group: agentspec__enc.656e67696e656572696e672d64617461626173652d6f7074696d697a6572__enc.302e302e31 | tenant: public | md5: afda5842640c2948a5795f96a5682b3c
2026-10-02 12:00:45,054|opType: publish | rt: 12ms | status: success | requestIp: null | dataId: resource_config_AGENTS__md.json | group: agentspec__enc.656e67696e656572696e672d64617461626173652d6f7074696d697a6572__enc.302e302e31 | tenant: public | md5: 4c4b2ed14ec73c80d1ea04c0b5346ac0
2026-10-02 12:00:45,057|opType: publish | rt: 11ms | status: success | requestIp: null | dataId: skill_index.json | group: skill_internal-comms | tenant: public | md5: a70e5d30f3c7b9c03dd6c6610f7ae933
2026-10-02 12:00:45,061|opType: publish | rt: 10ms | status: success | requestIp: null | dataId: resource_config_IDENTITY__md.json | group: agentspec__enc.656e67696e656572696e672d6465766f70732d6175746f6d61746f72__enc.302e302e31 | tenant: public | md5: fb4986cf5b904a64d717f0ceb4447d43
2026-10-02 12:00:45,068|opType: publish | rt: 12ms | status: success | requestIp: null | dataId: resource_crons_jobs__json.json | group: agentspec__enc.656e67696e656572696e672d6465766f70732d6175746f6d61746f72__enc.302e302e31 | tenant: public | md5: 095f612bfdecb88b3e042c86a7bec823
2026-10-02 12:00:45,150|opType: publish | rt: 10ms | status: success | requestIp: null | dataId: resource_tool-analysis_tool-analysis__json.json | group: agentspec__enc.656e67696e656572696e672d6465766f70732d6175746f6d61746f72__enc.302e302e31 | tenant: public | md5: 6e76b24e88efb25ff3e9e6c52887b480
2026-10-02 12:00:45,152|opType: publish | rt: 9ms | status: success | requestIp: null | dataId: resource_config_AGENTS__md.json | group: agentspec__enc.656e67696e656572696e672d6465766f70732d6175746f6d61746f72__enc.302e302e31 | tenant: public | md5: 3688ae96c74cb79f70e1c1f9dc2347c6
2026-10-02 12:00:45,162|opType: publish | rt: 10ms | status: success | requestIp: null | dataId: resource_config_SOUL__md.json | group: agentspec__enc.656e67696e656572696e672d6465766f70732d6175746f6d61746f72__enc.302e302e31 | tenant: public | md5: ab2743e3bb01bc4cd0c44198a4fb7b52
2026-10-02 12:00:45,169|opType: publish | rt: 9ms | status: success | requestIp: null | dataId: skill_index.json | group: skill_mcp-builder | tenant: public | md5: b6a3cf18f729416be8834b40bfa8d63c
2026-10-02 12:00:45,174|opType: publish | rt: 10ms | status: success | requestIp: null | dataId: resource_config_MEMORY__md.json | group: agentspec__enc.656e67696e656572696e672d6465766f70732d6175746f6d61746f72__enc.302e302e31 | tenant: public | md5: 6a354fa9b45c347e03328de741af1959
2026-10-02 12:00:45,193|opType: publish | rt: 10ms | status: success | requestIp: null | dataId: manifest.json | group: agentspec__enc.656e67696e656572696e672d64696e6774616c6b2d696e746567726174696f6e2d646576656c6f706572__enc.302e302e31 | tenant: public | md5: a8bc5020999d60767e459c8be4245691
2026-10-02 12:00:45,199|opType: publish | rt: 11ms | status: success | requestIp: null | dataId: resource_config_IDENTITY__md.json | group: agentspec__enc.656e67696e656572696e672d64696e6774616c6b2d696e746567726174696f6e2d646576656c6f706572__enc.302e302e31 | tenant: public | md5: 8f61f921ccfa4a97333e2c558715c305
2026-10-02 12:00:45,204|opType: publish | rt: 11ms | status: success | requestIp: null | dataId: resource_crons_jobs__json.json | group: agentspec__enc.656e67696e656572696e672d64696e6774616c6b2d696e746567726174696f6e2d646576656c6f706572__enc.302e302e31 | tenant: public | md5: 3e167c138ebd5ec74605bea1ae4037b6
2026-10-02 12:00:45,226|opType: publish | rt: 25ms | status: success | requestIp: null | dataId: enc.736372697074732f636f6e766572745f7064665f746f5f696d616765732e7079 | group: skill_enc.706466__enc.302e302e31 | tenant: public | md5: 0c65904b96ebb8af6f15851dbb6da239
2026-10-02 12:00:45,244|opType: publish | rt: 33ms | status: success | requestIp: null | dataId: enc.736372697074732f657874726163745f666f726d5f7374727563747572652e7079 | group: skill_enc.706466__enc.302e302e31 | tenant: public | md5: 1fa3730b44fd5511fc986887842962dd
2026-10-02 12:00:45,253|opType: publish | rt: 37ms | status: success | requestIp: null | dataId: forms.md | group: skill_enc.706466__enc.302e302e31 | tenant: public | md5: 17def1f9054156caec43e0db22dfeb2d
2026-10-02 12:00:45,254|opType: publish | rt: 51ms | status: success | requestIp: null | dataId: SKILL.md | group: skill_enc.706466__enc.302e302e31 | tenant: public | md5: 094b9fc758c0bc1f5d6d4431561ba696
2026-10-02 12:00:45,260|opType: publish | rt: 21ms | status: success | requestIp: null | dataId: enc.736372697074732f66696c6c5f7064665f666f726d5f776974685f616e6e6f746174696f6e732e7079 | group: skill_enc.706466__enc.302e302e31 | tenant: public | md5: f9d6c389c69edf3494a995c48c6739ab
2026-10-02 12:00:45,261|opType: publish | rt: 36ms | status: success | requestIp: null | dataId: enc.736372697074732f636865636b5f66696c6c61626c655f6669656c64732e7079 | group: skill_enc.706466__enc.302e302e31 | tenant: public | md5: f4ac456f3f0450da2fff366725e095ba
2026-10-02 12:00:45,265|opType: publish | rt: 12ms | status: success | requestIp: null | dataId: enc.736372697074732f66696c6c5f66696c6c61626c655f6669656c64732e7079 | group: skill_enc.706466__enc.302e302e31 | tenant: public | md5: 85f9da2696f510337ed36030d13e1c5e
2026-10-02 12:00:45,265|opType: publish | rt: 45ms | status: success | requestIp: null | dataId: enc.736372697074732f657874726163745f666f726d5f6669656c645f696e666f2e7079 | group: skill_enc.706466__enc.302e302e31 | tenant: public | md5: 0b70a14d41ead20e387bd87f007d6b66
2026-10-02 12:00:45,265|opType: publish | rt: 21ms | status: success | requestIp: null | dataId: enc.736372697074732f6f66666963652f736368656d61732f65636d612f666f7574682d65646974696f6e2f6f70632d6469675369672e787364 | group: skill_enc.70707478__enc.302e302e31 | tenant: public | md5: 9d845fe13cbd7ee8526c4ad2cc6eaff4
2026-10-02 12:00:45,266|opType: publish | rt: 32ms | status: success | requestIp: null | dataId: enc.736372697074732f6372656174655f76616c69646174696f6e5f696d6167652e7079 | group: skill_enc.706466__enc.302e302e31 | tenant: public | md5: 858ffa552d1963e1d46e0391d45d518d
2026-10-02 12:00:45,266|opType: publish | rt: 34ms | status: success | requestIp: null | dataId: LICENSE.txt | group: skill_enc.706466__enc.302e302e31 | tenant: public | md5: f8515c3694eb11622110ca76c7c15d1b
2026-10-02 12:00:45,267|opType: publish | rt: 19ms | status: success | requestIp: null | dataId: reference.md | group: skill_enc.706466__enc.302e302e31 | tenant: public | md5: c98b5ac274243622da3712daa2f859f5
2026-10-02 12:00:45,275|opType: publish | rt: 15ms | status: success | requestIp: null | dataId: enc.736372697074732f636865636b5f626f756e64696e675f626f7865732e7079 | group: skill_enc.706466__enc.302e302e31 | tenant: public | md5: f221feb172d30a7ab90583b17ce7b4b0
2026-10-02 12:00:45,279|opType: publish | rt: 14ms | status: success | requestIp: null | dataId: resource_tool-analysis_tool-analysis__json.json | group: agentspec__enc.656e67696e656572696e672d64696e6774616c6b2d696e746567726174696f6e2d646576656c6f706572__enc.302e302e31 | tenant: public | md5: 492ee95a9f5302f4128a54df491fa294
2026-10-02 12:00:45,283|opType: publish | rt: 13ms | status: success | requestIp: null | dataId: SKILL.md | group: skill_enc.70707478__enc.302e302e31 | tenant: public | md5: 2ab25772526edbe6549960ead453a3b3
2026-10-02 12:00:45,288|opType: publish | rt: 13ms | status: success | requestIp: null | dataId: enc.736372697074732f636c65616e2e7079 | group: skill_enc.70707478__enc.302e302e31 | tenant: public | md5: 802144f24fd71f6893f19e6bff48ac45
2026-10-02 12:00:45,288|opType: publish | rt: 9ms | status: success | requestIp: null | dataId: enc.736372697074732f6f66666963652f76616c696461746f72732f5f5f696e69745f5f2e7079 | group: skill_enc.70707478__enc.302e302e31 | tenant: public | md5: 9577920dc811fff9762a96d4095d95e5
2026-10-02 12:00:45,297|opType: publish | rt: 14ms | status: success | requestIp: null | dataId: enc.736372697074732f6f66666963652f736368656d61732f6d6963726f736f66742f776d6c2d6365782d323031382e787364 | group: skill_enc.70707478__enc.302e302e31 | tenant: public | md5: 0a234e24eaab261b4faf591b9d7905fb
2026-10-02 12:00:45,305|opType: publish | rt: 17ms | status: success | requestIp: null | dataId: LICENSE.txt | group: skill_enc.70707478__enc.302e302e31 | tenant: public | md5: f8515c3694eb11622110ca76c7c15d1b
2026-10-02 12:00:45,311|opType: publish | rt: 14ms | status: success | requestIp: null | dataId: enc.736372697074732f6f66666963652f76616c696461746f72732f7265646c696e696e672e7079 | group: skill_enc.70707478__enc.302e302e31 | tenant: public | md5: b2306b0d59975cfbb1325a6c2de3a771
2026-10-02 12:00:45,312|opType: publish | rt: 19ms | status: success | requestIp: null | dataId: resource_config_AGENTS__md.json | group: agentspec__enc.656e67696e656572696e672d64696e6774616c6b2d696e746567726174696f6e2d646576656c6f706572__enc.302e302e31 | tenant: public | md5: 2135052b9004fc580cf47e22b1b91623
2026-10-02 12:00:45,354|opType: publish | rt: 43ms | status: success | requestIp: null | dataId: editing.md | group: skill_enc.70707478__enc.302e302e31 | tenant: public | md5: 639f560d8c7d3eab2f0408796473ff8b
2026-10-02 12:00:45,358|opType: publish | rt: 42ms | status: success | requestIp: null | dataId: enc.736372697074732f6f66666963652f736368656d61732f49534f2d49454332393530302d345f323031362f7368617265642d6d6174682e787364 | group: skill_enc.70707478__enc.302e302e31 | tenant: public | md5: 94871ac4677c12091c74e5dd28ae7bbd
2026-10-02 12:00:45,372|opType: publish | rt: 42ms | status: success | requestIp: null | dataId: resource_config_MEMORY__md.json | group: agentspec__enc.656e67696e656572696e672d64696e6774616c6b2d696e746567726174696f6e2d646576656c6f706572__enc.302e302e31 | tenant: public | md5: 1aa77d885fee393c75b479b043689c82
2026-10-02 12:00:45,372|opType: publish | rt: 29ms | status: success | requestIp: null | dataId: manifest.json | group: agentspec__enc.656e67696e656572696e672d656d6265646465642d6669726d776172652d656e67696e656572__enc.302e302e31 | tenant: public | md5: 85e5307616ef4dbae77241908eb774ec
2026-10-02 12:00:45,448|opType: publish | rt: 97ms | status: success | requestIp: null | dataId: resource_config_SOUL__md.json | group: agentspec__enc.656e67696e656572696e672d64696e6774616c6b2d696e746567726174696f6e2d646576656c6f706572__enc.302e302e31 | tenant: public | md5: 92c5575c2f8ef70a9335a24b0179a495
2026-10-02 12:00:45,449|opType: publish | rt: 144ms | status: success | requestIp: null | dataId: enc.736372697074732f6f66666963652f736368656d61732f49534f2d49454332393530302d345f323031362f646d6c2d6d61696e2e787364 | group: skill_enc.70707478__enc.302e302e31 | tenant: public | md5: 3f7ce9be7913e9b2f671973348d53c7a
2026-10-02 12:00:45,449|opType: publish | rt: 93ms | status: success | requestIp: null | dataId: resource_crons_jobs__json.json | group: agentspec__enc.656e67696e656572696e672d656d6265646465642d6669726d776172652d656e67696e656572__enc.302e302e31 | tenant: public | md5: 4a7a351c41ba7e27b81f38e5d32e1d81
2026-10-02 12:00:45,453|opType: publish | rt: 9ms | status: success | requestIp: null | dataId: resource_config_MEMORY__md.json | group: agentspec__enc.656e67696e656572696e672d656d6265646465642d6669726d776172652d656e67696e656572__enc.302e302e31 | tenant: public | md5: 82994283eb9a30bc1d5f7bcd90a62634
2026-10-02 12:00:45,453|opType: publish | rt: 82ms | status: success | requestIp: null | dataId: resource_config_IDENTITY__md.json | group: agentspec__enc.656e67696e656572696e672d656d6265646465642d6669726d776172652d656e67696e656572__enc.302e302e31 | tenant: public | md5: 767859bef87aca4b6913f2f76c69e970
2026-10-02 12:00:45,453|opType: publish | rt: 65ms | status: success | requestIp: null | dataId: resource_config_AGENTS__md.json | group: agentspec__enc.656e67696e656572696e672d656d6265646465642d6669726d776172652d656e67696e656572__enc.302e302e31 | tenant: public | md5: a8520091678b59e7efe007059e3d90ab
2026-10-02 12:00:45,454|opType: publish | rt: 93ms | status: success | requestIp: null | dataId: resource_tool-analysis_tool-analysis__json.json | group: agentspec__enc.656e67696e656572696e672d656d6265646465642d6669726d776172652d656e67696e656572__enc.302e302e31 | tenant: public | md5: cc19e9cd20574a9b5f5d8d95951e308b
2026-10-02 12:00:45,458|opType: publish | rt: 10ms | status: success | requestIp: null | dataId: manifest.json | group: agentspec__enc.656e67696e656572696e672d656d6265646465642d6c696e75782d6472697665722d656e67696e656572__enc.302e302e31 | tenant: public | md5: 8f81d362d147e5504609581b54eb6062
2026-10-02 12:00:45,462|opType: publish | rt: 9ms | status: success | requestIp: null | dataId: resource_tool-analysis_tool-analysis__json.json | group: agentspec__enc.656e67696e656572696e672d656d6265646465642d6c696e75782d6472697665722d656e67696e656572__enc.302e302e31 | tenant: public | md5: 5077fec75873357be69b7ad514f3ad65
2026-10-02 12:00:45,467|opType: publish | rt: 9ms | status: success | requestIp: null | dataId: resource_config_SOUL__md.json | group: agentspec__enc.656e67696e656572696e672d656d6265646465642d6669726d776172652d656e67696e656572__enc.302e302e31 | tenant: public | md5: de17054563ba0f2403ca9fc2ce0a1c5f
2026-10-02 12:00:45,471|opType: publish | rt: 9ms | status: success | requestIp: null | dataId: resource_config_IDENTITY__md.json | group: agentspec__enc.656e67696e656572696e672d656d6265646465642d6c696e75782d6472697665722d656e67696e656572__enc.302e302e31 | tenant: public | md5: 5c4a5da2989958937c1c0dafde059c93
2026-10-02 12:00:45,476|opType: publish | rt: 9ms | status: success | requestIp: null | dataId: resource_crons_jobs__json.json | group: agentspec__enc.656e67696e656572696e672d656d6265646465642d6c696e75782d6472697665722d656e67696e656572__enc.302e302e31 | tenant: public | md5: a35896bde8502ecb6475503cf91c5b46
2026-10-02 12:00:45,484|opType: publish | rt: 13ms | status: success | requestIp: null | dataId: resource_config_SOUL__md.json | group: agentspec__enc.656e67696e656572696e672d656d6265646465642d6c696e75782d6472697665722d656e67696e656572__enc.302e302e31 | tenant: public | md5: e6dd94d7cc1f21bded974f5e7252456a
2026-10-02 12:00:45,484|opType: publish | rt: 9ms | status: success | requestIp: null | dataId: enc.736372697074732f6f66666963652f76616c69646174652e7079 | group: skill_enc.70707478__enc.302e302e31 | tenant: public | md5: 918f544445da78a3a8927aeb4b75c2f5
2026-10-02 12:00:45,493|opType: publish | rt: 13ms | status: success | requestIp: null | dataId: enc.736372697074732f6f66666963652f736368656d61732f49534f2d49454332393530302d345f323031362f766d6c2d737072656164736865657444726177696e672e787364 | group: skill_enc.70707478__enc.302e302e31 | tenant: public | md5: f35f25b251fc0c301476cbbbc4919beb
2026-10-02 12:00:45,497|opType: publish | rt: 13ms | status: success | requestIp: null | dataId: resource_config_AGENTS__md.json | group: agentspec__enc.656e67696e656572696e672d656d6265646465642d6c696e75782d6472697665722d656e67696e656572__enc.302e302e31 | tenant: public | md5: 1f9f996572d832a4b654dc0321099310
2026-10-02 12:00:45,497|opType: publish | rt: 9ms | status: success | requestIp: null | dataId: resource_config_MEMORY__md.json | group: agentspec__enc.656e67696e656572696e672d656d6265646465642d6c696e75782d6472697665722d656e67696e656572__enc.302e302e31 | tenant: public | md5: 417555544ce0ce6b7ea8a0fe8051632b
2026-10-02 12:00:45,505|opType: publish | rt: 12ms | status: success | requestIp: null | dataId: enc.736372697074732f6f66666963652f76616c696461746f72732f646f63782e7079 | group: skill_enc.70707478__enc.302e302e31 | tenant: public | md5: dae6866b59e1066a69f7695fb106c798
2026-10-02 12:00:45,510|opType: publish | rt: 13ms | status: success | requestIp: null | dataId: resource_crons_jobs__json.json | group: agentspec__enc.656e67696e656572696e672d6665697368752d696e746567726174696f6e2d646576656c6f706572__enc.302e302e31 | tenant: public | md5: 7093d6a8a2034ea734b190ba1b4dc0a9
2026-10-02 12:00:45,514|opType: publish | rt: 13ms | status: success | requestIp: null | dataId: manifest.json | group: agentspec__enc.656e67696e656572696e672d6665697368752d696e746567726174696f6e2d646576656c6f706572__enc.302e302e31 | tenant: public | md5: 9e2f25b2eebb7466e70648a0f85a53af
2026-10-02 12:00:45,519|opType: publish | rt: 14ms | status: success | requestIp: null | dataId: resource_tool-analysis_tool-analysis__json.json | group: agentspec__enc.656e67696e656572696e672d6665697368752d696e746567726174696f6e2d646576656c6f706572__enc.302e302e31 | tenant: public | md5: 5b6ee9c02902cd238108db0f7f9fc594
2026-10-02 12:00:45,522|opType: publish | rt: 13ms | status: success | requestIp: null | dataId: resource_config_IDENTITY__md.json | group: agentspec__enc.656e67696e656572696e672d6665697368752d696e746567726174696f6e2d646576656c6f706572__enc.302e302e31 | tenant: public | md5: 2c10e33edec6ce0f5361fa81a549aad0
2026-10-02 12:00:45,530|opType: publish | rt: 16ms | status: success | requestIp: null | dataId: enc.736372697074732f6f66666963652f68656c706572732f6d657267655f72756e732e7079 | group: skill_enc.70707478__enc.302e302e31 | tenant: public | md5: 50d4546be7e221a5fd8620eea68d50d9
2026-10-02 12:00:45,534|opType: publish | rt: 15ms | status: success | requestIp: null | dataId: enc.736372697074732f6f66666963652f68656c706572732f73696d706c6966795f7265646c696e65732e7079 | group: skill_enc.70707478__enc.302e302e31 | tenant: public | md5: 27067501a5bad066bd22891d8b6ee040
2026-10-02 12:00:45,541|opType: publish | rt: 14ms | status: success | requestIp: null | dataId: enc.736372697074732f6f66666963652f736368656d61732f49534f2d49454332393530302d345f323031362f646d6c2d737072656164736865657444726177696e672e787364 | group: skill_enc.70707478__enc.302e302e31 | tenant: public | md5: bc7e1640a33e0ca1f35cb2016510e916
2026-10-02 12:00:45,607|opType: publish | rt: 76ms | status: success | requestIp: null | dataId: enc.736372697074732f5f5f696e69745f5f2e7079 | group: skill_enc.70707478__enc.302e302e31 | tenant: public | md5: d41d8cd98f00b204e9800998ecf8427e
2026-10-02 12:00:45,619|opType: publish | rt: 38ms | status: success | requestIp: null | dataId: skill_index.json | group: skill_pdf | tenant: public | md5: efff986f0276f230d107042f4ee7eef7
2026-10-02 12:00:45,619|opType: publish | rt: 79ms | status: success | requestIp: null | dataId: enc.736372697074732f6f66666963652f736368656d61732f49534f2d49454332393530302d345f323031362f7368617265642d637573746f6d586d6c4461746150726f706572746965732e787364 | group: skill_enc.70707478__enc.302e302e31 | tenant: public | md5: 0278c442a2adb1385c420446bdbd3449
2026-10-02 12:00:45,620|opType: publish | rt: 53ms | status: success | requestIp: null | dataId: enc.736372697074732f6f66666963652f736368656d61732f49534f2d49454332393530302d345f323031362f7368617265642d646f63756d656e7450726f7065727469657356617269616e7454797065732e787364 | group: skill_enc.70707478__enc.302e302e31 | tenant: public | md5: 7ed294c27d928394b5ff651d8823bd4d
2026-10-02 12:00:45,633|opType: publish | rt: 27ms | status: success | requestIp: null | dataId: enc.736372697074732f6f66666963652f736368656d61732f49534f2d49454332393530302d345f323031362f646d6c2d6c6f636b656443616e7661732e787364 | group: skill_enc.70707478__enc.302e302e31 | tenant: public | md5: d0683e2176f2251b64e5c68e1c375cd1
2026-10-02 12:00:45,685|opType: publish | rt: 149ms | status: success | requestIp: null | dataId: enc.736372697074732f6f66666963652f736368656d61732f49534f2d49454332393530302d345f323031362f646d6c2d6469616772616d2e787364 | group: skill_enc.70707478__enc.302e302e31 | tenant: public | md5: 3ff59abd71c4b9033f19161311558ab7
2026-10-02 12:00:45,720|opType: publish | rt: 127ms | status: success | requestIp: null | dataId: enc.736372697074732f6f66666963652f736368656d61732f6d6963726f736f66742f776d6c2d323031302e787364 | group: skill_enc.70707478__enc.302e302e31 | tenant: public | md5: 48d648797b801f851d23d8a5ac1190f2
2026-10-02 12:00:45,744|opType: publish | rt: 222ms | status: success | requestIp: null | dataId: enc.736372697074732f6f66666963652f736368656d61732f49534f2d49454332393530302d345f323031362f736d6c2e787364 | group: skill_enc.70707478__enc.302e302e31 | tenant: public | md5: 27515244005c4c4c0ebf3fae286a9b5a
2026-10-02 12:00:45,752|opType: publish | rt: 126ms | status: success | requestIp: null | dataId: enc.736372697074732f6f66666963652f736368656d61732f65636d612f666f7574682d65646974696f6e2f6f70632d636f6e74656e7454797065732e787364 | group: skill_enc.70707478__enc.302e302e31 | tenant: public | md5: 21ff9fc266194914ad84b29aa19e7018
2026-10-02 12:00:45,785|opType: publish | rt: 168ms | status: success | requestIp: null | dataId: resource_config_AGENTS__md.json | group: agentspec__enc.656e67696e656572696e672d6665697368752d696e746567726174696f6e2d646576656c6f706572__enc.302e302e31 | tenant: public | md5: dc72a389e67ca41f32920ee90284b572
2026-10-02 12:00:45,785|opType: publish | rt: 231ms | status: success | requestIp: null | dataId: enc.736372697074732f6f66666963652f736368656d61732f49534f2d49454332393530302d345f323031362f766d6c2d6f666669636544726177696e672e787364 | group: skill_enc.70707478__enc.302e302e31 | tenant: public | md5: 62f39f988b634ef2c0a1e3a5281e1aa0
2026-10-02 12:00:45,787|opType: publish | rt: 149ms | status: success | requestIp: null | dataId: enc.736372697074732f6f66666963652f736368656d61732f6d63652f6d632e787364 | group: skill_enc.70707478__enc.302e302e31 | tenant: public | md5: 52e5cccc1ae03c37874236bb470527d5
2026-10-02 12:00:45,800|opType: publish | rt: 41ms | status: success | requestIp: null | dataId: enc.736372697074732f6f66666963652f736368656d61732f49534f2d49454332393530302d345f323031362f7368617265642d646f63756d656e7450726f70657274696573457874656e6465642e787364 | group: skill_enc.70707478__enc.302e302e31 | tenant: public | md5: bf137503133653b6cac5d82209e65908
2026-10-02 12:00:45,857|opType: publish | rt: 172ms | status: success | requestIp: null | dataId: enc.736372697074732f6f66666963652f736368656d61732f49534f2d49454332393530302d345f323031362f776d6c2e787364 | group: skill_enc.70707478__enc.302e302e31 | tenant: public | md5: ba74a726d54fae2b2af6cbf3e45a0ac7
2026-10-02 12:00:45,859|opType: publish | rt: 124ms | status: success | requestIp: null | dataId: resource_config_SOUL__md.json | group: agentspec__enc.656e67696e656572696e672d6665697368752d696e746567726174696f6e2d646576656c6f706572__enc.302e302e31 | tenant: public | md5: 3f126987e67ce45ec800b581a0cdea82
2026-10-02 12:00:45,862|opType: publish | rt: 74ms | status: success | requestIp: null | dataId: pptxgenjs.md | group: skill_enc.70707478__enc.302e302e31 | tenant: public | md5: 3def45c7cacef2a2f648bc9f1fce337a
2026-10-02 12:00:45,889|opType: publish | rt: 36ms | status: success | requestIp: null | dataId: enc.736372697074732f6f66666963652f736368656d61732f6d6963726f736f66742f776d6c2d323031382e787364 | group: skill_enc.70707478__enc.302e302e31 | tenant: public | md5: ba27663e14790ebbc5dd39ce48caf670
2026-10-02 12:00:45,898|opType: publish | rt: 125ms | status: success | requestIp: null | dataId: enc.736372697074732f6f66666963652f736368656d61732f49534f2d49454332393530302d345f323031362f766d6c2d70726573656e746174696f6e44726177696e672e787364 | group: skill_enc.70707478__enc.302e302e31 | tenant: public | md5: bd5fa09957c72c11b83a84f3892e1497
2026-10-02 12:00:45,903|opType: publish | rt: 109ms | status: success | requestIp: null | dataId: enc.736372697074732f6f66666963652f736368656d61732f49534f2d49454332393530302d345f323031362f7368617265642d636f6d6d6f6e53696d706c6554797065732e787364 | group: skill_enc.70707478__enc.302e302e31 | tenant: public | md5: 8467bfda5ef339eb1df6652185d65ec9
2026-10-02 12:00:45,925|opType: publish | rt: 126ms | status: success | requestIp: null | dataId: enc.736372697074732f7468756d626e61696c2e7079 | group: skill_enc.70707478__enc.302e302e31 | tenant: public | md5: 23ba48fadfd072a5f75c29e0624727d3
2026-10-02 12:00:45,927|opType: publish | rt: 84ms | status: success | requestIp: null | dataId: enc.736372697074732f6f66666963652f736368656d61732f65636d612f666f7574682d65646974696f6e2f6f70632d72656c6174696f6e73686970732e787364 | group: skill_enc.70707478__enc.302e302e31 | tenant: public | md5: 83c1e2da90194b600688463398a125fd
2026-10-02 12:00:45,978|opType: publish | rt: 119ms | status: success | requestIp: null | dataId: enc.736372697074732f6f66666963652f76616c696461746f72732f626173652e7079 | group: skill_enc.70707478__enc.302e302e31 | tenant: public | md5: fd8b4f0bf6c070363709936542cecc3b
2026-10-02 12:00:45,983|opType: publish | rt: 119ms | status: success | requestIp: null | dataId: enc.736372697074732f6f66666963652f736368656d61732f49534f2d49454332393530302d345f323031362f646d6c2d706963747572652e787364 | group: skill_enc.70707478__enc.302e302e31 | tenant: public | md5: b4dd1b964ecce7e2a425b022068a556d
2026-10-02 12:00:45,983|opType: publish | rt: 90ms | status: success | requestIp: null | dataId: resource_config_AGENTS__md.json | group: agentspec__enc.656e67696e656572696e672d667067612d6469676974616c2d64657369676e2d656e67696e656572__enc.302e302e31 | tenant: public | md5: b7fc08e609ed9aa086c7c00f97560354
2026-10-02 12:00:45,992|opType: publish | rt: 181ms | status: success | requestIp: null | dataId: resource_config_MEMORY__md.json | group: agentspec__enc.656e67696e656572696e672d6665697368752d696e746567726174696f6e2d646576656c6f706572__enc.302e302e31 | tenant: public | md5: efea4e0bfbedd3a414bb52f20ee6cf2c
2026-10-02 12:00:45,993|opType: publish | rt: 110ms | status: success | requestIp: null | dataId: resource_tool-analysis_tool-analysis__json.json | group: agentspec__enc.656e67696e656572696e672d667067612d6469676974616c2d64657369676e2d656e67696e656572__enc.302e302e31 | tenant: public | md5: eac4802277512100979d3a2dc7ece29b
2026-10-02 12:00:45,997|opType: publish | rt: 123ms | status: success | requestIp: null | dataId: resource_config_IDENTITY__md.json | group: agentspec__enc.656e67696e656572696e672d667067612d6469676974616c2d64657369676e2d656e67696e656572__enc.302e302e31 | tenant: public | md5: e244df42dc303ad722c8acc8aae575b7
2026-10-02 12:00:45,997|opType: publish | rt: 169ms | status: success | requestIp: null | dataId: enc.736372697074732f6f66666963652f736368656d61732f49534f2d49454332393530302d345f323031362f766d6c2d6d61696e2e787364 | group: skill_enc.70707478__enc.302e302e31 | tenant: public | md5: 26a8d3552ba20d6ae290eaca673361ce
2026-10-02 12:00:45,997|opType: publish | rt: 75ms | status: success | requestIp: null | dataId: resource_config_AGENTS__md.json | group: agentspec__enc.656e67696e656572696e672d66726f6e74656e642d646576656c6f706572__enc.302e302e31 | tenant: public | md5: 04720808755866a2c765cab74d21a197
2026-10-02 12:00:45,997|opType: publish | rt: 70ms | status: success | requestIp: null | dataId: resource_tool-analysis_tool-analysis__json.json | group: agentspec__enc.656e67696e656572696e672d66726f6e74656e642d646576656c6f706572__enc.302e302e31 | tenant: public | md5: 012a97bdd6404e23554c7cb66e187cb6
2026-10-02 12:00:46,004|opType: publish | rt: 116ms | status: success | requestIp: null | dataId: manifest.json | group: agentspec__enc.656e67696e656572696e672d667067612d6469676974616c2d64657369676e2d656e67696e656572__enc.302e302e31 | tenant: public | md5: 53ea9ecc350279bb6a5dd143830de2cf
2026-10-02 12:00:46,004|opType: publish | rt: 135ms | status: success | requestIp: null | dataId: enc.736372697074732f6f66666963652f736368656d61732f6d6963726f736f66742f776d6c2d323031322e787364 | group: skill_enc.70707478__enc.302e302e31 | tenant: public | md5: 5510865fe8f0ccbe3c8b58b359973ef1
2026-10-02 12:00:46,004|opType: publish | rt: 91ms | status: success | requestIp: null | dataId: resource_config_IDENTITY__md.json | group: agentspec__enc.656e67696e656572696e672d66726f6e74656e642d646576656c6f706572__enc.302e302e31 | tenant: public | md5: dacd2ab356fffd23e0eaefe2db72e6b8
2026-10-02 12:00:46,005|opType: publish | rt: 102ms | status: success | requestIp: null | dataId: resource_crons_jobs__json.json | group: agentspec__enc.656e67696e656572696e672d667067612d6469676974616c2d64657369676e2d656e67696e656572__enc.302e302e31 | tenant: public | md5: 789ef83aeb238c4abc4d0dca7d29b47d
2026-10-02 12:00:46,005|opType: publish | rt: 27ms | status: success | requestIp: null | dataId: resource_config_MEMORY__md.json | group: agentspec__enc.656e67696e656572696e672d667067612d6469676974616c2d64657369676e2d656e67696e656572__enc.302e302e31 | tenant: public | md5: 049fe14f94cf0ece89a691a5a17b992c
2026-10-02 12:00:46,005|opType: publish | rt: 107ms | status: success | requestIp: null | dataId: resource_config_SOUL__md.json | group: agentspec__enc.656e67696e656572696e672d66726f6e74656e642d646576656c6f706572__enc.302e302e31 | tenant: public | md5: 2e77aa9ee894c032640b3efa74513a84
2026-10-02 12:00:46,007|opType: publish | rt: 66ms | status: success | requestIp: null | dataId: resource_config_SOUL__md.json | group: agentspec__enc.656e67696e656572696e672d667067612d6469676974616c2d64657369676e2d656e67696e656572__enc.302e302e31 | tenant: public | md5: a085cfa66fcc0af5d300e2fdded7ecc1
2026-10-02 12:00:46,009|opType: publish | rt: 29ms | status: success | requestIp: null | dataId: resource_crons_jobs__json.json | group: agentspec__enc.656e67696e656572696e672d66726f6e74656e642d646576656c6f706572__enc.302e302e31 | tenant: public | md5: 8484f814cf5f33e592ee65bb88d07939
2026-10-02 12:00:46,011|opType: publish | rt: 17ms | status: success | requestIp: null | dataId: enc.736372697074732f6f66666963652f736368656d61732f49534f2d49454332393530302d345f323031362f7368617265642d646f63756d656e7450726f70657274696573437573746f6d2e787364 | group: skill_enc.70707478__enc.302e302e31 | tenant: public | md5: 2becf9493c5347ace32a2cf0cbf73edc
2026-10-02 12:00:46,014|opType: publish | rt: 29ms | status: success | requestIp: null | dataId: manifest.json | group: agentspec__enc.656e67696e656572696e672d66726f6e74656e642d646576656c6f706572__enc.302e302e31 | tenant: public | md5: b90d2b7e562f98245c532671437141c1
2026-10-02 12:00:46,016|opType: publish | rt: 15ms | status: success | requestIp: null | dataId: resource_config_MEMORY__md.json | group: agentspec__enc.656e67696e656572696e672d66726f6e74656e642d646576656c6f706572__enc.302e302e31 | tenant: public | md5: cf29a13a3ee2f13e5a3c8b73c6666a14
2026-10-02 12:00:46,018|opType: publish | rt: 13ms | status: success | requestIp: null | dataId: enc.736372697074732f6f66666963652f736368656d61732f49534f2d49454332393530302d345f323031362f766d6c2d776f726470726f63657373696e6744726177696e672e787364 | group: skill_enc.70707478__enc.302e302e31 | tenant: public | md5: c29beb5dc90ef8c039e836911187520f
2026-10-02 12:00:46,018|opType: publish | rt: 9ms | status: success | requestIp: null | dataId: enc.736372697074732f6f66666963652f736368656d61732f6d6963726f736f66742f776d6c2d73796d65782d323031352e787364 | group: skill_enc.70707478__enc.302e302e31 | tenant: public | md5: 4ea8bf7142ea3eccb435d2acfcc60b65
2026-10-02 12:00:46,022|opType: publish | rt: 8ms | status: success | requestIp: null | dataId: enc.736372697074732f6f66666963652f68656c706572732f5f5f696e69745f5f2e7079 | group: skill_enc.70707478__enc.302e302e31 | tenant: public | md5: d41d8cd98f00b204e9800998ecf8427e
2026-10-02 12:00:46,027|opType: publish | rt: 9ms | status: success | requestIp: null | dataId: resource_config_IDENTITY__md.json | group: agentspec__enc.656e67696e656572696e672d6769742d776f726b666c6f772d6d6173746572__enc.302e302e31 | tenant: public | md5: 929afd1378a1901a644f1ab28a783849
2026-10-02 12:00:46,032|opType: publish | rt: 10ms | status: success | requestIp: null | dataId: resource_tool-analysis_tool-analysis__json.json | group: agentspec__enc.656e67696e656572696e672d6769742d776f726b666c6f772d6d6173746572__enc.302e302e31 | tenant: public | md5: 74fe291321edf99c4be9fade7da80388
2026-10-02 12:00:46,036|opType: publish | rt: 9ms | status: success | requestIp: null | dataId: manifest.json | group: agentspec__enc.656e67696e656572696e672d6769742d776f726b666c6f772d6d6173746572__enc.302e302e31 | tenant: public | md5: 2903c33de5f66d8b1b7893120f1d2f48
2026-10-02 12:00:46,041|opType: publish | rt: 10ms | status: success | requestIp: null | dataId: resource_crons_jobs__json.json | group: agentspec__enc.656e67696e656572696e672d6769742d776f726b666c6f772d6d6173746572__enc.302e302e31 | tenant: public | md5: f8a1375b3bb49ebaf996d9f8677db7f6
2026-10-02 12:00:46,046|opType: publish | rt: 10ms | status: success | requestIp: null | dataId: resource_config_AGENTS__md.json | group: agentspec__enc.656e67696e656572696e672d6769742d776f726b666c6f772d6d6173746572__enc.302e302e31 | tenant: public | md5: be901b84a3d494e97c807b33ced6d79c
2026-10-02 12:00:46,051|opType: publish | rt: 10ms | status: success | requestIp: null | dataId: enc.736372697074732f6f66666963652f736368656d61732f6d6963726f736f66742f776d6c2d6369642d323031362e787364 | group: skill_enc.70707478__enc.302e302e31 | tenant: public | md5: f9316c6180c204756fb142d0bdf2bee5
2026-10-02 12:00:46,055|opType: publish | rt: 9ms | status: success | requestIp: null | dataId: enc.736372697074732f6f66666963652f736368656d61732f49534f2d49454332393530302d345f323031362f646d6c2d636861727444726177696e672e787364 | group: skill_enc.70707478__enc.302e302e31 | tenant: public | md5: 26413166ffa3dd438e2d46dfa8e9c876
2026-10-02 12:00:46,060|opType: publish | rt: 10ms | status: success | requestIp: null | dataId: enc.736372697074732f6f66666963652f736368656d61732f49534f2d49454332393530302d345f323031362f7368617265642d72656c6174696f6e736869705265666572656e63652e787364 | group: skill_enc.70707478__enc.302e302e31 | tenant: public | md5: cfb685beb25d462b1c790c922834b348
2026-10-02 12:00:46,065|opType: publish | rt: 10ms | status: success | requestIp: null | dataId: enc.736372697074732f6f66666963652f756e7061636b2e7079 | group: skill_enc.70707478__enc.302e302e31 | tenant: public | md5: 345c1b6a0ea7ca37e2019c2491db5fd9
2026-10-02 12:00:46,067|opType: publish | rt: 10ms | status: success | requestIp: null | dataId: resource_config_SOUL__md.json | group: agentspec__enc.656e67696e656572696e672d6769742d776f726b666c6f772d6d6173746572__enc.302e302e31 | tenant: public | md5: 8d3bce4321022b628135bddbc4936e52
2026-10-02 12:00:46,099|opType: publish | rt: 18ms | status: success | requestIp: null | dataId: enc.736372697074732f6f66666963652f736368656d61732f49534f2d49454332393530302d345f323031362f646d6c2d776f726470726f63657373696e6744726177696e672e787364 | group: skill_enc.70707478__enc.302e302e31 | tenant: public | md5: 88236935634cef10ea1229528daa8645
2026-10-02 12:00:46,100|opType: publish | rt: 15ms | status: success | requestIp: null | dataId: resource_config_MEMORY__md.json | group: agentspec__enc.656e67696e656572696e672d6769742d776f726b666c6f772d6d6173746572__enc.302e302e31 | tenant: public | md5: df9b916326aa2fbf2f0f237de89287ad
2026-10-02 12:00:46,100|opType: publish | rt: 33ms | status: success | requestIp: null | dataId: enc.736372697074732f6f66666963652f736368656d61732f49534f2d49454332393530302d345f323031362f7368617265642d6164646974696f6e616c4368617261637465726973746963732e787364 | group: skill_enc.70707478__enc.302e302e31 | tenant: public | md5: 6f6dbf54c9d51ce4a0ee7c4cdab14a25
2026-10-02 12:00:46,118|opType: publish | rt: 55ms | status: success | requestIp: null | dataId: enc.736372697074732f6f66666963652f736368656d61732f49534f2d49454332393530302d345f323031362f646d6c2d63686172742e787364 | group: skill_enc.70707478__enc.302e302e31 | tenant: public | md5: ed49aff7a09c146a38ab39b0b065089f
2026-10-02 12:00:46,132|opType: publish | rt: 41ms | status: success | requestIp: null | dataId: enc.736372697074732f6f66666963652f736368656d61732f49534f2d49454332393530302d345f323031362f7368617265642d637573746f6d586d6c536368656d6150726f706572746965732e787364 | group: skill_enc.70707478__enc.302e302e31 | tenant: public | md5: 55271a568bfb03eedd9098960f5974cf
2026-10-02 12:00:46,136|opType: publish | rt: 25ms | status: success | requestIp: null | dataId: enc.736372697074732f6f66666963652f736368656d61732f65636d612f666f7574682d65646974696f6e2f6f70632d636f726550726f706572746965732e787364 | group: skill_enc.70707478__enc.302e302e31 | tenant: public | md5: f3c84be92899c191b3c7a4fd2e9b6490
2026-10-02 12:00:46,162|opType: publish | rt: 63ms | status: success | requestIp: null | dataId: enc.736372697074732f6f66666963652f736368656d61732f49534f2d49454332393530302d345f323031362f706d6c2e787364 | group: skill_enc.70707478__enc.302e302e31 | tenant: public | md5: e4e1024cca691dab04a1964a13e34639
2026-10-02 12:00:46,164|opType: publish | rt: 32ms | status: success | requestIp: null | dataId: enc.736372697074732f6f66666963652f76616c696461746f72732f707074782e7079 | group: skill_enc.70707478__enc.302e302e31 | tenant: public | md5: 95836f2ecb3e53862b1d166d0a11e255
2026-10-02 12:00:46,167|opType: publish | rt: 17ms | status: success | requestIp: null | dataId: enc.736372697074732f6f66666963652f736368656d61732f49534f2d49454332393530302d345f323031362f7368617265642d6269626c696f6772617068792e787364 | group: skill_enc.70707478__enc.302e302e31 | tenant: public | md5: 1c0ef0ccbbc7b08bf6f8f8263a0b8d64
2026-10-02 12:00:46,169|opType: publish | rt: 12ms | status: success | requestIp: null | dataId: enc.736372697074732f6f66666963652f736368656d61732f49534f2d49454332393530302d345f323031362f786d6c2e787364 | group: skill_enc.70707478__enc.302e302e31 | tenant: public | md5: d535ef9799e2bdadb51d7be270d51053
2026-10-02 12:00:46,169|opType: publish | rt: 33ms | status: success | requestIp: null | dataId: enc.736372697074732f6f66666963652f736f66666963652e7079 | group: skill_enc.70707478__enc.302e302e31 | tenant: public | md5: 080c37e6f18963f350dda51d922c9f06
2026-10-02 12:00:46,195|opType: publish | rt: 10ms | status: success | requestIp: null | dataId: enc.736372697074732f6f66666963652f736368656d61732f6d6963726f736f66742f776d6c2d73647464617461686173682d323032302e787364 | group: skill_enc.70707478__enc.302e302e31 | tenant: public | md5: f9730efba946ebaf9c2ac771c6135505
2026-10-02 12:00:46,202|opType: publish | rt: 10ms | status: success | requestIp: null | dataId: enc.736372697074732f6164645f736c6964652e7079 | group: skill_enc.70707478__enc.302e302e31 | tenant: public | md5: e01e791c85fbfaabc1ea76ecc85b512a
2026-10-02 12:00:46,212|opType: publish | rt: 8ms | status: success | requestIp: null | dataId: enc.736372697074732f6f66666963652f7061636b2e7079 | group: skill_enc.70707478__enc.302e302e31 | tenant: public | md5: 20d61f93e874fd961122dd0da9de7898
2026-10-02 12:00:46,218|opType: publish | rt: 8ms | status: success | requestIp: null | dataId: manifest.json | group: agentspec__enc.656e67696e656572696e672d696e636964656e742d726573706f6e73652d636f6d6d616e646572__enc.302e302e31 | tenant: public | md5: 3940875c23764c509f6faa048533dca2
2026-10-02 12:00:46,222|opType: publish | rt: 8ms | status: success | requestIp: null | dataId: resource_crons_jobs__json.json | group: agentspec__enc.656e67696e656572696e672d696e636964656e742d726573706f6e73652d636f6d6d616e646572__enc.302e302e31 | tenant: public | md5: 9faaf58039bd0d1d38f6f57237a108e1
2026-10-02 12:00:46,226|opType: publish | rt: 7ms | status: success | requestIp: null | dataId: resource_config_IDENTITY__md.json | group: agentspec__enc.656e67696e656572696e672d696e636964656e742d726573706f6e73652d636f6d6d616e646572__enc.302e302e31 | tenant: public | md5: ebeec1cc9c3f45c05032fd5bc53c7fd3
2026-10-02 12:00:46,231|opType: publish | rt: 9ms | status: success | requestIp: null | dataId: resource_tool-analysis_tool-analysis__json.json | group: agentspec__enc.656e67696e656572696e672d696e636964656e742d726573706f6e73652d636f6d6d616e646572__enc.302e302e31 | tenant: public | md5: 25e896b8a9f32087b0ab750ba2011d3a
2026-10-02 12:00:46,236|opType: publish | rt: 10ms | status: success | requestIp: null | dataId: resource_config_SOUL__md.json | group: agentspec__enc.656e67696e656572696e672d696e636964656e742d726573706f6e73652d636f6d6d616e646572__enc.302e302e31 | tenant: public | md5: a6bf989bbe5a792faaa1fc0764a59ae8
2026-10-02 12:00:46,240|opType: publish | rt: 9ms | status: success | requestIp: null | dataId: resource_config_AGENTS__md.json | group: agentspec__enc.656e67696e656572696e672d696e636964656e742d726573706f6e73652d636f6d6d616e646572__enc.302e302e31 | tenant: public | md5: 1969f47852e034dfdb326ae43d0cb738
2026-10-02 12:00:46,250|opType: publish | rt: 14ms | status: success | requestIp: null | dataId: resource_config_MEMORY__md.json | group: agentspec__enc.656e67696e656572696e672d696e636964656e742d726573706f6e73652d636f6d6d616e646572__enc.302e302e31 | tenant: public | md5: 93005ea5dfc3d93eb0b813da888d90f9
2026-10-02 12:00:46,268|opType: publish | rt: 18ms | status: success | requestIp: null | dataId: enc.6167656e74732f636f6d70617261746f722e6d64 | group: skill_enc.736b696c6c2d63726561746f72__enc.302e302e31 | tenant: public | md5: 1b3e8695c8a40d1ad7af30b622190c99
2026-10-02 12:00:46,294|opType: publish | rt: 39ms | status: success | requestIp: null | dataId: manifest.json | group: agentspec__enc.656e67696e656572696e672d696f742d736f6c7574696f6e2d617263686974656374__enc.302e302e31 | tenant: public | md5: 036f298ddf2f35d29f5e7f678176fc5d
2026-10-02 12:00:46,295|opType: publish | rt: 55ms | status: success | requestIp: null | dataId: SKILL.md | group: skill_enc.736b696c6c2d63726561746f72__enc.302e302e31 | tenant: public | md5: 1f8c01c6240d74bd078461441d1b6bad
2026-10-02 12:00:46,299|opType: publish | rt: 31ms | status: success | requestIp: null | dataId: resource_config_IDENTITY__md.json | group: agentspec__enc.656e67696e656572696e672d696f742d736f6c7574696f6e2d617263686974656374__enc.302e302e31 | tenant: public | md5: 50d47d65f644338470dc103d5e7c1d49
2026-10-02 12:00:46,307|opType: publish | rt: 9ms | status: success | requestIp: null | dataId: resource_config_AGENTS__md.json | group: agentspec__enc.656e67696e656572696e672d696f742d736f6c7574696f6e2d617263686974656374__enc.302e302e31 | tenant: public | md5: 1efee88f685368a8d2c2ef4afb5a7877
2026-10-02 12:00:46,308|opType: publish | rt: 14ms | status: success | requestIp: null | dataId: resource_config_SOUL__md.json | group: agentspec__enc.656e67696e656572696e672d696f742d736f6c7574696f6e2d617263686974656374__enc.302e302e31 | tenant: public | md5: 594685d434c0f5170958875eca5f8bb6
2026-10-02 12:00:46,316|opType: publish | rt: 13ms | status: success | requestIp: null | dataId: resource_crons_jobs__json.json | group: agentspec__enc.656e67696e656572696e672d696f742d736f6c7574696f6e2d617263686974656374__enc.302e302e31 | tenant: public | md5: 38192b620452f2430bb07b4e367ef7b3
2026-10-02 12:00:46,322|opType: publish | rt: 15ms | status: success | requestIp: null | dataId: resource_config_MEMORY__md.json | group: agentspec__enc.656e67696e656572696e672d696f742d736f6c7574696f6e2d617263686974656374__enc.302e302e31 | tenant: public | md5: 31fcdcfb7b1912110875c3775dd0a85e
2026-10-02 12:00:46,322|opType: publish | rt: 11ms | status: success | requestIp: null | dataId: LICENSE.txt | group: skill_enc.736b696c6c2d63726561746f72__enc.302e302e31 | tenant: public | md5: 175792518e4ac015ab6696d16c4f607e
2026-10-02 12:00:46,326|opType: publish | rt: 11ms | status: success | requestIp: null | dataId: enc.7265666572656e6365732f736368656d61732e6d64 | group: skill_enc.736b696c6c2d63726561746f72__enc.302e302e31 | tenant: public | md5: 466f2adac472716df6867541ff75c462
2026-10-02 12:00:46,331|opType: publish | rt: 9ms | status: success | requestIp: null | dataId: enc.6167656e74732f6772616465722e6d64 | group: skill_enc.736b696c6c2d63726561746f72__enc.302e302e31 | tenant: public | md5: c8913119223249181559ec9cf9a5e8c6
2026-10-02 12:00:46,335|opType: publish | rt: 9ms | status: success | requestIp: null | dataId: resource_tool-analysis_tool-analysis__json.json | group: agentspec__enc.656e67696e656572696e672d696f742d736f6c7574696f6e2d617263686974656374__enc.302e302e31 | tenant: public | md5: 159707f69f44c0d02807b0212d1519f3
2026-10-02 12:00:46,340|opType: publish | rt: 10ms | status: success | requestIp: null | dataId: resource_crons_jobs__json.json | group: agentspec__enc.656e67696e656572696e672d6d6f62696c652d6170702d6275696c646572__enc.302e302e31 | tenant: public | md5: 62b8dc6d5f9e427dc668f73a6426a68b
2026-10-02 12:00:46,345|opType: publish | rt: 10ms | status: success | requestIp: null | dataId: resource_config_IDENTITY__md.json | group: agentspec__enc.656e67696e656572696e672d6d6f62696c652d6170702d6275696c646572__enc.302e302e31 | tenant: public | md5: 6a64d8ae8f42f69f97e79519e3742599
2026-10-02 12:00:46,350|opType: publish | rt: 10ms | status: success | requestIp: null | dataId: manifest.json | group: agentspec__enc.656e67696e656572696e672d6d6f62696c652d6170702d6275696c646572__enc.302e302e31 | tenant: public | md5: aa0024fddbc9cbbdea14cdb50f3a4fbc
2026-10-02 12:00:46,354|opType: publish | rt: 9ms | status: success | requestIp: null | dataId: resource_tool-analysis_tool-analysis__json.json | group: agentspec__enc.656e67696e656572696e672d6d6f62696c652d6170702d6275696c646572__enc.302e302e31 | tenant: public | md5: fdb9cc08c0c63419e91b8ba06220662e
2026-10-02 12:00:46,358|opType: publish | rt: 8ms | status: success | requestIp: null | dataId: resource_config_AGENTS__md.json | group: agentspec__enc.656e67696e656572696e672d6d6f62696c652d6170702d6275696c646572__enc.302e302e31 | tenant: public | md5: 63d2f4b0289862dd06f50473610dba64
2026-10-02 12:00:46,362|opType: publish | rt: 8ms | status: success | requestIp: null | dataId: enc.736372697074732f5f5f696e69745f5f2e7079 | group: skill_enc.736b696c6c2d63726561746f72__enc.302e302e31 | tenant: public | md5: d41d8cd98f00b204e9800998ecf8427e
2026-10-02 12:00:46,367|opType: publish | rt: 9ms | status: success | requestIp: null | dataId: enc.736372697074732f6167677265676174655f62656e63686d61726b2e7079 | group: skill_enc.736b696c6c2d63726561746f72__enc.302e302e31 | tenant: public | md5: 5c2dfb44a0a33c588e9e9f3df60a3537
2026-10-02 12:00:46,371|opType: publish | rt: 9ms | status: success | requestIp: null | dataId: resource_config_SOUL__md.json | group: agentspec__enc.656e67696e656572696e672d6d6f62696c652d6170702d6275696c646572__enc.302e302e31 | tenant: public | md5: caf2e8e133cc42196131a04500dc7b9f
2026-10-02 12:00:46,375|opType: publish | rt: 8ms | status: success | requestIp: null | dataId: enc.736372697074732f7061636b6167655f736b696c6c2e7079 | group: skill_enc.736b696c6c2d63726561746f72__enc.302e302e31 | tenant: public | md5: ba8744b000bd7d7ffcb5c85113113f0e
2026-10-02 12:00:46,379|opType: publish | rt: 8ms | status: success | requestIp: null | dataId: resource_config_MEMORY__md.json | group: agentspec__enc.656e67696e656572696e672d6d6f62696c652d6170702d6275696c646572__enc.302e302e31 | tenant: public | md5: 837790b2188311e9c2c44d2c5f91ae09
2026-10-02 12:00:46,384|opType: publish | rt: 9ms | status: success | requestIp: null | dataId: enc.6173736574732f6576616c5f7265766965772e68746d6c | group: skill_enc.736b696c6c2d63726561746f72__enc.302e302e31 | tenant: public | md5: 215a74d6269d72e8ffd254cedc1e0b0a
2026-10-02 12:00:46,389|opType: publish | rt: 10ms | status: success | requestIp: null | dataId: enc.6167656e74732f616e616c797a65722e6d64 | group: skill_enc.736b696c6c2d63726561746f72__enc.302e302e31 | tenant: public | md5: b78964a8d55ff0e038d657a9cb79f46a
2026-10-02 12:00:46,393|opType: publish | rt: 9ms | status: success | requestIp: null | dataId: enc.736372697074732f67656e65726174655f7265706f72742e7079 | group: skill_enc.736b696c6c2d63726561746f72__enc.302e302e31 | tenant: public | md5: 09607615aed355c104f9c4f6dec7c9aa
2026-10-02 12:00:46,398|opType: publish | rt: 10ms | status: success | requestIp: null | dataId: manifest.json | group: agentspec__enc.656e67696e656572696e672d72617069642d70726f746f7479706572__enc.302e302e31 | tenant: public | md5: cd12615598cb156e78ead114fc738981
2026-10-02 12:00:46,402|opType: publish | rt: 9ms | status: success | requestIp: null | dataId: enc.736372697074732f696d70726f76655f6465736372697074696f6e2e7079 | group: skill_enc.736b696c6c2d63726561746f72__enc.302e302e31 | tenant: public | md5: b20bbcc3d69bc299b541c8b62c25cefe
2026-10-02 12:00:46,406|opType: publish | rt: 8ms | status: success | requestIp: null | dataId: enc.736372697074732f72756e5f6576616c2e7079 | group: skill_enc.736b696c6c2d63726561746f72__enc.302e302e31 | tenant: public | md5: 75269360a221e48f79425605de5e5cb6
2026-10-02 12:00:46,415|opType: publish | rt: 13ms | status: success | requestIp: null | dataId: enc.736372697074732f72756e5f6c6f6f702e7079 | group: skill_enc.736b696c6c2d63726561746f72__enc.302e302e31 | tenant: public | md5: c3365f6c1927bf535f463f841c32ae81
2026-10-02 12:00:46,429|opType: publish | rt: 14ms | status: success | requestIp: null | dataId: enc.736372697074732f717569636b5f76616c69646174652e7079 | group: skill_enc.736b696c6c2d63726561746f72__enc.302e302e31 | tenant: public | md5: 8247be9cfc7938843f586b6509a64641
2026-10-02 12:00:46,434|opType: publish | rt: 15ms | status: success | requestIp: null | dataId: enc.736372697074732f7574696c732e7079 | group: skill_enc.736b696c6c2d63726561746f72__enc.302e302e31 | tenant: public | md5: 6cf213a77cbadc39febbaf9ee57fac10
2026-10-02 12:00:46,434|opType: publish | rt: 28ms | status: success | requestIp: null | dataId: enc.6576616c2d7669657765722f7669657765722e68746d6c | group: skill_enc.736b696c6c2d63726561746f72__enc.302e302e31 | tenant: public | md5: bef0b26fd04ee3a25344b7ae361a5bd1
2026-10-02 12:00:46,439|opType: publish | rt: 10ms | status: success | requestIp: null | dataId: enc.6576616c2d7669657765722f67656e65726174655f7265766965772e7079 | group: skill_enc.736b696c6c2d63726561746f72__enc.302e302e31 | tenant: public | md5: d7f883f3d3596e62618faecf298c4f5f
2026-10-02 12:00:46,443|opType: publish | rt: 9ms | status: success | requestIp: null | dataId: SKILL.md | group: skill_enc.736c61636b2d6769662d63726561746f72__enc.302e302e31 | tenant: public | md5: 20df858cb97a6638728d658d825f4683
2026-10-02 12:00:46,448|opType: publish | rt: 10ms | status: success | requestIp: null | dataId: enc.636f72652f6769665f6275696c6465722e7079 | group: skill_enc.736c61636b2d6769662d63726561746f72__enc.302e302e31 | tenant: public | md5: ad49e19c1e0219bc0e4156a5d8d240fe
2026-10-02 12:00:46,453|opType: publish | rt: 10ms | status: success | requestIp: null | dataId: resource_crons_jobs__json.json | group: agentspec__enc.656e67696e656572696e672d72617069642d70726f746f7479706572__enc.302e302e31 | tenant: public | md5: 10b7d88dda638d90ae14621334417110
2026-10-02 12:00:46,457|opType: publish | rt: 9ms | status: success | requestIp: null | dataId: enc.636f72652f6672616d655f636f6d706f7365722e7079 | group: skill_enc.736c61636b2d6769662d63726561746f72__enc.302e302e31 | tenant: public | md5: 12b7331866a67b0653b2c8e026210637
2026-10-02 12:00:46,462|opType: publish | rt: 10ms | status: success | requestIp: null | dataId: enc.636f72652f656173696e672e7079 | group: skill_enc.736c61636b2d6769662d63726561746f72__enc.302e302e31 | tenant: public | md5: e7fc06b3a101335c6f9c2694920f2905
2026-10-02 12:00:46,466|opType: publish | rt: 9ms | status: success | requestIp: null | dataId: resource_config_IDENTITY__md.json | group: agentspec__enc.656e67696e656572696e672d72617069642d70726f746f7479706572__enc.302e302e31 | tenant: public | md5: abc305f15d4cf08db0669e0efbbd2fdd
2026-10-02 12:00:46,471|opType: publish | rt: 9ms | status: success | requestIp: null | dataId: skill_index.json | group: skill_pptx | tenant: public | md5: dd643ae91b03e129e3cc1029c1cf4997
2026-10-02 12:00:46,476|opType: publish | rt: 10ms | status: success | requestIp: null | dataId: resource_tool-analysis_tool-analysis__json.json | group: agentspec__enc.656e67696e656572696e672d72617069642d70726f746f7479706572__enc.302e302e31 | tenant: public | md5: 4fe93c5f7baadafe38fb12461f6e69fe
2026-10-02 12:00:46,480|opType: publish | rt: 9ms | status: success | requestIp: null | dataId: resource_config_MEMORY__md.json | group: agentspec__enc.656e67696e656572696e672d72617069642d70726f746f7479706572__enc.302e302e31 | tenant: public | md5: 4beae42a10609301a99b5f7345347a66
2026-10-02 12:00:46,485|opType: publish | rt: 9ms | status: success | requestIp: null | dataId: resource_config_AGENTS__md.json | group: agentspec__enc.656e67696e656572696e672d72617069642d70726f746f7479706572__enc.302e302e31 | tenant: public | md5: ad20d63b6da9e2d6e64ec8f2b90d23ff
2026-10-02 12:00:46,490|opType: publish | rt: 10ms | status: success | requestIp: null | dataId: resource_config_SOUL__md.json | group: agentspec__enc.656e67696e656572696e672d72617069642d70726f746f7479706572__enc.302e302e31 | tenant: public | md5: a368279cd14ef6a13d14f5c2eec0d92c
2026-10-02 12:00:46,493|opType: publish | rt: 8ms | status: success | requestIp: null | dataId: LICENSE.txt | group: skill_enc.736c61636b2d6769662d63726561746f72__enc.302e302e31 | tenant: public | md5: 175792518e4ac015ab6696d16c4f607e
2026-10-02 12:00:46,496|opType: publish | rt: 9ms | status: success | requestIp: null | dataId: manifest.json | group: agentspec__enc.656e67696e656572696e672d73656375726974792d656e67696e656572__enc.302e302e31 | tenant: public | md5: 05b246a3c514be33441f13d5b13182cf
2026-10-02 12:00:46,508|opType: publish | rt: 8ms | status: success | requestIp: null | dataId: resource_crons_jobs__json.json | group: agentspec__enc.656e67696e656572696e672d73656375726974792d656e67696e656572__enc.302e302e31 | tenant: public | md5: e42706ae68fa1a9477c139a1dd040a74
2026-10-02 12:00:46,514|opType: publish | rt: 8ms | status: success | requestIp: null | dataId: requirements.txt | group: skill_enc.736c61636b2d6769662d63726561746f72__enc.302e302e31 | tenant: public | md5: f0438b406aa799a2f7be030d5f0e2185
2026-10-02 12:00:46,518|opType: publish | rt: 8ms | status: success | requestIp: null | dataId: resource_config_IDENTITY__md.json | group: agentspec__enc.656e67696e656572696e672d73656375726974792d656e67696e656572__enc.302e302e31 | tenant: public | md5: 80b5f905fa85a1a1cb15334cc52fbf98
2026-10-02 12:00:46,525|opType: publish | rt: 8ms | status: success | requestIp: null | dataId: resource_tool-analysis_tool-analysis__json.json | group: agentspec__enc.656e67696e656572696e672d73656375726974792d656e67696e656572__enc.302e302e31 | tenant: public | md5: beaa0f3ce8cdaf108e7770f2ed9c8076
2026-10-02 12:00:46,529|opType: publish | rt: 9ms | status: success | requestIp: null | dataId: resource_config_AGENTS__md.json | group: agentspec__enc.656e67696e656572696e672d73656375726974792d656e67696e656572__enc.302e302e31 | tenant: public | md5: 47657b83bb02768e7e5a396baea3ea93
2026-10-02 12:00:46,531|opType: publish | rt: 8ms | status: success | requestIp: null | dataId: resource_config_SOUL__md.json | group: agentspec__enc.656e67696e656572696e672d73656375726974792d656e67696e656572__enc.302e302e31 | tenant: public | md5: 1f0cd09a116a70a9b701fcc9d9c7e8f7
2026-10-02 12:00:46,539|opType: publish | rt: 8ms | status: success | requestIp: null | dataId: resource_config_MEMORY__md.json | group: agentspec__enc.656e67696e656572696e672d73656375726974792d656e67696e656572__enc.302e302e31 | tenant: public | md5: a529b504d916331323260b74743cc661
2026-10-02 12:00:46,541|opType: publish | rt: 8ms | status: success | requestIp: null | dataId: enc.636f72652f76616c696461746f72732e7079 | group: skill_enc.736c61636b2d6769662d63726561746f72__enc.302e302e31 | tenant: public | md5: b5e65b65d0d099f5b0f92201adfaac05
2026-10-02 12:00:46,546|opType: publish | rt: 7ms | status: success | requestIp: null | dataId: SKILL.md | group: skill_enc.74656d706c6174652d736b696c6c__enc.302e302e31 | tenant: public | md5: 2482ca23826a53403bd87dbb246044ab
2026-10-02 12:00:46,558|opType: publish | rt: 8ms | status: success | requestIp: null | dataId: manifest.json | group: agentspec__enc.656e67696e656572696e672d73656e696f722d646576656c6f706572__enc.302e302e31 | tenant: public | md5: 0a833d5738be3004213f400b0d09b97f
2026-10-02 12:00:46,564|opType: publish | rt: 8ms | status: success | requestIp: null | dataId: resource_crons_jobs__json.json | group: agentspec__enc.656e67696e656572696e672d73656e696f722d646576656c6f706572__enc.302e302e31 | tenant: public | md5: 005c154eb3f81a463e11c0fbe49e8b50
2026-10-02 12:00:46,568|opType: publish | rt: 8ms | status: success | requestIp: null | dataId: resource_config_IDENTITY__md.json | group: agentspec__enc.656e67696e656572696e672d73656e696f722d646576656c6f706572__enc.302e302e31 | tenant: public | md5: ab47e9be0446a69641ff6a71d337aec8
2026-10-02 12:00:46,572|opType: publish | rt: 8ms | status: success | requestIp: null | dataId: resource_tool-analysis_tool-analysis__json.json | group: agentspec__enc.656e67696e656572696e672d73656e696f722d646576656c6f706572__enc.302e302e31 | tenant: public | md5: a87b20af9015fd2525cf4cea46ba79fc
2026-10-02 12:00:46,576|opType: publish | rt: 8ms | status: success | requestIp: null | dataId: resource_config_AGENTS__md.json | group: agentspec__enc.656e67696e656572696e672d73656e696f722d646576656c6f706572__enc.302e302e31 | tenant: public | md5: fa180dd237adb4dc67ad52a6f83c6704
2026-10-02 12:00:46,579|opType: publish | rt: 9ms | status: success | requestIp: null | dataId: resource_config_SOUL__md.json | group: agentspec__enc.656e67696e656572696e672d73656e696f722d646576656c6f706572__enc.302e302e31 | tenant: public | md5: dbaeeae03c3cccddcc662155ff175b4f
2026-10-02 12:00:46,589|opType: publish | rt: 8ms | status: success | requestIp: null | dataId: resource_config_MEMORY__md.json | group: agentspec__enc.656e67696e656572696e672d73656e696f722d646576656c6f706572__enc.302e302e31 | tenant: public | md5: 458385c3206944fa12b7c8a6459df7f3
2026-10-02 12:00:46,598|opType: publish | rt: 5ms | status: success | requestIp: null | dataId: manifest.json | group: agentspec__enc.656e67696e656572696e672d736f6674776172652d617263686974656374__enc.302e302e31 | tenant: public | md5: 501ae0702796c43880df910ee4682629
2026-10-02 12:00:46,608|opType: publish | rt: 5ms | status: success | requestIp: null | dataId: resource_crons_jobs__json.json | group: agentspec__enc.656e67696e656572696e672d736f6674776172652d617263686974656374__enc.302e302e31 | tenant: public | md5: cc980c11b0429996337a2bbff0814c3f
2026-10-02 12:00:46,689|opType: publish | rt: 9ms | status: success | requestIp: null | dataId: resource_config_IDENTITY__md.json | group: agentspec__enc.656e67696e656572696e672d736f6674776172652d617263686974656374__enc.302e302e31 | tenant: public | md5: 8e546aeac8c2d5c700e407414f0214df
2026-10-02 12:00:46,693|opType: publish | rt: 10ms | status: success | requestIp: null | dataId: resource_tool-analysis_tool-analysis__json.json | group: agentspec__enc.656e67696e656572696e672d736f6674776172652d617263686974656374__enc.302e302e31 | tenant: public | md5: 9055b25417f028536d20c61039907243
2026-10-02 12:00:46,696|opType: publish | rt: 8ms | status: success | requestIp: null | dataId: LICENSE.txt | group: skill_enc.7468656d652d666163746f7279__enc.302e302e31 | tenant: public | md5: 175792518e4ac015ab6696d16c4f607e
2026-10-02 12:00:46,700|opType: publish | rt: 7ms | status: success | requestIp: null | dataId: enc.7468656d65732f666f726573742d63616e6f70792e6d64 | group: skill_enc.7468656d652d666163746f7279__enc.302e302e31 | tenant: public | md5: a97be058e329c04c4b61de0f3072ccbd
2026-10-02 12:00:46,701|opType: publish | rt: 5ms | status: success | requestIp: null | dataId: enc.7468656d65732f6465736572742d726f73652e6d64 | group: skill_enc.7468656d652d666163746f7279__enc.302e302e31 | tenant: public | md5: 0bb0468ce18d9d8bdc13210e5e011199
2026-10-02 12:00:46,704|opType: publish | rt: 5ms | status: success | requestIp: null | dataId: enc.7468656d65732f746563682d696e6e6f766174696f6e2e6d64 | group: skill_enc.7468656d652d666163746f7279__enc.302e302e31 | tenant: public | md5: fcc062f7c91159298558ab7e2c23f102
2026-10-02 12:00:46,708|opType: publish | rt: 7ms | status: success | requestIp: null | dataId: enc.7468656d65732f6172637469632d66726f73742e6d64 | group: skill_enc.7468656d652d666163746f7279__enc.302e302e31 | tenant: public | md5: b965587321a87fec6fcfb74479a0792d
2026-10-02 12:00:46,712|opType: publish | rt: 8ms | status: success | requestIp: null | dataId: enc.7468656d65732f626f74616e6963616c2d67617264656e2e6d64 | group: skill_enc.7468656d652d666163746f7279__enc.302e302e31 | tenant: public | md5: cbcf4b3c4440efbd2515c5edbb125cbd
2026-10-02 12:00:46,716|opType: publish | rt: 8ms | status: success | requestIp: null | dataId: enc.7468656d65732f6d69646e696768742d67616c6178792e6d64 | group: skill_enc.7468656d652d666163746f7279__enc.302e302e31 | tenant: public | md5: f2c28f1a3a8e9f132cb2625fbb674317
2026-10-02 12:00:46,720|opType: publish | rt: 8ms | status: success | requestIp: null | dataId: enc.7468656d65732f73756e7365742d626f756c65766172642e6d64 | group: skill_enc.7468656d652d666163746f7279__enc.302e302e31 | tenant: public | md5: 7a533182584962e7bb5e7577874d0768
2026-10-02 12:00:46,782|opType: publish | rt: 44ms | status: success | requestIp: null | dataId: enc.7468656d65732f6d6f6465726e2d6d696e696d616c6973742e6d64 | group: skill_enc.7468656d652d666163746f7279__enc.302e302e31 | tenant: public | md5: 73b67cfa216fb776976ed268c36f394e
2026-10-02 12:00:46,789|opType: publish | rt: 69ms | status: success | requestIp: null | dataId: SKILL.md | group: skill_enc.7468656d652d666163746f7279__enc.302e302e31 | tenant: public | md5: 4696a61f13e57c7b32f1b159ea7a9e01
2026-10-02 12:00:46,795|opType: publish | rt: 46ms | status: success | requestIp: null | dataId: enc.7468656d65732f6f6365616e2d6465707468732e6d64 | group: skill_enc.7468656d652d666163746f7279__enc.302e302e31 | tenant: public | md5: 702f14f8a16eb7943f4f8fa18632bea7
2026-10-02 12:00:46,816|opType: publish | rt: 100ms | status: success | requestIp: null | dataId: theme-showcase.pdf | group: skill_enc.7468656d652d666163746f7279__enc.302e302e31 | tenant: public | md5: 91a305895465170b9ba6ee57e3f896d6
2026-10-02 12:00:46,820|opType: publish | rt: 38ms | status: success | requestIp: null | dataId: resource_config_AGENTS__md.json | group: agentspec__enc.656e67696e656572696e672d736f6674776172652d617263686974656374__enc.302e302e31 | tenant: public | md5: 1939b3b24daa6cde1914aee1982ee163
2026-10-02 12:00:46,820|opType: publish | rt: 43ms | status: success | requestIp: null | dataId: enc.7468656d65732f676f6c64656e2d686f75722e6d64 | group: skill_enc.7468656d652d666163746f7279__enc.302e302e31 | tenant: public | md5: 5b29778bec2c4fe98afff9f852d7bebc
2026-10-02 12:00:46,824|opType: publish | rt: 29ms | status: success | requestIp: null | dataId: skill_index.json | group: skill_skill-creator | tenant: public | md5: b5dea4a8177b0ed60ab0ea72dcca490f
2026-10-02 12:00:46,834|opType: publish | rt: 14ms | status: success | requestIp: null | dataId: resource_config_SOUL__md.json | group: agentspec__enc.656e67696e656572696e672d736f6674776172652d617263686974656374__enc.302e302e31 | tenant: public | md5: 04d16343db7453d62abccc9e3ce80717
2026-10-02 12:00:46,834|opType: publish | rt: 25ms | status: success | requestIp: null | dataId: resource_config_MEMORY__md.json | group: agentspec__enc.656e67696e656572696e672d736f6674776172652d617263686974656374__enc.302e302e31 | tenant: public | md5: 1688b1d377fa168b08784a7bd062f78b
2026-10-02 12:00:46,834|opType: publish | rt: 19ms | status: success | requestIp: null | dataId: manifest.json | group: agentspec__enc.656e67696e656572696e672d736f6c69646974792d736d6172742d636f6e74726163742d656e67696e656572__enc.302e302e31 | tenant: public | md5: 77791a078a37c5dd0f21a30f1a85c50a
2026-10-02 12:00:46,839|opType: publish | rt: 15ms | status: success | requestIp: null | dataId: resource_crons_jobs__json.json | group: agentspec__enc.656e67696e656572696e672d736f6c69646974792d736d6172742d636f6e74726163742d656e67696e656572__enc.302e302e31 | tenant: public | md5: b4324fd43e693d940b80116d30d6e16b
2026-10-02 12:00:46,843|opType: publish | rt: 14ms | status: success | requestIp: null | dataId: resource_config_IDENTITY__md.json | group: agentspec__enc.656e67696e656572696e672d736f6c69646974792d736d6172742d636f6e74726163742d656e67696e656572__enc.302e302e31 | tenant: public | md5: 4754894acbd2e28efd451aea6fc4b51e
2026-10-02 12:00:46,844|opType: publish | rt: 10ms | status: success | requestIp: null | dataId: resource_config_AGENTS__md.json | group: agentspec__enc.656e67696e656572696e672d737265__enc.302e302e31 | tenant: public | md5: ef424f0215a2cbceba97dfd3e1ddef31
2026-10-02 12:00:46,848|opType: publish | rt: 9ms | status: success | requestIp: null | dataId: resource_tool-analysis_tool-analysis__json.json | group: agentspec__enc.656e67696e656572696e672d736f6c69646974792d736d6172742d636f6e74726163742d656e67696e656572__enc.302e302e31 | tenant: public | md5: 54e6441e8aa2accf55cdef6a84dc6afb
2026-10-02 12:00:46,852|opType: publish | rt: 9ms | status: success | requestIp: null | dataId: resource_config_SOUL__md.json | group: agentspec__enc.656e67696e656572696e672d736f6c69646974792d736d6172742d636f6e74726163742d656e67696e656572__enc.302e302e31 | tenant: public | md5: e535ad310bb5f2887a5acc2688df9ca3
2026-10-02 12:00:46,857|opType: publish | rt: 10ms | status: success | requestIp: null | dataId: resource_config_AGENTS__md.json | group: agentspec__enc.656e67696e656572696e672d736f6c69646974792d736d6172742d636f6e74726163742d656e67696e656572__enc.302e302e31 | tenant: public | md5: ee22de0f81c14d9c99acff9f470122eb
2026-10-02 12:00:46,862|opType: publish | rt: 10ms | status: success | requestIp: null | dataId: resource_config_MEMORY__md.json | group: agentspec__enc.656e67696e656572696e672d736f6c69646974792d736d6172742d636f6e74726163742d656e67696e656572__enc.302e302e31 | tenant: public | md5: ce949042bd1f131d6d957198532904ef
2026-10-02 12:00:46,865|opType: publish | rt: 9ms | status: success | requestIp: null | dataId: skill_index.json | group: skill_slack-gif-creator | tenant: public | md5: 132d750b9d65dd9f955dffbd7d1b505b
2026-10-02 12:00:46,869|opType: publish | rt: 7ms | status: success | requestIp: null | dataId: manifest.json | group: agentspec__enc.656e67696e656572696e672d737265__enc.302e302e31 | tenant: public | md5: df36dbb8dccd4740f74d4e9ce72c1662
2026-10-02 12:00:46,875|opType: publish | rt: 10ms | status: success | requestIp: null | dataId: resource_crons_jobs__json.json | group: agentspec__enc.656e67696e656572696e672d737265__enc.302e302e31 | tenant: public | md5: de7c06c08dd6ee1ff848bc6cb58804f5
2026-10-02 12:00:46,880|opType: publish | rt: 11ms | status: success | requestIp: null | dataId: skill_index.json | group: skill_template-skill | tenant: public | md5: a954ba25a6022882637d1312aa486859
2026-10-02 12:00:46,885|opType: publish | rt: 10ms | status: success | requestIp: null | dataId: resource_tool-analysis_tool-analysis__json.json | group: agentspec__enc.656e67696e656572696e672d737265__enc.302e302e31 | tenant: public | md5: 8033b064d76d932072d400c312c0c19a
2026-10-02 12:00:46,889|opType: publish | rt: 9ms | status: success | requestIp: null | dataId: resource_config_MEMORY__md.json | group: agentspec__enc.656e67696e656572696e672d737265__enc.302e302e31 | tenant: public | md5: a96261a41d15ce1d9daecad4cc87c9ad
2026-10-02 12:00:46,894|opType: publish | rt: 9ms | status: success | requestIp: null | dataId: resource_config_IDENTITY__md.json | group: agentspec__enc.656e67696e656572696e672d737265__enc.302e302e31 | tenant: public | md5: 81fb255bc191fb47569964d9c2382fa5
2026-10-02 12:00:46,899|opType: publish | rt: 10ms | status: success | requestIp: null | dataId: resource_config_SOUL__md.json | group: agentspec__enc.656e67696e656572696e672d737265__enc.302e302e31 | tenant: public | md5: 84e9d72e4dca26fa06b51ea8b310d11b
2026-10-02 12:00:46,903|opType: publish | rt: 9ms | status: success | requestIp: null | dataId: manifest.json | group: agentspec__enc.656e67696e656572696e672d746563686e6963616c2d777269746572__enc.302e302e31 | tenant: public | md5: c755fa271446110885cd5a897c9e6dc7
2026-10-02 12:00:46,908|opType: publish | rt: 10ms | status: success | requestIp: null | dataId: resource_crons_jobs__json.json | group: agentspec__enc.656e67696e656572696e672d746563686e6963616c2d777269746572__enc.302e302e31 | tenant: public | md5: 36771f139b911ac8e06a0c01ba95754d
2026-10-02 12:00:46,913|opType: publish | rt: 10ms | status: success | requestIp: null | dataId: resource_config_IDENTITY__md.json | group: agentspec__enc.656e67696e656572696e672d746563686e6963616c2d777269746572__enc.302e302e31 | tenant: public | md5: 367ca154bfdd3a9d64414fbbb545d772
2026-10-02 12:00:46,917|opType: publish | rt: 9ms | status: success | requestIp: null | dataId: resource_tool-analysis_tool-analysis__json.json | group: agentspec__enc.656e67696e656572696e672d746563686e6963616c2d777269746572__enc.302e302e31 | tenant: public | md5: 8c2812414ba4b0d5b197e7da710643b1
2026-10-02 12:00:46,920|opType: publish | rt: 10ms | status: success | requestIp: null | dataId: resource_config_AGENTS__md.json | group: agentspec__enc.656e67696e656572696e672d746563686e6963616c2d777269746572__enc.302e302e31 | tenant: public | md5: 1a6cba6086c57182999527dbdc29ca40
2026-10-02 12:00:47,052|opType: publish | rt: 8ms | status: success | requestIp: null | dataId: resource_config_SOUL__md.json | group: agentspec__enc.656e67696e656572696e672d746563686e6963616c2d777269746572__enc.302e302e31 | tenant: public | md5: 88d7a53cfee9a002e8208cbeab52454e
2026-10-02 12:00:47,057|opType: publish | rt: 9ms | status: success | requestIp: null | dataId: SKILL.md | group: skill_enc.7765622d6172746966616374732d6275696c646572__enc.302e302e31 | tenant: public | md5: 57d897764216b1c7cb2e3ba8fd2d6da0
2026-10-02 12:00:47,061|opType: publish | rt: 9ms | status: success | requestIp: null | dataId: enc.736372697074732f696e69742d61727469666163742e7368 | group: skill_enc.7765622d6172746966616374732d6275696c646572__enc.302e302e31 | tenant: public | md5: cffd995203d8d54844d67ed87572d1cd
2026-10-02 12:00:47,068|opType: publish | rt: 12ms | status: success | requestIp: null | dataId: LICENSE.txt | group: skill_enc.7765622d6172746966616374732d6275696c646572__enc.302e302e31 | tenant: public | md5: 175792518e4ac015ab6696d16c4f607e
2026-10-02 12:00:47,074|opType: publish | rt: 13ms | status: success | requestIp: null | dataId: enc.736372697074732f73686164636e2d636f6d706f6e656e74732e7461722e677a | group: skill_enc.7765622d6172746966616374732d6275696c646572__enc.302e302e31 | tenant: public | md5: 63251b9b168c47c7b83bc30133e45462
2026-10-02 12:00:47,078|opType: publish | rt: 10ms | status: success | requestIp: null | dataId: enc.736372697074732f62756e646c652d61727469666163742e7368 | group: skill_enc.7765622d6172746966616374732d6275696c646572__enc.302e302e31 | tenant: public | md5: 22f56bef1c502e4ab4ae913ac27d622c
2026-10-02 12:00:47,082|opType: publish | rt: 8ms | status: success | requestIp: null | dataId: resource_config_MEMORY__md.json | group: agentspec__enc.656e67696e656572696e672d746563686e6963616c2d777269746572__enc.302e302e31 | tenant: public | md5: 32c34d1871c1601479cc04eb0d9ac717
2026-10-02 12:00:47,086|opType: publish | rt: 8ms | status: success | requestIp: null | dataId: skill_index.json | group: skill_theme-factory | tenant: public | md5: e0c1cbdda2ac0138e96fd27efe7da923
2026-10-02 12:00:47,109|opType: publish | rt: 23ms | status: success | requestIp: null | dataId: resource_config_IDENTITY__md.json | group: agentspec__enc.656e67696e656572696e672d7468726561742d646574656374696f6e2d656e67696e656572__enc.302e302e31 | tenant: public | md5: 14e279805cd97c7327d39d3c63960b25
2026-10-02 12:00:47,121|opType: publish | rt: 39ms | status: success | requestIp: null | dataId: resource_crons_jobs__json.json | group: agentspec__enc.656e67696e656572696e672d7468726561742d646574656374696f6e2d656e67696e656572__enc.302e302e31 | tenant: public | md5: 372b814b707008317573b7e040d1c25e
2026-10-02 12:00:47,142|opType: publish | rt: 45ms | status: success | requestIp: null | dataId: resource_config_AGENTS__md.json | group: agentspec__enc.656e67696e656572696e672d7468726561742d646574656374696f6e2d656e67696e656572__enc.302e302e31 | tenant: public | md5: 5447184ab9ed1e04406d36aac93e88c5
2026-10-02 12:00:47,146|opType: publish | rt: 29ms | status: success | requestIp: null | dataId: resource_tool-analysis_tool-analysis__json.json | group: agentspec__enc.656e67696e656572696e672d7468726561742d646574656374696f6e2d656e67696e656572__enc.302e302e31 | tenant: public | md5: d0ce86a848f7647ae4690c48c2ca9699
2026-10-02 12:00:47,151|opType: publish | rt: 47ms | status: success | requestIp: null | dataId: resource_config_MEMORY__md.json | group: agentspec__enc.656e67696e656572696e672d7468726561742d646574656374696f6e2d656e67696e656572__enc.302e302e31 | tenant: public | md5: e763a3d35e6f32383562e28881bea332
2026-10-02 12:00:47,155|opType: publish | rt: 46ms | status: success | requestIp: null | dataId: SKILL.md | group: skill_enc.7765626170702d74657374696e67__enc.302e302e31 | tenant: public | md5: abc12fae434683796ea613bd74c2aea6
2026-10-02 12:00:47,158|opType: publish | rt: 45ms | status: success | requestIp: null | dataId: enc.6578616d706c65732f636f6e736f6c655f6c6f6767696e672e7079 | group: skill_enc.7765626170702d74657374696e67__enc.302e302e31 | tenant: public | md5: eeccdae76b3d57954c562d6116bf0dea
2026-10-02 12:00:47,162|opType: publish | rt: 29ms | status: success | requestIp: null | dataId: manifest.json | group: agentspec__enc.656e67696e656572696e672d7765636861742d6d696e692d70726f6772616d2d646576656c6f706572__enc.302e302e31 | tenant: public | md5: 37d93a3a70ae9207242b56b5aadbec05
2026-10-02 12:00:47,162|opType: publish | rt: 72ms | status: success | requestIp: null | dataId: manifest.json | group: agentspec__enc.656e67696e656572696e672d7468726561742d646574656374696f6e2d656e67696e656572__enc.302e302e31 | tenant: public | md5: aa2ec3e936f7bd82f4e6c48075d5323c
2026-10-02 12:00:47,162|opType: publish | rt: 25ms | status: success | requestIp: null | dataId: enc.6578616d706c65732f656c656d656e745f646973636f766572792e7079 | group: skill_enc.7765626170702d74657374696e67__enc.302e302e31 | tenant: public | md5: ab18cb3570c77564a08cc73269d7b97d
2026-10-02 12:00:47,163|opType: publish | rt: 17ms | status: success | requestIp: null | dataId: resource_config_IDENTITY__md.json | group: agentspec__enc.656e67696e656572696e672d7765636861742d6d696e692d70726f6772616d2d646576656c6f706572__enc.302e302e31 | tenant: public | md5: 5f4e050952781e0f2cdc69de99dacc65
2026-10-02 12:00:47,167|opType: publish | rt: 26ms | status: success | requestIp: null | dataId: resource_crons_jobs__json.json | group: agentspec__enc.656e67696e656572696e672d7765636861742d6d696e692d70726f6772616d2d646576656c6f706572__enc.302e302e31 | tenant: public | md5: a3a3be83559c5929bf9c3266075e9c4e
2026-10-02 12:00:47,167|opType: publish | rt: 66ms | status: success | requestIp: null | dataId: resource_config_SOUL__md.json | group: agentspec__enc.656e67696e656572696e672d7468726561742d646574656374696f6e2d656e67696e656572__enc.302e302e31 | tenant: public | md5: b6f9cf37db72de2cb1491c3f30cef64e
2026-10-02 12:00:47,167|opType: publish | rt: 47ms | status: success | requestIp: null | dataId: LICENSE.txt | group: skill_enc.7765626170702d74657374696e67__enc.302e302e31 | tenant: public | md5: 175792518e4ac015ab6696d16c4f607e
2026-10-02 12:00:47,167|opType: publish | rt: 42ms | status: success | requestIp: null | dataId: enc.6578616d706c65732f7374617469635f68746d6c5f6175746f6d6174696f6e2e7079 | group: skill_enc.7765626170702d74657374696e67__enc.302e302e31 | tenant: public | md5: b631a23dc044d41fae4614be9353527d
2026-10-02 12:00:47,171|opType: publish | rt: 42ms | status: success | requestIp: null | dataId: enc.736372697074732f776974685f7365727665722e7079 | group: skill_enc.7765626170702d74657374696e67__enc.302e302e31 | tenant: public | md5: 5182121f66c1b4279a5b3013378e6ea9
2026-10-02 12:00:47,175|opType: publish | rt: 24ms | status: success | requestIp: null | dataId: resource_tool-analysis_tool-analysis__json.json | group: agentspec__enc.656e67696e656572696e672d7765636861742d6d696e692d70726f6772616d2d646576656c6f706572__enc.302e302e31 | tenant: public | md5: eda4ea54d1c81dbeaaffb9833b160e3e
2026-10-02 12:00:47,177|opType: publish | rt: 22ms | status: success | requestIp: null | dataId: resource_config_AGENTS__md.json | group: agentspec__enc.656e67696e656572696e672d7765636861742d6d696e692d70726f6772616d2d646576656c6f706572__enc.302e302e31 | tenant: public | md5: d0149cd76db860e3f6f368f7d03db486
2026-10-02 12:00:47,177|opType: publish | rt: 15ms | status: success | requestIp: null | dataId: enc.736372697074732f6f66666963652f736368656d61732f65636d612f666f7574682d65646974696f6e2f6f70632d6469675369672e787364 | group: skill_enc.786c7378__enc.302e302e31 | tenant: public | md5: 9d845fe13cbd7ee8526c4ad2cc6eaff4
2026-10-02 12:00:47,182|opType: publish | rt: 14ms | status: success | requestIp: null | dataId: enc.736372697074732f6f66666963652f76616c69646174652e7079 | group: skill_enc.786c7378__enc.302e302e31 | tenant: public | md5: 918f544445da78a3a8927aeb4b75c2f5
2026-10-02 12:00:47,182|opType: publish | rt: 18ms | status: success | requestIp: null | dataId: SKILL.md | group: skill_enc.786c7378__enc.302e302e31 | tenant: public | md5: 82ebf009b1c6007b2a8c4e2dbdc10f1b
2026-10-02 12:00:47,187|opType: publish | rt: 14ms | status: success | requestIp: null | dataId: enc.736372697074732f6f66666963652f736368656d61732f6d6963726f736f66742f776d6c2d6365782d323031382e787364 | group: skill_enc.786c7378__enc.302e302e31 | tenant: public | md5: 0a234e24eaab261b4faf591b9d7905fb
2026-10-02 12:00:47,189|opType: publish | rt: 12ms | status: success | requestIp: null | dataId: LICENSE.txt | group: skill_enc.786c7378__enc.302e302e31 | tenant: public | md5: f8515c3694eb11622110ca76c7c15d1b
2026-10-02 12:00:47,196|opType: publish | rt: 14ms | status: success | requestIp: null | dataId: enc.736372697074732f6f66666963652f736368656d61732f49534f2d49454332393530302d345f323031362f7368617265642d6d6174682e787364 | group: skill_enc.786c7378__enc.302e302e31 | tenant: public | md5: 94871ac4677c12091c74e5dd28ae7bbd
2026-10-02 12:00:47,201|opType: publish | rt: 12ms | status: success | requestIp: null | dataId: enc.736372697074732f6f66666963652f76616c696461746f72732f646f63782e7079 | group: skill_enc.786c7378__enc.302e302e31 | tenant: public | md5: dae6866b59e1066a69f7695fb106c798
2026-10-02 12:00:47,203|opType: publish | rt: 9ms | status: success | requestIp: null | dataId: enc.736372697074732f6f66666963652f76616c696461746f72732f7265646c696e696e672e7079 | group: skill_enc.786c7378__enc.302e302e31 | tenant: public | md5: b2306b0d59975cfbb1325a6c2de3a771
2026-10-02 12:00:47,208|opType: publish | rt: 10ms | status: success | requestIp: null | dataId: enc.736372697074732f6f66666963652f76616c696461746f72732f5f5f696e69745f5f2e7079 | group: skill_enc.786c7378__enc.302e302e31 | tenant: public | md5: 9577920dc811fff9762a96d4095d95e5
2026-10-02 12:00:47,213|opType: publish | rt: 10ms | status: success | requestIp: null | dataId: resource_config_MEMORY__md.json | group: agentspec__enc.656e67696e656572696e672d7765636861742d6d696e692d70726f6772616d2d646576656c6f706572__enc.302e302e31 | tenant: public | md5: 6035bb30a7de4416dc17bea45a7a894a
2026-10-02 12:00:47,218|opType: publish | rt: 10ms | status: success | requestIp: null | dataId: resource_config_SOUL__md.json | group: agentspec__enc.656e67696e656572696e672d7765636861742d6d696e692d70726f6772616d2d646576656c6f706572__enc.302e302e31 | tenant: public | md5: e0c1a80574160daf39bbd88ba8de4d5d
2026-10-02 12:00:47,292|opType: publish | rt: 48ms | status: success | requestIp: null | dataId: resource_crons_jobs__json.json | group: agentspec__enc.66696e616e63652d66696e616e6369616c2d666f7265636173746572__enc.302e302e31 | tenant: public | md5: 98166f1c02d1ab09ba5342d79b9165ca
2026-10-02 12:00:47,292|opType: publish | rt: 65ms | status: success | requestIp: null | dataId: resource_config_SOUL__md.json | group: agentspec__enc.66696e616e63652d66696e616e6369616c2d666f7265636173746572__enc.302e302e31 | tenant: public | md5: 77a36f2b13568d65b5f088182b1e5cfd
2026-10-02 12:00:47,293|opType: publish | rt: 75ms | status: success | requestIp: null | dataId: enc.736372697074732f6f66666963652f68656c706572732f6d657267655f72756e732e7079 | group: skill_enc.786c7378__enc.302e302e31 | tenant: public | md5: 50d4546be7e221a5fd8620eea68d50d9
2026-10-02 12:00:47,330|opType: publish | rt: 45ms | status: success | requestIp: null | dataId: resource_config_IDENTITY__md.json | group: agentspec__enc.66696e616e63652d66696e616e6369616c2d666f7265636173746572__enc.302e302e31 | tenant: public | md5: 9676157717e18162c02f1d4a0ecf7495
2026-10-02 12:00:47,330|opType: publish | rt: 40ms | status: success | requestIp: null | dataId: resource_config_AGENTS__md.json | group: agentspec__enc.66696e616e63652d66696e616e6369616c2d666f7265636173746572__enc.302e302e31 | tenant: public | md5: 36a2df728e722be7fdac479d8e575fbd
2026-10-02 12:00:47,330|opType: publish | rt: 117ms | status: success | requestIp: null | dataId: enc.736372697074732f6f66666963652f736368656d61732f49534f2d49454332393530302d345f323031362f646d6c2d6d61696e2e787364 | group: skill_enc.786c7378__enc.302e302e31 | tenant: public | md5: 3f7ce9be7913e9b2f671973348d53c7a
2026-10-02 12:00:47,334|opType: publish | rt: 14ms | status: success | requestIp: null | dataId: resource_config_MEMORY__md.json | group: agentspec__enc.66696e616e63652d66696e616e6369616c2d666f7265636173746572__enc.302e302e31 | tenant: public | md5: aa64d2644cffbe9ca58b23bf2fffd9d7
2026-10-02 12:00:47,335|opType: publish | rt: 28ms | status: success | requestIp: null | dataId: resource_tool-analysis_tool-analysis__json.json | group: agentspec__enc.66696e616e63652d66696e616e6369616c2d666f7265636173746572__enc.302e302e31 | tenant: public | md5: 3f68fda80ede7a8399166b2858c1cc50
2026-10-02 12:00:47,335|opType: publish | rt: 41ms | status: success | requestIp: null | dataId: manifest.json | group: agentspec__enc.66696e616e63652d66696e616e6369616c2d666f7265636173746572__enc.302e302e31 | tenant: public | md5: e1e19b0731312ddf0e0fefff40966f6f
2026-10-02 12:00:47,337|opType: publish | rt: 10ms | status: success | requestIp: null | dataId: enc.736372697074732f6f66666963652f736368656d61732f49534f2d49454332393530302d345f323031362f766d6c2d737072656164736865657444726177696e672e787364 | group: skill_enc.786c7378__enc.302e302e31 | tenant: public | md5: f35f25b251fc0c301476cbbbc4919beb
2026-10-02 12:00:47,341|opType: publish | rt: 9ms | status: success | requestIp: null | dataId: enc.736372697074732f6f66666963652f68656c706572732f73696d706c6966795f7265646c696e65732e7079 | group: skill_enc.786c7378__enc.302e302e31 | tenant: public | md5: 27067501a5bad066bd22891d8b6ee040
2026-10-02 12:00:47,348|opType: publish | rt: 12ms | status: success | requestIp: null | dataId: enc.736372697074732f6f66666963652f736368656d61732f49534f2d49454332393530302d345f323031362f646d6c2d737072656164736865657444726177696e672e787364 | group: skill_enc.786c7378__enc.302e302e31 | tenant: public | md5: bc7e1640a33e0ca1f35cb2016510e916
2026-10-02 12:00:47,409|opType: publish | rt: 64ms | status: success | requestIp: null | dataId: enc.736372697074732f726563616c632e7079 | group: skill_enc.786c7378__enc.302e302e31 | tenant: public | md5: 530f1af38e5857df10c661d2356d179d
2026-10-02 12:00:47,414|opType: publish | rt: 64ms | status: success | requestIp: null | dataId: resource_crons_jobs__json.json | group: agentspec__enc.66696e616e63652d66726175642d6465746563746f72__enc.302e302e31 | tenant: public | md5: b78865a4103ae3c2aa74497e934d5f89
2026-10-02 12:00:47,414|opType: publish | rt: 44ms | status: success | requestIp: null | dataId: manifest.json | group: agentspec__enc.66696e616e63652d66726175642d6465746563746f72__enc.302e302e31 | tenant: public | md5: ec4d5042ad5cd6c5af0972c900988f6a
2026-10-02 12:00:47,414|opType: publish | rt: 56ms | status: success | requestIp: null | dataId: skill_index.json | group: skill_web-artifacts-builder | tenant: public | md5: b62e9c05d4309904336002d77b78579d
2026-10-02 12:00:47,419|opType: publish | rt: 25ms | status: success | requestIp: null | dataId: resource_config_IDENTITY__md.json | group: agentspec__enc.66696e616e63652d66726175642d6465746563746f72__enc.302e302e31 | tenant: public | md5: 74b195a9a40421b5fc808c59f978cb8c
2026-10-02 12:00:47,424|opType: publish | rt: 18ms | status: success | requestIp: null | dataId: resource_tool-analysis_tool-analysis__json.json | group: agentspec__enc.66696e616e63652d66726175642d6465746563746f72__enc.302e302e31 | tenant: public | md5: d9052ca26cd6f6d06b789c2333e57dee
2026-10-02 12:00:47,543|opType: publish | rt: 202ms | status: success | requestIp: null | dataId: enc.736372697074732f6f66666963652f736368656d61732f49534f2d49454332393530302d345f323031362f736d6c2e787364 | group: skill_enc.786c7378__enc.302e302e31 | tenant: public | md5: 27515244005c4c4c0ebf3fae286a9b5a
2026-10-02 12:00:47,552|opType: publish | rt: 141ms | status: success | requestIp: null | dataId: resource_config_AGENTS__md.json | group: agentspec__enc.66696e616e63652d66726175642d6465746563746f72__enc.302e302e31 | tenant: public | md5: fb05f75224157288b4011594040094f9
2026-10-02 12:00:47,552|opType: publish | rt: 131ms | status: success | requestIp: null | dataId: enc.736372697074732f6f66666963652f736368656d61732f49534f2d49454332393530302d345f323031362f7368617265642d646f63756d656e7450726f7065727469657356617269616e7454797065732e787364 | group: skill_enc.786c7378__enc.302e302e31 | tenant: public | md5: 7ed294c27d928394b5ff651d8823bd4d
2026-10-02 12:00:47,556|opType: publish | rt: 140ms | status: success | requestIp: null | dataId: resource_config_SOUL__md.json | group: agentspec__enc.66696e616e63652d66726175642d6465746563746f72__enc.302e302e31 | tenant: public | md5: 408f6d9e3a7a45e5d78ed9d492f1d903
2026-10-02 12:00:47,610|opType: publish | rt: 102ms | status: success | requestIp: null | dataId: enc.736372697074732f6f66666963652f736368656d61732f49534f2d49454332393530302d345f323031362f766d6c2d6f666669636544726177696e672e787364 | group: skill_enc.786c7378__enc.302e302e31 | tenant: public | md5: 62f39f988b634ef2c0a1e3a5281e1aa0
2026-10-02 12:00:47,612|opType: publish | rt: 182ms | status: success | requestIp: null | dataId: enc.736372697074732f6f66666963652f736368656d61732f49534f2d49454332393530302d345f323031362f646d6c2d6469616772616d2e787364 | group: skill_enc.786c7378__enc.302e302e31 | tenant: public | md5: 3ff59abd71c4b9033f19161311558ab7
2026-10-02 12:00:47,619|opType: publish | rt: 175ms | status: success | requestIp: null | dataId: resource_config_MEMORY__md.json | group: agentspec__enc.66696e616e63652d66726175642d6465746563746f72__enc.302e302e31 | tenant: public | md5: 539bf127b4dd3fd9d7d9f583b7c81c16
2026-10-02 12:00:47,622|opType: publish | rt: 74ms | status: success | requestIp: null | dataId: enc.736372697074732f6f66666963652f736368656d61732f65636d612f666f7574682d65646974696f6e2f6f70632d636f6e74656e7454797065732e787364 | group: skill_enc.786c7378__enc.302e302e31 | tenant: public | md5: 21ff9fc266194914ad84b29aa19e7018
2026-10-02 12:00:47,624|opType: publish | rt: 81ms | status: success | requestIp: null | dataId: enc.736372697074732f6f66666963652f736368656d61732f6d6963726f736f66742f776d6c2d323031302e787364 | group: skill_enc.786c7378__enc.302e302e31 | tenant: public | md5: 48d648797b801f851d23d8a5ac1190f2
2026-10-02 12:00:47,627|opType: publish | rt: 133ms | status: success | requestIp: null | dataId: enc.736372697074732f6f66666963652f736368656d61732f49534f2d49454332393530302d345f323031362f7368617265642d637573746f6d586d6c4461746150726f706572746965732e787364 | group: skill_enc.786c7378__enc.302e302e31 | tenant: public | md5: 0278c442a2adb1385c420446bdbd3449
2026-10-02 12:00:47,629|opType: publish | rt: 73ms | status: success | requestIp: null | dataId: enc.736372697074732f6f66666963652f736368656d61732f49534f2d49454332393530302d345f323031362f7368617265642d646f63756d656e7450726f70657274696573457874656e6465642e787364 | group: skill_enc.786c7378__enc.302e302e31 | tenant: public | md5: bf137503133653b6cac5d82209e65908
2026-10-02 12:00:47,636|opType: publish | rt: 27ms | status: success | requestIp: null | dataId: resource_config_SOUL__md.json | group: agentspec__enc.66696e616e63652d696e766f6963652d6d616e61676572__enc.302e302e31 | tenant: public | md5: 392a2cd84809747164b12431dab140f0
2026-10-02 12:00:47,637|opType: publish | rt: 85ms | status: success | requestIp: null | dataId: enc.736372697074732f6f66666963652f736368656d61732f49534f2d49454332393530302d345f323031362f646d6c2d6c6f636b656443616e7661732e787364 | group: skill_enc.786c7378__enc.302e302e31 | tenant: public | md5: d0683e2176f2251b64e5c68e1c375cd1
2026-10-02 12:00:47,641|opType: publish | rt: 57ms | status: success | requestIp: null | dataId: enc.736372697074732f6f66666963652f736368656d61732f6d6963726f736f66742f776d6c2d323031382e787364 | group: skill_enc.786c7378__enc.302e302e31 | tenant: public | md5: ba27663e14790ebbc5dd39ce48caf670
2026-10-02 12:00:47,642|opType: publish | rt: 62ms | status: success | requestIp: null | dataId: enc.736372697074732f6f66666963652f736368656d61732f65636d612f666f7574682d65646974696f6e2f6f70632d72656c6174696f6e73686970732e787364 | group: skill_enc.786c7378__enc.302e302e31 | tenant: public | md5: 83c1e2da90194b600688463398a125fd
2026-10-02 12:00:47,656|opType: publish | rt: 96ms | status: success | requestIp: null | dataId: enc.736372697074732f6f66666963652f736368656d61732f49534f2d49454332393530302d345f323031362f766d6c2d70726573656e746174696f6e44726177696e672e787364 | group: skill_enc.786c7378__enc.302e302e31 | tenant: public | md5: bd5fa09957c72c11b83a84f3892e1497
2026-10-02 12:00:47,664|opType: publish | rt: 45ms | status: success | requestIp: null | dataId: resource_config_AGENTS__md.json | group: agentspec__enc.66696e616e63652d696e766f6963652d6d616e61676572__enc.302e302e31 | tenant: public | md5: 96816a7aeff2e56afe6cfc72af4d2f52
2026-10-02 12:00:47,664|opType: publish | rt: 40ms | status: success | requestIp: null | dataId: resource_config_MEMORY__md.json | group: agentspec__enc.66696e616e63652d696e766f6963652d6d616e61676572__enc.302e302e31 | tenant: public | md5: eb6d1889e1dfef197e4938b697a12347
2026-10-02 12:00:47,697|opType: publish | rt: 68ms | status: success | requestIp: null | dataId: enc.736372697074732f6f66666963652f76616c696461746f72732f626173652e7079 | group: skill_enc.786c7378__enc.302e302e31 | tenant: public | md5: fd8b4f0bf6c070363709936542cecc3b
2026-10-02 12:00:47,727|opType: publish | rt: 159ms | status: success | requestIp: null | dataId: enc.736372697074732f6f66666963652f736368656d61732f6d63652f6d632e787364 | group: skill_enc.786c7378__enc.302e302e31 | tenant: public | md5: 52e5cccc1ae03c37874236bb470527d5
2026-10-02 12:00:47,741|opType: publish | rt: 143ms | status: success | requestIp: null | dataId: enc.736372697074732f6f66666963652f736368656d61732f49534f2d49454332393530302d345f323031362f7368617265642d636f6d6d6f6e53696d706c6554797065732e787364 | group: skill_enc.786c7378__enc.302e302e31 | tenant: public | md5: 8467bfda5ef339eb1df6652185d65ec9
2026-10-02 12:00:47,788|opType: publish | rt: 128ms | status: success | requestIp: null | dataId: enc.736372697074732f6f66666963652f736368656d61732f6d6963726f736f66742f776d6c2d323031322e787364 | group: skill_enc.786c7378__enc.302e302e31 | tenant: public | md5: 5510865fe8f0ccbe3c8b58b359973ef1
2026-10-02 12:00:47,801|opType: publish | rt: 145ms | status: success | requestIp: null | dataId: resource_tool-analysis_tool-analysis__json.json | group: agentspec__enc.66696e616e63652d696e766f6963652d6d616e61676572__enc.302e302e31 | tenant: public | md5: 8b693addb56b26665c4d30e7685dd1a3
2026-10-02 12:00:47,801|opType: publish | rt: 167ms | status: success | requestIp: null | dataId: resource_config_IDENTITY__md.json | group: agentspec__enc.66696e616e63652d696e766f6963652d6d616e61676572__enc.302e302e31 | tenant: public | md5: 60d1e68ee07614e021a18ea78d8e9ed4
2026-10-02 12:00:47,803|opType: publish | rt: 106ms | status: success | requestIp: null | dataId: enc.736372697074732f6f66666963652f68656c706572732f5f5f696e69745f5f2e7079 | group: skill_enc.786c7378__enc.302e302e31 | tenant: public | md5: d41d8cd98f00b204e9800998ecf8427e
2026-10-02 12:00:47,803|opType: publish | rt: 154ms | status: success | requestIp: null | dataId: enc.736372697074732f6f66666963652f736368656d61732f49534f2d49454332393530302d345f323031362f776d6c2e787364 | group: skill_enc.786c7378__enc.302e302e31 | tenant: public | md5: ba74a726d54fae2b2af6cbf3e45a0ac7
2026-10-02 12:00:47,805|opType: publish | rt: 166ms | status: success | requestIp: null | dataId: manifest.json | group: agentspec__enc.66696e616e63652d696e766f6963652d6d616e61676572__enc.302e302e31 | tenant: public | md5: 65afd5dabaec5e6f5560a63b0b938fbc
2026-10-02 12:00:47,805|opType: publish | rt: 83ms | status: success | requestIp: null | dataId: enc.736372697074732f6f66666963652f736368656d61732f49534f2d49454332393530302d345f323031362f766d6c2d776f726470726f63657373696e6744726177696e672e787364 | group: skill_enc.786c7378__enc.302e302e31 | tenant: public | md5: c29beb5dc90ef8c039e836911187520f
2026-10-02 12:00:47,812|opType: publish | rt: 102ms | status: success | requestIp: null | dataId: resource_crons_jobs__json.json | group: agentspec__enc.66696e616e63652d696e766f6963652d6d616e61676572__enc.302e302e31 | tenant: public | md5: 9dc7b0c6e2f0a2b4da7a67a9001469f6
2026-10-02 12:00:47,814|opType: publish | rt: 130ms | status: success | requestIp: null | dataId: skill_index.json | group: skill_webapp-testing | tenant: public | md5: 1fab1add2582cded48e33f7d26c141ca
2026-10-02 12:00:47,814|opType: publish | rt: 150ms | status: success | requestIp: null | dataId: enc.736372697074732f6f66666963652f736368656d61732f49534f2d49454332393530302d345f323031362f766d6c2d6d61696e2e787364 | group: skill_enc.786c7378__enc.302e302e31 | tenant: public | md5: 26a8d3552ba20d6ae290eaca673361ce
2026-10-02 12:00:47,817|opType: publish | rt: 77ms | status: success | requestIp: null | dataId: resource_tool-analysis_tool-analysis__json.json | group: agentspec__enc.67616d652d617564696f2d656e67696e656572__enc.302e302e31 | tenant: public | md5: f874685ac949aaa589be1b4cca7512e5
2026-10-02 12:00:47,817|opType: publish | rt: 90ms | status: success | requestIp: null | dataId: resource_config_IDENTITY__md.json | group: agentspec__enc.67616d652d617564696f2d656e67696e656572__enc.302e302e31 | tenant: public | md5: 2d663641dc699b0402b0a3b6b060a28f
2026-10-02 12:00:47,819|opType: publish | rt: 37ms | status: success | requestIp: null | dataId: resource_config_SOUL__md.json | group: agentspec__enc.67616d652d617564696f2d656e67696e656572__enc.302e302e31 | tenant: public | md5: 73c07aeb922eb48cf1c40ac74e401790
2026-10-02 12:00:47,819|opType: publish | rt: 25ms | status: success | requestIp: null | dataId: enc.736372697074732f6f66666963652f736368656d61732f49534f2d49454332393530302d345f323031362f646d6c2d706963747572652e787364 | group: skill_enc.786c7378__enc.302e302e31 | tenant: public | md5: b4dd1b964ecce7e2a425b022068a556d
2026-10-02 12:00:47,821|opType: publish | rt: 16ms | status: success | requestIp: null | dataId: resource_crons_jobs__json.json | group: agentspec__enc.67616d652d617564696f2d656e67696e656572__enc.302e302e31 | tenant: public | md5: 6040f64eaebe7bfefd5c2ccfc6078798
2026-10-02 12:00:47,824|opType: publish | rt: 10ms | status: success | requestIp: null | dataId: manifest.json | group: agentspec__enc.67616d652d617564696f2d656e67696e656572__enc.302e302e31 | tenant: public | md5: 4eeec437064bb36c5850264532e3f20b
2026-10-02 12:00:47,829|opType: publish | rt: 10ms | status: success | requestIp: null | dataId: enc.736372697074732f6f66666963652f736368656d61732f6d6963726f736f66742f776d6c2d73796d65782d323031352e787364 | group: skill_enc.786c7378__enc.302e302e31 | tenant: public | md5: 4ea8bf7142ea3eccb435d2acfcc60b65
2026-10-02 12:00:47,834|opType: publish | rt: 10ms | status: success | requestIp: null | dataId: resource_config_AGENTS__md.json | group: agentspec__enc.67616d652d617564696f2d656e67696e656572__enc.302e302e31 | tenant: public | md5: 3fce2e57cff8fcc47d4af882ca3e4c64
2026-10-02 12:00:47,840|opType: publish | rt: 10ms | status: success | requestIp: null | dataId: enc.736372697074732f6f66666963652f736368656d61732f49534f2d49454332393530302d345f323031362f7368617265642d646f63756d656e7450726f70657274696573437573746f6d2e787364 | group: skill_enc.786c7378__enc.302e302e31 | tenant: public | md5: 2becf9493c5347ace32a2cf0cbf73edc
2026-10-02 12:00:47,844|opType: publish | rt: 10ms | status: success | requestIp: null | dataId: resource_config_MEMORY__md.json | group: agentspec__enc.67616d652d617564696f2d656e67696e656572__enc.302e302e31 | tenant: public | md5: d37148a043c6c5cf98872758aac7d6ff
2026-10-02 12:00:47,849|opType: publish | rt: 10ms | status: success | requestIp: null | dataId: resource_crons_jobs__json.json | group: agentspec__enc.67616d652d64657369676e6572__enc.302e302e31 | tenant: public | md5: e756ccfd578c0d450f2d44ce5d750503
2026-10-02 12:00:47,854|opType: publish | rt: 10ms | status: success | requestIp: null | dataId: resource_tool-analysis_tool-analysis__json.json | group: agentspec__enc.67616d652d64657369676e6572__enc.302e302e31 | tenant: public | md5: adb632654fb3e381aefec7f9ae27bfb0
2026-10-02 12:00:47,859|opType: publish | rt: 10ms | status: success | requestIp: null | dataId: resource_config_IDENTITY__md.json | group: agentspec__enc.67616d652d64657369676e6572__enc.302e302e31 | tenant: public | md5: 8f019f3b123bb23420986cf618fba8ca
2026-10-02 12:00:47,864|opType: publish | rt: 10ms | status: success | requestIp: null | dataId: manifest.json | group: agentspec__enc.67616d652d64657369676e6572__enc.302e302e31 | tenant: public | md5: ce98d5f9b9688535408ed9c5058a5fc5
2026-10-02 12:00:47,868|opType: publish | rt: 9ms | status: success | requestIp: null | dataId: enc.736372697074732f6f66666963652f736368656d61732f6d6963726f736f66742f776d6c2d6369642d323031362e787364 | group: skill_enc.786c7378__enc.302e302e31 | tenant: public | md5: f9316c6180c204756fb142d0bdf2bee5
2026-10-02 12:00:47,873|opType: publish | rt: 10ms | status: success | requestIp: null | dataId: resource_config_MEMORY__md.json | group: agentspec__enc.67616d652d64657369676e6572__enc.302e302e31 | tenant: public | md5: 75f30303812b1c10f38cb3c29a73cb23
2026-10-02 12:00:47,877|opType: publish | rt: 9ms | status: success | requestIp: null | dataId: resource_config_SOUL__md.json | group: agentspec__enc.67616d652d64657369676e6572__enc.302e302e31 | tenant: public | md5: 12394fd38d4c93a16d5d4bd4025b98a4
2026-10-02 12:00:47,882|opType: publish | rt: 10ms | status: success | requestIp: null | dataId: resource_config_AGENTS__md.json | group: agentspec__enc.67616d652d64657369676e6572__enc.302e302e31 | tenant: public | md5: 7af8953ee43190de7363df5c5c6e1986
2026-10-02 12:00:47,886|opType: publish | rt: 9ms | status: success | requestIp: null | dataId: enc.736372697074732f6f66666963652f736368656d61732f49534f2d49454332393530302d345f323031362f646d6c2d636861727444726177696e672e787364 | group: skill_enc.786c7378__enc.302e302e31 | tenant: public | md5: 26413166ffa3dd438e2d46dfa8e9c876
2026-10-02 12:00:47,890|opType: publish | rt: 8ms | status: success | requestIp: null | dataId: enc.736372697074732f6f66666963652f736368656d61732f49534f2d49454332393530302d345f323031362f7368617265642d72656c6174696f6e736869705265666572656e63652e787364 | group: skill_enc.786c7378__enc.302e302e31 | tenant: public | md5: cfb685beb25d462b1c790c922834b348
2026-10-02 12:00:47,923|opType: publish | rt: 22ms | status: success | requestIp: null | dataId: enc.736372697074732f6f66666963652f756e7061636b2e7079 | group: skill_enc.786c7378__enc.302e302e31 | tenant: public | md5: 345c1b6a0ea7ca37e2019c2491db5fd9
2026-10-02 12:00:47,923|opType: publish | rt: 33ms | status: success | requestIp: null | dataId: enc.736372697074732f6f66666963652f736368656d61732f49534f2d49454332393530302d345f323031362f646d6c2d776f726470726f63657373696e6744726177696e672e787364 | group: skill_enc.786c7378__enc.302e302e31 | tenant: public | md5: 88236935634cef10ea1229528daa8645
2026-10-02 12:00:47,932|opType: publish | rt: 46ms | status: success | requestIp: null | dataId: enc.736372697074732f6f66666963652f736368656d61732f49534f2d49454332393530302d345f323031362f646d6c2d63686172742e787364 | group: skill_enc.786c7378__enc.302e302e31 | tenant: public | md5: ed49aff7a09c146a38ab39b0b065089f
2026-10-02 12:00:47,933|opType: publish | rt: 25ms | status: success | requestIp: null | dataId: enc.736372697074732f6f66666963652f736368656d61732f49534f2d49454332393530302d345f323031362f7368617265642d6164646974696f6e616c4368617261637465726973746963732e787364 | group: skill_enc.786c7378__enc.302e302e31 | tenant: public | md5: 6f6dbf54c9d51ce4a0ee7c4cdab14a25
2026-10-02 12:00:47,939|opType: publish | rt: 16ms | status: success | requestIp: null | dataId: manifest.json | group: agentspec__enc.67616f6b616f2d636f6c6c6567652d61647669736f72__enc.302e302e31 | tenant: public | md5: ab255144a97a4042b67177655a86b865
2026-10-02 12:00:47,940|opType: publish | rt: 9ms | status: success | requestIp: null | dataId: resource_crons_jobs__json.json | group: agentspec__enc.67616f6b616f2d636f6c6c6567652d61647669736f72__enc.302e302e31 | tenant: public | md5: 21be014079046a2e492bf0a76615003a
2026-10-02 12:00:47,965|opType: publish | rt: 12ms | status: success | requestIp: null | dataId: enc.736372697074732f6f66666963652f736368656d61732f65636d612f666f7574682d65646974696f6e2f6f70632d636f726550726f706572746965732e787364 | group: skill_enc.786c7378__enc.302e302e31 | tenant: public | md5: f3c84be92899c191b3c7a4fd2e9b6490
2026-10-02 12:00:47,966|opType: publish | rt: 26ms | status: success | requestIp: null | dataId: enc.736372697074732f6f66666963652f736368656d61732f49534f2d49454332393530302d345f323031362f7368617265642d637573746f6d586d6c536368656d6150726f706572746965732e787364 | group: skill_enc.786c7378__enc.302e302e31 | tenant: public | md5: 55271a568bfb03eedd9098960f5974cf
2026-10-02 12:00:47,992|opType: publish | rt: 31ms | status: success | requestIp: null | dataId: enc.736372697074732f6f66666963652f76616c696461746f72732f707074782e7079 | group: skill_enc.786c7378__enc.302e302e31 | tenant: public | md5: 95836f2ecb3e53862b1d166d0a11e255
2026-10-02 12:00:47,992|opType: publish | rt: 56ms | status: success | requestIp: null | dataId: enc.736372697074732f6f66666963652f736368656d61732f49534f2d49454332393530302d345f323031362f706d6c2e787364 | group: skill_enc.786c7378__enc.302e302e31 | tenant: public | md5: e4e1024cca691dab04a1964a13e34639
2026-10-02 12:00:47,997|opType: publish | rt: 18ms | status: success | requestIp: null | dataId: resource_tool-analysis_tool-analysis__json.json | group: agentspec__enc.67616f6b616f2d636f6c6c6567652d61647669736f72__enc.302e302e31 | tenant: public | md5: 5905f2a7a9352bf196b95195c550b09a
2026-10-02 12:00:47,997|opType: publish | rt: 32ms | status: success | requestIp: null | dataId: resource_config_IDENTITY__md.json | group: agentspec__enc.67616f6b616f2d636f6c6c6567652d61647669736f72__enc.302e302e31 | tenant: public | md5: 6cfdf15f91e1e47d6b5838df11c03f3e
2026-10-02 12:00:48,000|opType: publish | rt: 10ms | status: success | requestIp: null | dataId: enc.736372697074732f6f66666963652f736f66666963652e7079 | group: skill_enc.786c7378__enc.302e302e31 | tenant: public | md5: 080c37e6f18963f350dda51d922c9f06
2026-10-02 12:00:48,005|opType: publish | rt: 10ms | status: success | requestIp: null | dataId: enc.736372697074732f6f66666963652f736368656d61732f49534f2d49454332393530302d345f323031362f7368617265642d6269626c696f6772617068792e787364 | group: skill_enc.786c7378__enc.302e302e31 | tenant: public | md5: 1c0ef0ccbbc7b08bf6f8f8263a0b8d64
2026-10-02 12:00:48,010|opType: publish | rt: 10ms | status: success | requestIp: null | dataId: enc.736372697074732f6f66666963652f736368656d61732f49534f2d49454332393530302d345f323031362f786d6c2e787364 | group: skill_enc.786c7378__enc.302e302e31 | tenant: public | md5: d535ef9799e2bdadb51d7be270d51053
2026-10-02 12:00:48,012|opType: publish | rt: 9ms | status: success | requestIp: null | dataId: enc.736372697074732f6f66666963652f736368656d61732f6d6963726f736f66742f776d6c2d73647464617461686173682d323032302e787364 | group: skill_enc.786c7378__enc.302e302e31 | tenant: public | md5: f9730efba946ebaf9c2ac771c6135505
2026-10-02 12:00:48,019|opType: publish | rt: 9ms | status: success | requestIp: null | dataId: resource_config_AGENTS__md.json | group: agentspec__enc.67616f6b616f2d636f6c6c6567652d61647669736f72__enc.302e302e31 | tenant: public | md5: 116d2a6d95d6596092286483df5e7788
2026-10-02 12:00:48,024|opType: publish | rt: 9ms | status: success | requestIp: null | dataId: resource_config_SOUL__md.json | group: agentspec__enc.67616f6b616f2d636f6c6c6567652d61647669736f72__enc.302e302e31 | tenant: public | md5: 076dd27eab330641b3fe2841888777dd
2026-10-02 12:00:48,053|opType: publish | rt: 34ms | status: success | requestIp: null | dataId: enc.736372697074732f6f66666963652f7061636b2e7079 | group: skill_enc.786c7378__enc.302e302e31 | tenant: public | md5: 20d61f93e874fd961122dd0da9de7898
2026-10-02 12:00:48,060|opType: publish | rt: 36ms | status: success | requestIp: null | dataId: SKILL.md | group: skill_enc.62726f777365722d757365__enc.302e302e31 | tenant: public | md5: e5072e70d70f65366699cf438a6892e9
2026-10-02 12:00:48,065|opType: publish | rt: 13ms | status: success | requestIp: null | dataId: resource_config_MEMORY__md.json | group: agentspec__enc.67616f6b616f2d636f6c6c6567652d61647669736f72__enc.302e302e31 | tenant: public | md5: 1f6c993d8c17a38a38b315d335fc0aa7
2026-10-02 12:00:48,070|opType: publish | rt: 10ms | status: success | requestIp: null | dataId: SKILL.md | group: skill_enc.636c6f7564__enc.302e302e31 | tenant: public | md5: f19b1dca9781891077bd743696e6228f
2026-10-02 12:00:48,077|opType: publish | rt: 12ms | status: success | requestIp: null | dataId: enc.7265666572656e6365732f6775696465732f636861742d75692e6d64 | group: skill_enc.636c6f7564__enc.302e302e31 | tenant: public | md5: 1b7227ad19954f053801b1a972d47a03
2026-10-02 12:00:48,084|opType: publish | rt: 14ms | status: success | requestIp: null | dataId: enc.7265666572656e6365732f6775696465732f7375626167656e742e6d64 | group: skill_enc.636c6f7564__enc.302e302e31 | tenant: public | md5: 86251ac1664f78821e68d4b9758a1704
2026-10-02 12:00:48,087|opType: publish | rt: 13ms | status: success | requestIp: null | dataId: manifest.json | group: agentspec__enc.676f646f742d67616d65706c61792d7363726970746572__enc.302e302e31 | tenant: public | md5: 2bad83654c8ea647b8d60665c46b3d69
2026-10-02 12:00:48,092|opType: publish | rt: 12ms | status: success | requestIp: null | dataId: resource_crons_jobs__json.json | group: agentspec__enc.676f646f742d67616d65706c61792d7363726970746572__enc.302e302e31 | tenant: public | md5: c99bd630bba12c71d91cbfdd45af50cc
2026-10-02 12:00:48,098|opType: publish | rt: 14ms | status: success | requestIp: null | dataId: resource_config_IDENTITY__md.json | group: agentspec__enc.676f646f742d67616d65706c61792d7363726970746572__enc.302e302e31 | tenant: public | md5: 4f269df1e9c7a2cbb29dc1e91e10cda3
2026-10-02 12:00:48,100|opType: publish | rt: 11ms | status: success | requestIp: null | dataId: resource_tool-analysis_tool-analysis__json.json | group: agentspec__enc.676f646f742d67616d65706c61792d7363726970746572__enc.302e302e31 | tenant: public | md5: 726acdc38fc7bbbf1cf689c9ab9905b9
2026-10-02 12:00:48,114|opType: publish | rt: 16ms | status: success | requestIp: null | dataId: resource_config_SOUL__md.json | group: agentspec__enc.676f646f742d67616d65706c61792d7363726970746572__enc.302e302e31 | tenant: public | md5: dfa41363987e300bd9559a9c2b262303
2026-10-02 12:00:48,115|opType: publish | rt: 21ms | status: success | requestIp: null | dataId: resource_config_AGENTS__md.json | group: agentspec__enc.676f646f742d67616d65706c61792d7363726970746572__enc.302e302e31 | tenant: public | md5: 9e24d72ab8a9c814dc7627e23a418d15
2026-10-02 12:00:48,119|opType: publish | rt: 9ms | status: success | requestIp: null | dataId: enc.7265666572656e6365732f62726f777365722d6170692e6d64 | group: skill_enc.636c6f7564__enc.302e302e31 | tenant: public | md5: 901b66d1c011a544032b35d096188c8f
2026-10-02 12:00:48,123|opType: publish | rt: 9ms | status: success | requestIp: null | dataId: resource_config_MEMORY__md.json | group: agentspec__enc.676f646f742d67616d65706c61792d7363726970746572__enc.302e302e31 | tenant: public | md5: 500255d6a3ab8375b5a448893595f5de
2026-10-02 12:00:48,128|opType: publish | rt: 10ms | status: success | requestIp: null | dataId: enc.7265666572656e6365732f717569636b73746172742e6d64 | group: skill_enc.636c6f7564__enc.302e302e31 | tenant: public | md5: 96365e5a6d93499594d3da5c3ce751f1
2026-10-02 12:00:48,133|opType: publish | rt: 10ms | status: success | requestIp: null | dataId: resource_crons_jobs__json.json | group: agentspec__enc.676f646f742d6d756c7469706c617965722d656e67696e656572__enc.302e302e31 | tenant: public | md5: b55e5683bb07eb3515c4bd695afae4ae
2026-10-02 12:00:48,138|opType: publish | rt: 11ms | status: success | requestIp: null | dataId: manifest.json | group: agentspec__enc.676f646f742d6d756c7469706c617965722d656e67696e656572__enc.302e302e31 | tenant: public | md5: e85de1a657ed81be5c9c5bf1c3591db6
2026-10-02 12:00:48,143|opType: publish | rt: 10ms | status: success | requestIp: null | dataId: resource_config_IDENTITY__md.json | group: agentspec__enc.676f646f742d6d756c7469706c617965722d656e67696e656572__enc.302e302e31 | tenant: public | md5: 2344a14361bee0e84b3ec5bb6df0e4e2
2026-10-02 12:00:48,147|opType: publish | rt: 9ms | status: success | requestIp: null | dataId: resource_tool-analysis_tool-analysis__json.json | group: agentspec__enc.676f646f742d6d756c7469706c617965722d656e67696e656572__enc.302e302e31 | tenant: public | md5: 5925fca6f30a7bc320d9a16296c2c9d9
2026-10-02 12:00:48,152|opType: publish | rt: 9ms | status: success | requestIp: null | dataId: enc.7265666572656e6365732f66656174757265732e6d64 | group: skill_enc.636c6f7564__enc.302e302e31 | tenant: public | md5: 0def1ddc8304bcef345ffa99aea75de4
2026-10-02 12:00:48,157|opType: publish | rt: 10ms | status: success | requestIp: null | dataId: resource_config_AGENTS__md.json | group: agentspec__enc.676f646f742d6d756c7469706c617965722d656e67696e656572__enc.302e302e31 | tenant: public | md5: a811cea4949c7dbccc0aa5a5cc87ca48
2026-10-02 12:00:48,162|opType: publish | rt: 10ms | status: success | requestIp: null | dataId: resource_config_MEMORY__md.json | group: agentspec__enc.676f646f742d6d756c7469706c617965722d656e67696e656572__enc.302e302e31 | tenant: public | md5: 036341832e98e999a684e7ad71e7f087
2026-10-02 12:00:48,166|opType: publish | rt: 10ms | status: success | requestIp: null | dataId: resource_config_SOUL__md.json | group: agentspec__enc.676f646f742d6d756c7469706c617965722d656e67696e656572__enc.302e302e31 | tenant: public | md5: f1dbcfc0933230dea23df08c698aa94d
2026-10-02 12:00:48,171|opType: publish | rt: 9ms | status: success | requestIp: null | dataId: enc.7265666572656e6365732f7061747465726e732e6d64 | group: skill_enc.636c6f7564__enc.302e302e31 | tenant: public | md5: c18f73b81fda33cb4d216a9de511aba6
2026-10-02 12:00:48,175|opType: publish | rt: 9ms | status: success | requestIp: null | dataId: enc.7265666572656e6365732f6170692d76322e6d64 | group: skill_enc.636c6f7564__enc.302e302e31 | tenant: public | md5: b8f322f33fd30ee321885ad4b0957161
2026-10-02 12:00:48,180|opType: publish | rt: 10ms | status: success | requestIp: null | dataId: manifest.json | group: agentspec__enc.676f646f742d7368616465722d646576656c6f706572__enc.302e302e31 | tenant: public | md5: f3f03d227198eba9b431639ef9cd3983
2026-10-02 12:00:48,185|opType: publish | rt: 10ms | status: success | requestIp: null | dataId: enc.7265666572656e6365732f73657373696f6e732e6d64 | group: skill_enc.636c6f7564__enc.302e302e31 | tenant: public | md5: 02845c9da7d215f82664daf6d8e03469
2026-10-02 12:00:48,190|opType: publish | rt: 10ms | status: success | requestIp: null | dataId: enc.7265666572656e6365732f6170692d76332e6d64 | group: skill_enc.636c6f7564__enc.302e302e31 | tenant: public | md5: d531ae4f3a63d125f7a90c593feecdfc
2026-10-02 12:00:48,222|opType: publish | rt: 32ms | status: success | requestIp: null | dataId: SKILL.md | group: skill_enc.6f70656e2d736f75726365__enc.302e302e31 | tenant: public | md5: 822c23ae8b8d52b4e3f926a747e03ef7
2026-10-02 12:00:48,223|opType: publish | rt: 38ms | status: success | requestIp: null | dataId: enc.7265666572656e6365732f6775696465732f746f6f6c732d696e746567726174696f6e2e6d64 | group: skill_enc.636c6f7564__enc.302e302e31 | tenant: public | md5: 50447e26e509ac3f166c181ae0578504
2026-10-02 12:00:48,233|opType: publish | rt: 39ms | status: success | requestIp: null | dataId: resource_crons_jobs__json.json | group: agentspec__enc.676f646f742d7368616465722d646576656c6f706572__enc.302e302e31 | tenant: public | md5: 9192139e6df504a455f7b3a2461eaecb
2026-10-02 12:00:48,247|opType: publish | rt: 32ms | status: success | requestIp: null | dataId: enc.7265666572656e6365732f696e746567726174696f6e732e6d64 | group: skill_enc.6f70656e2d736f75726365__enc.302e302e31 | tenant: public | md5: b53fd3000b79c677930db41f682be38c
2026-10-02 12:00:48,247|opType: publish | rt: 24ms | status: success | requestIp: null | dataId: resource_config_AGENTS__md.json | group: agentspec__enc.676f646f742d7368616465722d646576656c6f706572__enc.302e302e31 | tenant: public | md5: 05332965957d73f55af486a25ead726b
2026-10-02 12:00:48,248|opType: publish | rt: 46ms | status: success | requestIp: null | dataId: resource_config_IDENTITY__md.json | group: agentspec__enc.676f646f742d7368616465722d646576656c6f706572__enc.302e302e31 | tenant: public | md5: 76104e8a0fb458ec99f9355ff43d3417
2026-10-02 12:00:48,248|opType: publish | rt: 40ms | status: success | requestIp: null | dataId: enc.7265666572656e6365732f6d6f64656c732e6d64 | group: skill_enc.6f70656e2d736f75726365__enc.302e302e31 | tenant: public | md5: 08c4d0159b44ca42804c9847006dbdfb
2026-10-02 12:00:48,254|opType: publish | rt: 26ms | status: success | requestIp: null | dataId: enc.7265666572656e6365732f717569636b73746172742e6d64 | group: skill_enc.6f70656e2d736f75726365__enc.302e302e31 | tenant: public | md5: dcd082b63e21491b99cff07b6590e177
2026-10-02 12:00:48,260|opType: publish | rt: 16ms | status: success | requestIp: null | dataId: enc.7265666572656e6365732f6167656e742e6d64 | group: skill_enc.6f70656e2d736f75726365__enc.302e302e31 | tenant: public | md5: 703c845ba2486af17492c6c99b431735
2026-10-02 12:00:48,269|opType: publish | rt: 17ms | status: success | requestIp: null | dataId: resource_tool-analysis_tool-analysis__json.json | group: agentspec__enc.676f646f742d7368616465722d646576656c6f706572__enc.302e302e31 | tenant: public | md5: dcab142f138c82e0f09c16bc036f18f3
2026-10-02 12:00:48,280|opType: publish | rt: 20ms | status: success | requestIp: null | dataId: enc.7265666572656e6365732f6163746f722e6d64 | group: skill_enc.6f70656e2d736f75726365__enc.302e302e31 | tenant: public | md5: cae3272fb501303ed1b57425c1f3fb1a
2026-10-02 12:00:48,297|opType: publish | rt: 28ms | status: success | requestIp: null | dataId: resource_config_SOUL__md.json | group: agentspec__enc.676f646f742d7368616465722d646576656c6f706572__enc.302e302e31 | tenant: public | md5: 344bd025a4b2e6fb296d087edc679e49
2026-10-02 12:00:48,326|opType: publish | rt: 46ms | status: success | requestIp: null | dataId: enc.7265666572656e6365732f6578616d706c65732e6d64 | group: skill_enc.6f70656e2d736f75726365__enc.302e302e31 | tenant: public | md5: e6790d0fe62eff99ee571460d2270309
2026-10-02 12:00:48,334|opType: publish | rt: 14ms | status: success | requestIp: null | dataId: enc.7265666572656e6365732f6d6f6e69746f72696e672e6d64 | group: skill_enc.6f70656e2d736f75726365__enc.302e302e31 | tenant: public | md5: d8357cc320d50715c428471ee4996c07
2026-10-02 12:00:48,334|opType: publish | rt: 37ms | status: success | requestIp: null | dataId: enc.7265666572656e6365732f746f6f6c732e6d64 | group: skill_enc.6f70656e2d736f75726365__enc.302e302e31 | tenant: public | md5: a70db80857383ce0723d58364abd7bf9
2026-10-02 12:00:48,339|opType: publish | rt: 13ms | status: success | requestIp: null | dataId: resource_config_MEMORY__md.json | group: agentspec__enc.676f646f742d7368616465722d646576656c6f706572__enc.302e302e31 | tenant: public | md5: a0358002e0ecc41b6f950e7379219db8
2026-10-02 12:00:48,344|opType: publish | rt: 10ms | status: success | requestIp: null | dataId: enc.7265666572656e6365732f62726f777365722e6d64 | group: skill_enc.6f70656e2d736f75726365__enc.302e302e31 | tenant: public | md5: aca6669a3d2b0ecb162a2b641d753393
2026-10-02 12:00:48,357|opType: publish | rt: 13ms | status: success | requestIp: null | dataId: manifest.json | group: agentspec__enc.676f7665726e6d656e742d6469676974616c2d70726573616c65732d636f6e73756c74616e74__enc.302e302e31 | tenant: public | md5: e7f9131fb8b8dd144618ce83c8cd05ea
2026-10-02 12:00:48,357|opType: publish | rt: 18ms | status: success | requestIp: null | dataId: skill_index.json | group: skill_xlsx | tenant: public | md5: 8c5d296c14a99c102f611f7fbac3b04c
2026-10-02 12:00:48,365|opType: publish | rt: 13ms | status: success | requestIp: null | dataId: skill_index.json | group: skill_browser-use | tenant: public | md5: a954ba25a6022882637d1312aa486859
2026-10-02 12:00:48,371|opType: publish | rt: 14ms | status: success | requestIp: null | dataId: resource_crons_jobs__json.json | group: agentspec__enc.676f7665726e6d656e742d6469676974616c2d70726573616c65732d636f6e73756c74616e74__enc.302e302e31 | tenant: public | md5: 8dc26fff76743e3e7539b81cc40d0f3a
2026-10-02 12:00:48,377|opType: publish | rt: 13ms | status: success | requestIp: null | dataId: resource_config_IDENTITY__md.json | group: agentspec__enc.676f7665726e6d656e742d6469676974616c2d70726573616c65732d636f6e73756c74616e74__enc.302e302e31 | tenant: public | md5: 6331cc5fda603023c2326ed155d89b6d
2026-10-02 12:00:48,385|opType: publish | rt: 15ms | status: success | requestIp: null | dataId: resource_tool-analysis_tool-analysis__json.json | group: agentspec__enc.676f7665726e6d656e742d6469676974616c2d70726573616c65732d636f6e73756c74616e74__enc.302e302e31 | tenant: public | md5: d9f368eecf1aa267feda92b11b29af72
2026-10-02 12:00:48,393|opType: publish | rt: 16ms | status: success | requestIp: null | dataId: resource_config_AGENTS__md.json | group: agentspec__enc.676f7665726e6d656e742d6469676974616c2d70726573616c65732d636f6e73756c74616e74__enc.302e302e31 | tenant: public | md5: 43a74d449a553fcca33f3632ff3b5824
2026-10-02 12:00:48,398|opType: publish | rt: 13ms | status: success | requestIp: null | dataId: resource_config_SOUL__md.json | group: agentspec__enc.676f7665726e6d656e742d6469676974616c2d70726573616c65732d636f6e73756c74616e74__enc.302e302e31 | tenant: public | md5: 06bb339589cf038c2be1a4bda53ea468
2026-10-02 12:00:48,405|opType: publish | rt: 12ms | status: success | requestIp: null | dataId: resource_config_MEMORY__md.json | group: agentspec__enc.676f7665726e6d656e742d6469676974616c2d70726573616c65732d636f6e73756c74616e74__enc.302e302e31 | tenant: public | md5: f5a76aded639a86f418885345cee2f22
2026-10-02 12:00:48,413|opType: publish | rt: 16ms | status: success | requestIp: null | dataId: manifest.json | group: agentspec__enc.6865616c7468636172652d6d61726b6574696e672d636f6d706c69616e6365__enc.302e302e31 | tenant: public | md5: f466ce4e131995a46452dc6165f23dec
2026-10-02 12:00:48,423|opType: publish | rt: 18ms | status: success | requestIp: null | dataId: resource_config_IDENTITY__md.json | group: agentspec__enc.6865616c7468636172652d6d61726b6574696e672d636f6d706c69616e6365__enc.302e302e31 | tenant: public | md5: 177af77e51949469ea377f332199805f
2026-10-02 12:00:48,430|opType: publish | rt: 17ms | status: success | requestIp: null | dataId: resource_crons_jobs__json.json | group: agentspec__enc.6865616c7468636172652d6d61726b6574696e672d636f6d706c69616e6365__enc.302e302e31 | tenant: public | md5: 7de5d48b7d195f1dded4d1463f1dfd47
2026-10-02 12:00:48,438|opType: publish | rt: 16ms | status: success | requestIp: null | dataId: resource_tool-analysis_tool-analysis__json.json | group: agentspec__enc.6865616c7468636172652d6d61726b6574696e672d636f6d706c69616e6365__enc.302e302e31 | tenant: public | md5: 6d9b0be794aa05b44de39bea7b2242d9
2026-10-02 12:00:48,446|opType: publish | rt: 16ms | status: success | requestIp: null | dataId: resource_config_AGENTS__md.json | group: agentspec__enc.6865616c7468636172652d6d61726b6574696e672d636f6d706c69616e6365__enc.302e302e31 | tenant: public | md5: 4778fe8a1015d44f69e33a2ebb6ddc7e
2026-10-02 12:00:48,453|opType: publish | rt: 15ms | status: success | requestIp: null | dataId: resource_config_SOUL__md.json | group: agentspec__enc.6865616c7468636172652d6d61726b6574696e672d636f6d706c69616e6365__enc.302e302e31 | tenant: public | md5: 5644097f6dba6b23e305d4ca809b3592
2026-10-02 12:00:48,461|opType: publish | rt: 15ms | status: success | requestIp: null | dataId: resource_config_MEMORY__md.json | group: agentspec__enc.6865616c7468636172652d6d61726b6574696e672d636f6d706c69616e6365__enc.302e302e31 | tenant: public | md5: 42ac431bad66512edecb78d34274f44c
2026-10-02 12:00:48,469|opType: publish | rt: 17ms | status: success | requestIp: null | dataId: manifest.json | group: agentspec__enc.68722d706572666f726d616e63652d7265766965776572__enc.302e302e31 | tenant: public | md5: 0ac5d1ad6a69472e7ca3a2edd41e7a80
2026-10-02 12:00:48,476|opType: publish | rt: 16ms | status: success | requestIp: null | dataId: resource_crons_jobs__json.json | group: agentspec__enc.68722d706572666f726d616e63652d7265766965776572__enc.302e302e31 | tenant: public | md5: 2fdbfc4d77b236e45438b8d4a549b1d2
2026-10-02 12:00:48,480|opType: publish | rt: 11ms | status: success | requestIp: null | dataId: resource_config_IDENTITY__md.json | group: agentspec__enc.68722d706572666f726d616e63652d7265766965776572__enc.302e302e31 | tenant: public | md5: e46f9ca3fe209159f3cbcfc5836f5cf0
2026-10-02 12:00:48,486|opType: publish | rt: 11ms | status: success | requestIp: null | dataId: skill_index.json | group: skill_cloud | tenant: public | md5: 65b1ce5cdc8de07335276edd5232866e
2026-10-02 12:00:48,492|opType: publish | rt: 12ms | status: success | requestIp: null | dataId: resource_tool-analysis_tool-analysis__json.json | group: agentspec__enc.68722d706572666f726d616e63652d7265766965776572__enc.302e302e31 | tenant: public | md5: c7841791f063c643aeb7c0c8f94872b5
2026-10-02 12:00:48,496|opType: publish | rt: 10ms | status: success | requestIp: null | dataId: resource_config_AGENTS__md.json | group: agentspec__enc.68722d706572666f726d616e63652d7265766965776572__enc.302e302e31 | tenant: public | md5: ef9431e9d17ee0a87fadcb87297b15da
2026-10-02 12:00:48,498|opType: publish | rt: 9ms | status: success | requestIp: null | dataId: resource_config_SOUL__md.json | group: agentspec__enc.68722d706572666f726d616e63652d7265766965776572__enc.302e302e31 | tenant: public | md5: 6253c8d6d8da75ab7d92e7ba14878d8a
2026-10-02 12:00:48,508|opType: publish | rt: 6ms | status: success | requestIp: null | dataId: resource_config_MEMORY__md.json | group: agentspec__enc.68722d706572666f726d616e63652d7265766965776572__enc.302e302e31 | tenant: public | md5: d3c7248b53f0ad1b9a0793a7a630eafe
2026-10-02 12:00:48,564|opType: publish | rt: 9ms | status: success | requestIp: null | dataId: manifest.json | group: agentspec__enc.68722d726563727569746572__enc.302e302e31 | tenant: public | md5: 599172f2628268b7a49b5860405a814c
2026-10-02 12:00:48,571|opType: publish | rt: 9ms | status: success | requestIp: null | dataId: skill_index.json | group: skill_open-source | tenant: public | md5: c7c6bd961c6b7453a8165b9dfecf715c
2026-10-02 12:00:48,576|opType: publish | rt: 10ms | status: success | requestIp: null | dataId: resource_crons_jobs__json.json | group: agentspec__enc.68722d726563727569746572__enc.302e302e31 | tenant: public | md5: 0339f141a4e2080c01249a4fbaae971b
2026-10-02 12:00:48,577|opType: publish | rt: 9ms | status: success | requestIp: null | dataId: SKILL.md | group: skill_enc.72656d6f74652d62726f77736572__enc.302e302e31 | tenant: public | md5: b295e5c1b958dfe3aa59d26cedfa9129
2026-10-02 12:00:48,584|opType: publish | rt: 9ms | status: success | requestIp: null | dataId: SKILL.md | group: skill_enc.61622d746573742d7365747570__enc.312e312e30 | tenant: public | md5: ac421ef56e22fa8160ebffb64fb3ba12
2026-10-02 12:00:48,589|opType: publish | rt: 9ms | status: success | requestIp: null | dataId: enc.6576616c732f6576616c732e6a736f6e | group: skill_enc.61622d746573742d7365747570__enc.312e312e30 | tenant: public | md5: 4011649b84da8ab16a78e1875e121995
2026-10-02 12:00:48,594|opType: publish | rt: 10ms | status: success | requestIp: null | dataId: enc.7265666572656e6365732f73616d706c652d73697a652d67756964652e6d64 | group: skill_enc.61622d746573742d7365747570__enc.312e312e30 | tenant: public | md5: 53d92dc350d573e45c67c52b7592bdd0
2026-10-02 12:00:48,598|opType: publish | rt: 9ms | status: success | requestIp: null | dataId: enc.7265666572656e6365732f746573742d74656d706c617465732e6d64 | group: skill_enc.61622d746573742d7365747570__enc.312e312e30 | tenant: public | md5: 8e46639677b0f7aaccb5e89b40f852fe
2026-10-02 12:00:48,603|opType: publish | rt: 9ms | status: success | requestIp: null | dataId: resource_config_IDENTITY__md.json | group: agentspec__enc.68722d726563727569746572__enc.302e302e31 | tenant: public | md5: c6a0e8eee2527cad3edee1be7cd36d51
2026-10-02 12:00:48,608|opType: publish | rt: 10ms | status: success | requestIp: null | dataId: resource_tool-analysis_tool-analysis__json.json | group: agentspec__enc.68722d726563727569746572__enc.302e302e31 | tenant: public | md5: f4c9e17e1e5c23673658186dd1adf577
2026-10-02 12:00:48,612|opType: publish | rt: 9ms | status: success | requestIp: null | dataId: resource_config_AGENTS__md.json | group: agentspec__enc.68722d726563727569746572__enc.302e302e31 | tenant: public | md5: 2ccdc0677c750c0fdfd69af80e998719
2026-10-02 12:00:48,617|opType: publish | rt: 10ms | status: success | requestIp: null | dataId: resource_config_SOUL__md.json | group: agentspec__enc.68722d726563727569746572__enc.302e302e31 | tenant: public | md5: b6371a7ed669513584f6ebb84704f100
2026-10-02 12:00:48,619|opType: publish | rt: 7ms | status: success | requestIp: null | dataId: resource_config_MEMORY__md.json | group: agentspec__enc.68722d726563727569746572__enc.302e302e31 | tenant: public | md5: 97bd51168d33c890bc8c4e74a3d55eb9
2026-10-02 12:00:48,634|opType: publish | rt: 9ms | status: success | requestIp: null | dataId: manifest.json | group: agentspec__enc.6964656e746974792d67726170682d6f70657261746f72__enc.302e302e31 | tenant: public | md5: d82fb180406cd9ce5bcfce28f83d920f
2026-10-02 12:00:48,638|opType: publish | rt: 9ms | status: success | requestIp: null | dataId: resource_crons_jobs__json.json | group: agentspec__enc.6964656e746974792d67726170682d6f70657261746f72__enc.302e302e31 | tenant: public | md5: 5c865f4aaa86fe3199345f390e6da547
2026-10-02 12:00:48,640|opType: publish | rt: 9ms | status: success | requestIp: null | dataId: resource_config_IDENTITY__md.json | group: agentspec__enc.6964656e746974792d67726170682d6f70657261746f72__enc.302e302e31 | tenant: public | md5: 02eac02538ba5d7cd7bf33186977ad8d
2026-10-02 12:00:48,649|opType: publish | rt: 9ms | status: success | requestIp: null | dataId: resource_tool-analysis_tool-analysis__json.json | group: agentspec__enc.6964656e746974792d67726170682d6f70657261746f72__enc.302e302e31 | tenant: public | md5: 89e92d75572fe0d930cb573518cd2dcd
2026-10-02 12:00:48,656|opType: publish | rt: 9ms | status: success | requestIp: null | dataId: resource_config_AGENTS__md.json | group: agentspec__enc.6964656e746974792d67726170682d6f70657261746f72__enc.302e302e31 | tenant: public | md5: 1d5037e584c0e776631f6138b2b0f3ea
2026-10-02 12:00:48,662|opType: publish | rt: 8ms | status: success | requestIp: null | dataId: resource_config_SOUL__md.json | group: agentspec__enc.6964656e746974792d67726170682d6f70657261746f72__enc.302e302e31 | tenant: public | md5: 89880c1fe8c7277d42d9db387f9907ca
2026-10-02 12:00:48,667|opType: publish | rt: 7ms | status: success | requestIp: null | dataId: resource_config_MEMORY__md.json | group: agentspec__enc.6964656e746974792d67726170682d6f70657261746f72__enc.302e302e31 | tenant: public | md5: a373a097700a8af4c6b2686507e51679
2026-10-02 12:00:48,686|opType: publish | rt: 9ms | status: success | requestIp: null | dataId: manifest.json | group: agentspec__enc.6c6567616c2d636f6e74726163742d7265766965776572__enc.302e302e31 | tenant: public | md5: f8c0ab71b38e8e3db2dde4dd9180b750
2026-10-02 12:00:48,690|opType: publish | rt: 9ms | status: success | requestIp: null | dataId: resource_crons_jobs__json.json | group: agentspec__enc.6c6567616c2d636f6e74726163742d7265766965776572__enc.302e302e31 | tenant: public | md5: ec71356f0a4dbf1fa05c524f9cf3b3e5
2026-10-02 12:00:48,695|opType: publish | rt: 10ms | status: success | requestIp: null | dataId: resource_config_IDENTITY__md.json | group: agentspec__enc.6c6567616c2d636f6e74726163742d7265766965776572__enc.302e302e31 | tenant: public | md5: dd71ad6d6d1a4f261bab56709ade5efb
2026-10-02 12:00:48,717|opType: publish | rt: 29ms | status: success | requestIp: null | dataId: resource_tool-analysis_tool-analysis__json.json | group: agentspec__enc.6c6567616c2d636f6e74726163742d7265766965776572__enc.302e302e31 | tenant: public | md5: c0574fe4db9894db8e06a20b30197ccb
2026-10-02 12:00:48,735|opType: publish | rt: 18ms | status: success | requestIp: null | dataId: SKILL.md | group: skill_enc.61642d6372656174697665__enc.312e312e30 | tenant: public | md5: 9f79189d2fcb99c6f26914da4ff250f7
2026-10-02 12:00:48,739|opType: publish | rt: 16ms | status: success | requestIp: null | dataId: resource_config_AGENTS__md.json | group: agentspec__enc.6c6567616c2d636f6e74726163742d7265766965776572__enc.302e302e31 | tenant: public | md5: 5fb2b66eee012b2833eefa0760ba07a1
2026-10-02 12:00:48,743|opType: publish | rt: 8ms | status: success | requestIp: null | dataId: enc.6576616c732f6576616c732e6a736f6e | group: skill_enc.61642d6372656174697665__enc.312e312e30 | tenant: public | md5: f9689f6425f3e4706433f947461b4a16
2026-10-02 12:00:48,750|opType: publish | rt: 11ms | status: success | requestIp: null | dataId: enc.7265666572656e6365732f706c6174666f726d2d73706563732e6d64 | group: skill_enc.61642d6372656174697665__enc.312e312e30 | tenant: public | md5: 029ff4d6ecf6dd26a3cb86754db8b646
2026-10-02 12:00:48,755|opType: publish | rt: 12ms | status: success | requestIp: null | dataId: enc.7265666572656e6365732f67656e657261746976652d746f6f6c732e6d64 | group: skill_enc.61642d6372656174697665__enc.312e312e30 | tenant: public | md5: 82ccbba1f0deab073af5b6bb5b15c58d
2026-10-02 12:00:48,760|opType: publish | rt: 10ms | status: success | requestIp: null | dataId: resource_config_SOUL__md.json | group: agentspec__enc.6c6567616c2d636f6e74726163742d7265766965776572__enc.302e302e31 | tenant: public | md5: 0a83930d7ba4fefe95e0c6ce1facd36f
2026-10-02 12:00:48,764|opType: publish | rt: 10ms | status: success | requestIp: null | dataId: resource_config_MEMORY__md.json | group: agentspec__enc.6c6567616c2d636f6e74726163742d7265766965776572__enc.302e302e31 | tenant: public | md5: 582ff4e7d597ccb3b535080602f4ccaf
2026-10-02 12:00:48,766|opType: publish | rt: 9ms | status: success | requestIp: null | dataId: manifest.json | group: agentspec__enc.6c6567616c2d706f6c6963792d777269746572__enc.302e302e31 | tenant: public | md5: f15eac5d36b9322463560f60afe40cdb
2026-10-02 12:00:48,775|opType: publish | rt: 5ms | status: success | requestIp: null | dataId: resource_crons_jobs__json.json | group: agentspec__enc.6c6567616c2d706f6c6963792d777269746572__enc.302e302e31 | tenant: public | md5: b88f5c411561ebbbdd8af0d19ae3a294
2026-10-02 12:00:48,788|opType: publish | rt: 9ms | status: success | requestIp: null | dataId: SKILL.md | group: skill_enc.61692d73656f__enc.312e312e30 | tenant: public | md5: b51f2f05c62d61e4245f19fa7d9ec3f3
2026-10-02 12:00:48,795|opType: publish | rt: 9ms | status: success | requestIp: null | dataId: enc.6576616c732f6576616c732e6a736f6e | group: skill_enc.61692d73656f__enc.312e312e30 | tenant: public | md5: 90a8bb9bcf6399cd2158ecf01f10caf9
2026-10-02 12:00:48,799|opType: publish | rt: 9ms | status: success | requestIp: null | dataId: enc.7265666572656e6365732f636f6e74656e742d7061747465726e732e6d64 | group: skill_enc.61692d73656f__enc.312e312e30 | tenant: public | md5: 45f5425f963e54e06d52017ff15d07d5
2026-10-02 12:00:48,804|opType: publish | rt: 9ms | status: success | requestIp: null | dataId: enc.7265666572656e6365732f706c6174666f726d2d72616e6b696e672d666163746f72732e6d64 | group: skill_enc.61692d73656f__enc.312e312e30 | tenant: public | md5: fc6091f69af69605cf4512bdf87aaceb
2026-10-02 12:00:48,809|opType: publish | rt: 10ms | status: success | requestIp: null | dataId: resource_config_IDENTITY__md.json | group: agentspec__enc.6c6567616c2d706f6c6963792d777269746572__enc.302e302e31 | tenant: public | md5: b68b04a9d59c05af87bd7f3c5b3a1a8c
2026-10-02 12:00:48,811|opType: publish | rt: 9ms | status: success | requestIp: null | dataId: skill_index.json | group: skill_remote-browser | tenant: public | md5: a954ba25a6022882637d1312aa486859
2026-10-02 12:00:48,821|opType: publish | rt: 10ms | status: success | requestIp: null | dataId: resource_tool-analysis_tool-analysis__json.json | group: agentspec__enc.6c6567616c2d706f6c6963792d777269746572__enc.302e302e31 | tenant: public | md5: 71a5b910f14561362949f1d5bc564356
2026-10-02 12:00:48,824|opType: publish | rt: 11ms | status: success | requestIp: null | dataId: resource_config_AGENTS__md.json | group: agentspec__enc.6c6567616c2d706f6c6963792d777269746572__enc.302e302e31 | tenant: public | md5: 6f73a9bc0eb8d03c80953d1c989000bc
2026-10-02 12:00:48,830|opType: publish | rt: 9ms | status: success | requestIp: null | dataId: skill_index.json | group: skill_ab-test-setup | tenant: public | md5: 2e2c718043fa3966abb5af7f825c60a5
2026-10-02 12:00:48,835|opType: publish | rt: 9ms | status: success | requestIp: null | dataId: resource_config_SOUL__md.json | group: agentspec__enc.6c6567616c2d706f6c6963792d777269746572__enc.302e302e31 | tenant: public | md5: 8b93374d4eea94aeb17a820232ad719c
2026-10-02 12:00:48,839|opType: publish | rt: 9ms | status: success | requestIp: null | dataId: resource_config_MEMORY__md.json | group: agentspec__enc.6c6567616c2d706f6c6963792d777269746572__enc.302e302e31 | tenant: public | md5: 12bdc40111922b4c64c8d89817a9399e
2026-10-02 12:00:48,846|opType: publish | rt: 9ms | status: success | requestIp: null | dataId: manifest.json | group: agentspec__enc.6c6576656c2d64657369676e6572__enc.302e302e31 | tenant: public | md5: cbbd005d9b9289be87759f0bbcca268d
2026-10-02 12:00:48,853|opType: publish | rt: 9ms | status: success | requestIp: null | dataId: resource_crons_jobs__json.json | group: agentspec__enc.6c6576656c2d64657369676e6572__enc.302e302e31 | tenant: public | md5: e568c803e97d730d74789f55909caae2
2026-10-02 12:00:48,857|opType: publish | rt: 9ms | status: success | requestIp: null | dataId: resource_config_IDENTITY__md.json | group: agentspec__enc.6c6576656c2d64657369676e6572__enc.302e302e31 | tenant: public | md5: ce70d8ca3d69ae2a31110badd44333aa
2026-10-02 12:00:48,859|opType: publish | rt: 9ms | status: success | requestIp: null | dataId: resource_tool-analysis_tool-analysis__json.json | group: agentspec__enc.6c6576656c2d64657369676e6572__enc.302e302e31 | tenant: public | md5: a2f41f9d98a3f9a10b0b550a0be728ee
2026-10-02 12:00:48,865|opType: publish | rt: 8ms | status: success | requestIp: null | dataId: resource_config_AGENTS__md.json | group: agentspec__enc.6c6576656c2d64657369676e6572__enc.302e302e31 | tenant: public | md5: 2c7b62d931e0c138c2c01e559717a473
2026-10-02 12:00:48,872|opType: publish | rt: 9ms | status: success | requestIp: null | dataId: resource_config_SOUL__md.json | group: agentspec__enc.6c6576656c2d64657369676e6572__enc.302e302e31 | tenant: public | md5: acfb81184cecb73d097c0dab4eec3903
2026-10-02 12:00:48,878|opType: publish | rt: 8ms | status: success | requestIp: null | dataId: resource_config_MEMORY__md.json | group: agentspec__enc.6c6576656c2d64657369676e6572__enc.302e302e31 | tenant: public | md5: d780f9f2e35525fa8ebd2a598d58992a
2026-10-02 12:00:48,888|opType: publish | rt: 5ms | status: success | requestIp: null | dataId: manifest.json | group: agentspec__enc.6c73702d696e6465782d656e67696e656572__enc.302e302e31 | tenant: public | md5: 737a0d783c7d607c1b945f8d203acaa9
2026-10-02 12:00:48,902|opType: publish | rt: 9ms | status: success | requestIp: null | dataId: resource_crons_jobs__json.json | group: agentspec__enc.6c73702d696e6465782d656e67696e656572__enc.302e302e31 | tenant: public | md5: 6760aac3eb1d174f2477442a2cb1d1dd
2026-10-02 12:00:48,909|opType: publish | rt: 9ms | status: success | requestIp: null | dataId: resource_config_IDENTITY__md.json | group: agentspec__enc.6c73702d696e6465782d656e67696e656572__enc.302e302e31 | tenant: public | md5: d9950ae0d469ff59bf286e640a21a4aa
2026-10-02 12:00:48,911|opType: publish | rt: 7ms | status: success | requestIp: null | dataId: resource_tool-analysis_tool-analysis__json.json | group: agentspec__enc.6c73702d696e6465782d656e67696e656572__enc.302e302e31 | tenant: public | md5: e900fb5a08d90e5c98cd613774429440
2026-10-02 12:00:48,928|opType: publish | rt: 6ms | status: success | requestIp: null | dataId: resource_config_AGENTS__md.json | group: agentspec__enc.6c73702d696e6465782d656e67696e656572__enc.302e302e31 | tenant: public | md5: 5239932932a5959b9de7db87b0f2063d
2026-10-02 12:00:48,950|opType: publish | rt: 6ms | status: success | requestIp: null | dataId: resource_config_SOUL__md.json | group: agentspec__enc.6c73702d696e6465782d656e67696e656572__enc.302e302e31 | tenant: public | md5: 96216441a64ff332de5037a8dc2b4815
2026-10-02 12:00:48,976|opType: publish | rt: 8ms | status: success | requestIp: null | dataId: resource_config_MEMORY__md.json | group: agentspec__enc.6c73702d696e6465782d656e67696e656572__enc.302e302e31 | tenant: public | md5: beb0c657d73691dcb4c7454219724df6
2026-10-02 12:00:48,979|opType: publish | rt: 9ms | status: success | requestIp: null | dataId: skill_index.json | group: skill_ad-creative | tenant: public | md5: da8c2d5fd7bb1c4fa2b78ca629b1f28f
2026-10-02 12:00:48,990|opType: publish | rt: 9ms | status: success | requestIp: null | dataId: manifest.json | group: agentspec__enc.6d61636f732d7370617469616c2d6d6574616c2d656e67696e656572__enc.302e302e31 | tenant: public | md5: 09c728cf6d07946e93a783c45be64699
2026-10-02 12:00:48,993|opType: publish | rt: 8ms | status: success | requestIp: null | dataId: resource_crons_jobs__json.json | group: agentspec__enc.6d61636f732d7370617469616c2d6d6574616c2d656e67696e656572__enc.302e302e31 | tenant: public | md5: 1ad8ddfeac1c4685efe4d23fb58b92f2
2026-10-02 12:00:48,995|opType: publish | rt: 8ms | status: success | requestIp: null | dataId: resource_config_IDENTITY__md.json | group: agentspec__enc.6d61636f732d7370617469616c2d6d6574616c2d656e67696e656572__enc.302e302e31 | tenant: public | md5: 8946f37e708e267befec12b1939648db
2026-10-02 12:00:49,022|opType: publish | rt: 8ms | status: success | requestIp: null | dataId: resource_tool-analysis_tool-analysis__json.json | group: agentspec__enc.6d61636f732d7370617469616c2d6d6574616c2d656e67696e656572__enc.302e302e31 | tenant: public | md5: a3fbe2c63599918779a934830f2f0bdc
2026-10-02 12:00:49,029|opType: publish | rt: 9ms | status: success | requestIp: null | dataId: skill_index.json | group: skill_ai-seo | tenant: public | md5: 068e8188061729a90a81774a9c07d369
2026-10-02 12:00:49,034|opType: publish | rt: 9ms | status: success | requestIp: null | dataId: SKILL.md | group: skill_enc.616e616c79746963732d747261636b696e67__enc.312e312e30 | tenant: public | md5: a6b01ae7e65d851d0a48f010c502b1ba
2026-10-02 12:00:49,040|opType: publish | rt: 11ms | status: success | requestIp: null | dataId: enc.6576616c732f6576616c732e6a736f6e | group: skill_enc.616e616c79746963732d747261636b696e67__enc.312e312e30 | tenant: public | md5: 9345aeced114a8a04ffc2bd3960850c1
2026-10-02 12:00:49,044|opType: publish | rt: 11ms | status: success | requestIp: null | dataId: enc.7265666572656e6365732f6761342d696d706c656d656e746174696f6e2e6d64 | group: skill_enc.616e616c79746963732d747261636b696e67__enc.312e312e30 | tenant: public | md5: 25a51ecf8e085e8d26fc48c854b3f0b9
2026-10-02 12:00:49,049|opType: publish | rt: 10ms | status: success | requestIp: null | dataId: enc.7265666572656e6365732f6576656e742d6c6962726172792e6d64 | group: skill_enc.616e616c79746963732d747261636b696e67__enc.312e312e30 | tenant: public | md5: fb9879a7e98e929f3139a0a6e9c27f57
2026-10-02 12:00:49,053|opType: publish | rt: 9ms | status: success | requestIp: null | dataId: enc.7265666572656e6365732f67746d2d696d706c656d656e746174696f6e2e6d64 | group: skill_enc.616e616c79746963732d747261636b696e67__enc.312e312e30 | tenant: public | md5: 767c55e30af16d5322aba15e740ca8ad
2026-10-02 12:00:49,057|opType: publish | rt: 9ms | status: success | requestIp: null | dataId: resource_config_AGENTS__md.json | group: agentspec__enc.6d61636f732d7370617469616c2d6d6574616c2d656e67696e656572__enc.302e302e31 | tenant: public | md5: 595fc35f1ea755efcbae6c77439dc90f
2026-10-02 12:00:49,061|opType: publish | rt: 8ms | status: success | requestIp: null | dataId: enc.7265666572656e6365732f63616e63656c2d666c6f772d7061747465726e732e6d64 | group: skill_enc.636875726e2d70726576656e74696f6e__enc.312e312e30 | tenant: public | md5: ceeae524c5d1161243695b1086d64875
2026-10-02 12:00:49,065|opType: publish | rt: 8ms | status: success | requestIp: null | dataId: resource_config_SOUL__md.json | group: agentspec__enc.6d61636f732d7370617469616c2d6d6574616c2d656e67696e656572__enc.302e302e31 | tenant: public | md5: 4ad9d7ca58e17b6a8b26e5bf6c31510e
2026-10-02 12:00:49,072|opType: publish | rt: 11ms | status: success | requestIp: null | dataId: enc.7265666572656e6365732f64756e6e696e672d706c6179626f6f6b2e6d64 | group: skill_enc.636875726e2d70726576656e74696f6e__enc.312e312e30 | tenant: public | md5: 559099a3c3d6d3221d8b6559d0f7e5b5
2026-10-02 12:00:49,076|opType: publish | rt: 11ms | status: success | requestIp: null | dataId: SKILL.md | group: skill_enc.636875726e2d70726576656e74696f6e__enc.312e312e30 | tenant: public | md5: e6996b919f30e33c3798b52dc69e53a4
2026-10-02 12:00:49,081|opType: publish | rt: 9ms | status: success | requestIp: null | dataId: resource_config_MEMORY__md.json | group: agentspec__enc.6d61636f732d7370617469616c2d6d6574616c2d656e67696e656572__enc.302e302e31 | tenant: public | md5: 56fbfae6bb81edd2d6eda20589e66c1c
2026-10-02 12:00:49,085|opType: publish | rt: 9ms | status: success | requestIp: null | dataId: enc.6576616c732f6576616c732e6a736f6e | group: skill_enc.636875726e2d70726576656e74696f6e__enc.312e312e30 | tenant: public | md5: b24421a6fca782816447eb0f5f72d5df
2026-10-02 12:00:49,089|opType: publish | rt: 8ms | status: success | requestIp: null | dataId: manifest.json | group: agentspec__enc.6d61726b6574696e672d61692d6369746174696f6e2d73747261746567697374__enc.302e302e31 | tenant: public | md5: d1fe2423a9c05b2f7a3b1772207d9d50
2026-10-02 12:00:49,093|opType: publish | rt: 8ms | status: success | requestIp: null | dataId: resource_crons_jobs__json.json | group: agentspec__enc.6d61726b6574696e672d61692d6369746174696f6e2d73747261746567697374__enc.302e302e31 | tenant: public | md5: c75e8b65fe8bc7f293f133d0be78c2ee
2026-10-02 12:00:49,097|opType: publish | rt: 8ms | status: success | requestIp: null | dataId: resource_config_IDENTITY__md.json | group: agentspec__enc.6d61726b6574696e672d61692d6369746174696f6e2d73747261746567697374__enc.302e302e31 | tenant: public | md5: f247c5830f30d63b80edc5618a641f48
2026-10-02 12:00:49,101|opType: publish | rt: 8ms | status: success | requestIp: null | dataId: resource_tool-analysis_tool-analysis__json.json | group: agentspec__enc.6d61726b6574696e672d61692d6369746174696f6e2d73747261746567697374__enc.302e302e31 | tenant: public | md5: f42e9d33e0d840082daaa450a8dd0f58
2026-10-02 12:00:49,105|opType: publish | rt: 8ms | status: success | requestIp: null | dataId: resource_config_AGENTS__md.json | group: agentspec__enc.6d61726b6574696e672d61692d6369746174696f6e2d73747261746567697374__enc.302e302e31 | tenant: public | md5: 0b8094bcc88f20436abeda3e7e0f7b14
2026-10-02 12:00:49,110|opType: publish | rt: 9ms | status: success | requestIp: null | dataId: resource_config_SOUL__md.json | group: agentspec__enc.6d61726b6574696e672d61692d6369746174696f6e2d73747261746567697374__enc.302e302e31 | tenant: public | md5: 390578a486787028a32cc76e9a3ca06f
2026-10-02 12:00:49,114|opType: publish | rt: 9ms | status: success | requestIp: null | dataId: resource_config_MEMORY__md.json | group: agentspec__enc.6d61726b6574696e672d61692d6369746174696f6e2d73747261746567697374__enc.302e302e31 | tenant: public | md5: ee665617861ac1786cc670a7cf5c0a71
2026-10-02 12:00:49,119|opType: publish | rt: 9ms | status: success | requestIp: null | dataId: manifest.json | group: agentspec__enc.6d61726b6574696e672d6170702d73746f72652d6f7074696d697a6572__enc.302e302e31 | tenant: public | md5: 67cb27f7abab01922f305edb91ca4bf3
2026-10-02 12:00:49,123|opType: publish | rt: 9ms | status: success | requestIp: null | dataId: resource_crons_jobs__json.json | group: agentspec__enc.6d61726b6574696e672d6170702d73746f72652d6f7074696d697a6572__enc.302e302e31 | tenant: public | md5: 89d9175ac5ff8ea0fc25b74e40e7578e
2026-10-02 12:00:49,127|opType: publish | rt: 9ms | status: success | requestIp: null | dataId: resource_config_IDENTITY__md.json | group: agentspec__enc.6d61726b6574696e672d6170702d73746f72652d6f7074696d697a6572__enc.302e302e31 | tenant: public | md5: e0993451d404dfb6df6d17fb53b5332f
2026-10-02 12:00:49,132|opType: publish | rt: 9ms | status: success | requestIp: null | dataId: resource_tool-analysis_tool-analysis__json.json | group: agentspec__enc.6d61726b6574696e672d6170702d73746f72652d6f7074696d697a6572__enc.302e302e31 | tenant: public | md5: ba0776cc6baac3bc207cd1a0b0a08dba
2026-10-02 12:00:49,134|opType: publish | rt: 9ms | status: success | requestIp: null | dataId: resource_config_AGENTS__md.json | group: agentspec__enc.6d61726b6574696e672d6170702d73746f72652d6f7074696d697a6572__enc.302e302e31 | tenant: public | md5: a11d4e95aedcb507388975de4ad3cdb9
2026-10-02 12:00:49,141|opType: publish | rt: 5ms | status: success | requestIp: null | dataId: resource_config_SOUL__md.json | group: agentspec__enc.6d61726b6574696e672d6170702d73746f72652d6f7074696d697a6572__enc.302e302e31 | tenant: public | md5: 97650e4cfc913c7e22f1539d1bfaf039
2026-10-02 12:00:49,161|opType: publish | rt: 6ms | status: success | requestIp: null | dataId: resource_config_MEMORY__md.json | group: agentspec__enc.6d61726b6574696e672d6170702d73746f72652d6f7074696d697a6572__enc.302e302e31 | tenant: public | md5: 9656fc976bbc475cd042adcbfbaa8805
2026-10-02 12:00:49,195|opType: publish | rt: 8ms | status: success | requestIp: null | dataId: SKILL.md | group: skill_enc.636f6c642d656d61696c__enc.312e312e30 | tenant: public | md5: c00f6fdb9fa8c925d263b1b9e53f014f
2026-10-02 12:00:49,202|opType: publish | rt: 9ms | status: success | requestIp: null | dataId: enc.7265666572656e6365732f706572736f6e616c697a6174696f6e2e6d64 | group: skill_enc.636f6c642d656d61696c__enc.312e312e30 | tenant: public | md5: cc061d98e50cfcc6d41e016f110c71fa
2026-10-02 12:00:49,206|opType: publish | rt: 9ms | status: success | requestIp: null | dataId: enc.7265666572656e6365732f7375626a6563742d6c696e65732e6d64 | group: skill_enc.636f6c642d656d61696c__enc.312e312e30 | tenant: public | md5: 1b1ac097e89041bf61982edc2ebaeb83
2026-10-02 12:00:49,210|opType: publish | rt: 9ms | status: success | requestIp: null | dataId: enc.6576616c732f6576616c732e6a736f6e | group: skill_enc.636f6c642d656d61696c__enc.312e312e30 | tenant: public | md5: de617a089bca108a7ac59fcf7c94e6c9
2026-10-02 12:00:49,214|opType: publish | rt: 8ms | status: success | requestIp: null | dataId: enc.7265666572656e6365732f62656e63686d61726b732e6d64 | group: skill_enc.636f6c642d656d61696c__enc.312e312e30 | tenant: public | md5: d29eb7d2b9f1617c530c9d5337fa564e
2026-10-02 12:00:49,218|opType: publish | rt: 8ms | status: success | requestIp: null | dataId: enc.7265666572656e6365732f6672616d65776f726b732e6d64 | group: skill_enc.636f6c642d656d61696c__enc.312e312e30 | tenant: public | md5: 8a23ca021858a687d75d7fe0c399f3dd
2026-10-02 12:00:49,222|opType: publish | rt: 8ms | status: success | requestIp: null | dataId: enc.7265666572656e6365732f666f6c6c6f772d75702d73657175656e6365732e6d64 | group: skill_enc.636f6c642d656d61696c__enc.312e312e30 | tenant: public | md5: 094a123fed30df546abc3a80363945b6
2026-10-02 12:00:49,227|opType: publish | rt: 9ms | status: success | requestIp: null | dataId: manifest.json | group: agentspec__enc.6d61726b6574696e672d62616964752d73656f2d7370656369616c697374__enc.302e302e31 | tenant: public | md5: b26c5056122c589c48124ec0a56e015d
2026-10-02 12:00:49,231|opType: publish | rt: 9ms | status: success | requestIp: null | dataId: resource_config_IDENTITY__md.json | group: agentspec__enc.6d61726b6574696e672d62616964752d73656f2d7370656369616c697374__enc.302e302e31 | tenant: public | md5: 93ada027cf0989960699ca7251e1d94c
2026-10-02 12:00:49,235|opType: publish | rt: 8ms | status: success | requestIp: null | dataId: resource_crons_jobs__json.json | group: agentspec__enc.6d61726b6574696e672d62616964752d73656f2d7370656369616c697374__enc.302e302e31 | tenant: public | md5: bf191515d02637495276379a03898f94
2026-10-02 12:00:49,240|opType: publish | rt: 9ms | status: success | requestIp: null | dataId: resource_tool-analysis_tool-analysis__json.json | group: agentspec__enc.6d61726b6574696e672d62616964752d73656f2d7370656369616c697374__enc.302e302e31 | tenant: public | md5: e0379a6379a80c9048c24cc879239e11
2026-10-02 12:00:49,242|opType: publish | rt: 9ms | status: success | requestIp: null | dataId: resource_config_AGENTS__md.json | group: agentspec__enc.6d61726b6574696e672d62616964752d73656f2d7370656369616c697374__enc.302e302e31 | tenant: public | md5: 5129aeb62e6bc300cb452dea7ad9ba39
2026-10-02 12:00:49,249|opType: publish | rt: 9ms | status: success | requestIp: null | dataId: enc.7265666572656e6365732f636f6e74656e742d6172636869746563747572652e6d64 | group: skill_enc.636f6d70657469746f722d616c7465726e617469766573__enc.312e312e30 | tenant: public | md5: 7e539e355764aac4b369992c9d9de3d7
2026-10-02 12:00:49,261|opType: publish | rt: 17ms | status: success | requestIp: null | dataId: SKILL.md | group: skill_enc.636f6d70657469746f722d616c7465726e617469766573__enc.312e312e30 | tenant: public | md5: e60aa59f635a20de94f8ddca37339160
2026-10-02 12:00:49,283|opType: publish | rt: 34ms | status: success | requestIp: null | dataId: enc.6576616c732f6576616c732e6a736f6e | group: skill_enc.636f6d70657469746f722d616c7465726e617469766573__enc.312e312e30 | tenant: public | md5: cab9765a09b5a84cd2527a34a0adc209
2026-10-02 12:00:49,285|opType: publish | rt: 33ms | status: success | requestIp: null | dataId: enc.7265666572656e6365732f74656d706c617465732e6d64 | group: skill_enc.636f6d70657469746f722d616c7465726e617469766573__enc.312e312e30 | tenant: public | md5: f92fc8e87781b22fcd7d47bc7a2343d9
2026-10-02 12:00:49,303|opType: publish | rt: 18ms | status: success | requestIp: null | dataId: resource_config_SOUL__md.json | group: agentspec__enc.6d61726b6574696e672d62616964752d73656f2d7370656369616c697374__enc.302e302e31 | tenant: public | md5: dd7937e4441bed180860a59c76b7d6cd
2026-10-02 12:00:49,316|opType: publish | rt: 18ms | status: success | requestIp: null | dataId: resource_config_MEMORY__md.json | group: agentspec__enc.6d61726b6574696e672d62616964752d73656f2d7370656369616c697374__enc.302e302e31 | tenant: public | md5: 1e8e18936ac630be6a03ab42a8636153
2026-10-02 12:00:49,390|opType: publish | rt: 86ms | status: success | requestIp: null | dataId: skill_index.json | group: skill_analytics-tracking | tenant: public | md5: 9f9c11a6db95f6860d0ec975935f89fd
2026-10-02 12:00:49,394|opType: publish | rt: 76ms | status: success | requestIp: null | dataId: manifest.json | group: agentspec__enc.6d61726b6574696e672d62696c6962696c692d636f6e74656e742d73747261746567697374__enc.302e302e31 | tenant: public | md5: e6fec4532f4d7791f1f6f0ee07ee6aa2
2026-10-02 12:00:49,400|opType: publish | rt: 11ms | status: success | requestIp: null | dataId: resource_config_AGENTS__md.json | group: agentspec__enc.6d61726b6574696e672d62696c6962696c692d636f6e74656e742d73747261746567697374__enc.302e302e31 | tenant: public | md5: 45b662801af454f23627b8125f1d2234
2026-10-02 12:00:49,404|opType: publish | rt: 10ms | status: success | requestIp: null | dataId: resource_config_IDENTITY__md.json | group: agentspec__enc.6d61726b6574696e672d62696c6962696c692d636f6e74656e742d73747261746567697374__enc.302e302e31 | tenant: public | md5: ca051af862823a203e53626158e955bd
2026-10-02 12:00:49,408|opType: publish | rt: 8ms | status: success | requestIp: null | dataId: resource_crons_jobs__json.json | group: agentspec__enc.6d61726b6574696e672d62696c6962696c692d636f6e74656e742d73747261746567697374__enc.302e302e31 | tenant: public | md5: b030265581192b298fb18f95d46c51af
2026-10-02 12:00:49,412|opType: publish | rt: 9ms | status: success | requestIp: null | dataId: skill_index.json | group: skill_churn-prevention | tenant: public | md5: ea69ca52cb5ca147d856d2d7011f047e
2026-10-02 12:00:49,416|opType: publish | rt: 9ms | status: success | requestIp: null | dataId: resource_tool-analysis_tool-analysis__json.json | group: agentspec__enc.6d61726b6574696e672d62696c6962696c692d636f6e74656e742d73747261746567697374__enc.302e302e31 | tenant: public | md5: 7cba2122a307660d73669729ba3336a8
2026-10-02 12:00:49,421|opType: publish | rt: 9ms | status: success | requestIp: null | dataId: resource_config_SOUL__md.json | group: agentspec__enc.6d61726b6574696e672d62696c6962696c692d636f6e74656e742d73747261746567697374__enc.302e302e31 | tenant: public | md5: 483127147037f5a40db16e74e7432782
2026-10-02 12:00:49,427|opType: publish | rt: 11ms | status: success | requestIp: null | dataId: resource_config_MEMORY__md.json | group: agentspec__enc.6d61726b6574696e672d62696c6962696c692d636f6e74656e742d73747261746567697374__enc.302e302e31 | tenant: public | md5: 8a720512fb504f43319c48edb37e0ea2
2026-10-02 12:00:49,431|opType: publish | rt: 10ms | status: success | requestIp: null | dataId: manifest.json | group: agentspec__enc.6d61726b6574696e672d62696c6962696c692d73747261746567697374__enc.302e302e31 | tenant: public | md5: 176512ecc8e12e502074b8a27c7dd613
2026-10-02 12:00:49,451|opType: publish | rt: 24ms | status: success | requestIp: null | dataId: resource_crons_jobs__json.json | group: agentspec__enc.6d61726b6574696e672d62696c6962696c692d73747261746567697374__enc.302e302e31 | tenant: public | md5: 7218560f18b532f0d19bfe5ea6065e45
2026-10-02 12:00:49,459|opType: publish | rt: 27ms | status: success | requestIp: null | dataId: resource_config_IDENTITY__md.json | group: agentspec__enc.6d61726b6574696e672d62696c6962696c692d73747261746567697374__enc.302e302e31 | tenant: public | md5: 5f461980009da8c7041478aa84a78f88
2026-10-02 12:00:49,464|opType: publish | rt: 13ms | status: success | requestIp: null | dataId: resource_config_AGENTS__md.json | group: agentspec__enc.6d61726b6574696e672d62696c6962696c692d73747261746567697374__enc.302e302e31 | tenant: public | md5: f8ae1204baded268221319c063da7386
2026-10-02 12:00:49,466|opType: publish | rt: 11ms | status: success | requestIp: null | dataId: resource_tool-analysis_tool-analysis__json.json | group: agentspec__enc.6d61726b6574696e672d62696c6962696c692d73747261746567697374__enc.302e302e31 | tenant: public | md5: 94735bda615e8a439a381c0c6a4d4ea5
2026-10-02 12:00:49,471|opType: publish | rt: 10ms | status: success | requestIp: null | dataId: resource_config_SOUL__md.json | group: agentspec__enc.6d61726b6574696e672d62696c6962696c692d73747261746567697374__enc.302e302e31 | tenant: public | md5: 1c9a61422f1d129c00c78e9ed7df2aa0
2026-10-02 12:00:49,476|opType: publish | rt: 10ms | status: success | requestIp: null | dataId: manifest.json | group: agentspec__enc.6d61726b6574696e672d626f6f6b2d636f2d617574686f72__enc.302e302e31 | tenant: public | md5: c73ece34c7bf3df200378e612eed8cce
2026-10-02 12:00:49,480|opType: publish | rt: 10ms | status: success | requestIp: null | dataId: resource_config_MEMORY__md.json | group: agentspec__enc.6d61726b6574696e672d62696c6962696c692d73747261746567697374__enc.302e302e31 | tenant: public | md5: 60b994c3ae46dc03cade7e8c1851dc35
2026-10-02 12:00:49,485|opType: publish | rt: 9ms | status: success | requestIp: null | dataId: resource_crons_jobs__json.json | group: agentspec__enc.6d61726b6574696e672d626f6f6b2d636f2d617574686f72__enc.302e302e31 | tenant: public | md5: 10a0448af0cccc78ec67e3d8f0c4d37f
2026-10-02 12:00:49,489|opType: publish | rt: 9ms | status: success | requestIp: null | dataId: resource_config_IDENTITY__md.json | group: agentspec__enc.6d61726b6574696e672d626f6f6b2d636f2d617574686f72__enc.302e302e31 | tenant: public | md5: 2f4e89926b7ece034ea350ffa5e540cb
2026-10-02 12:00:49,494|opType: publish | rt: 9ms | status: success | requestIp: null | dataId: resource_tool-analysis_tool-analysis__json.json | group: agentspec__enc.6d61726b6574696e672d626f6f6b2d636f2d617574686f72__enc.302e302e31 | tenant: public | md5: 19a8f867fa6c206df96acdeb41d8b18a
2026-10-02 12:00:49,498|opType: publish | rt: 9ms | status: success | requestIp: null | dataId: skill_index.json | group: skill_cold-email | tenant: public | md5: d79674e56cc0c4c24ff2c990fdca9fe0
2026-10-02 12:00:49,503|opType: publish | rt: 9ms | status: success | requestIp: null | dataId: resource_config_SOUL__md.json | group: agentspec__enc.6d61726b6574696e672d626f6f6b2d636f2d617574686f72__enc.302e302e31 | tenant: public | md5: 7a75bfb9c92424b1429c3590173a0522
2026-10-02 12:00:49,509|opType: publish | rt: 11ms | status: success | requestIp: null | dataId: resource_config_AGENTS__md.json | group: agentspec__enc.6d61726b6574696e672d626f6f6b2d636f2d617574686f72__enc.302e302e31 | tenant: public | md5: 05beef7b1276036d451b6b45fbecd3c4
2026-10-02 12:00:49,520|opType: publish | rt: 14ms | status: success | requestIp: null | dataId: skill_index.json | group: skill_competitor-alternatives | tenant: public | md5: 502efbb9f88e4081a6fe57183ea5e4e6
2026-10-02 12:00:49,526|opType: publish | rt: 10ms | status: success | requestIp: null | dataId: resource_config_MEMORY__md.json | group: agentspec__enc.6d61726b6574696e672d626f6f6b2d636f2d617574686f72__enc.302e302e31 | tenant: public | md5: 8835aac54ce02a29fcbfb744eaea0b45
2026-10-02 12:00:49,538|opType: publish | rt: 5ms | status: success | requestIp: null | dataId: manifest.json | group: agentspec__enc.6d61726b6574696e672d6361726f7573656c2d67726f7774682d656e67696e65__enc.302e302e31 | tenant: public | md5: ff91729fe59d3ac0e841e96f95e49e37
2026-10-02 12:00:49,633|opType: publish | rt: 9ms | status: success | requestIp: null | dataId: SKILL.md | group: skill_enc.636f6e74656e742d7374726174656779__enc.312e312e30 | tenant: public | md5: 6ddd5c5b834bd6d61f65b0070ab9e818
2026-10-02 12:00:49,642|opType: publish | rt: 14ms | status: success | requestIp: null | dataId: enc.6576616c732f6576616c732e6a736f6e | group: skill_enc.636f6e74656e742d7374726174656779__enc.312e312e30 | tenant: public | md5: 1ed95767a8cbe57dc3f4cd82a6780fa8
2026-10-02 12:00:49,648|opType: publish | rt: 15ms | status: success | requestIp: null | dataId: enc.7265666572656e6365732f686561646c6573732d636d732e6d64 | group: skill_enc.636f6e74656e742d7374726174656779__enc.312e312e30 | tenant: public | md5: ae9cefeba9aea2c04eeb45a3035d3c20
2026-10-02 12:00:49,656|opType: publish | rt: 14ms | status: success | requestIp: null | dataId: resource_crons_jobs__json.json | group: agentspec__enc.6d61726b6574696e672d6361726f7573656c2d67726f7774682d656e67696e65__enc.302e302e31 | tenant: public | md5: ea081169d30ab1327b6b1d1572037e42
2026-10-02 12:00:49,661|opType: publish | rt: 13ms | status: success | requestIp: null | dataId: resource_config_IDENTITY__md.json | group: agentspec__enc.6d61726b6574696e672d6361726f7573656c2d67726f7774682d656e67696e65__enc.302e302e31 | tenant: public | md5: 1669e4800772a83553bb45ed5e4f03ac
2026-10-02 12:00:49,665|opType: publish | rt: 9ms | status: success | requestIp: null | dataId: resource_tool-analysis_tool-analysis__json.json | group: agentspec__enc.6d61726b6574696e672d6361726f7573656c2d67726f7774682d656e67696e65__enc.302e302e31 | tenant: public | md5: ec78c488d7bd3f5c24860a9151a02695
2026-10-02 12:00:49,671|opType: publish | rt: 10ms | status: success | requestIp: null | dataId: resource_config_AGENTS__md.json | group: agentspec__enc.6d61726b6574696e672d6361726f7573656c2d67726f7774682d656e67696e65__enc.302e302e31 | tenant: public | md5: c52298f668bf1d0b6fc88a0f92e65b35
2026-10-02 12:00:49,676|opType: publish | rt: 11ms | status: success | requestIp: null | dataId: SKILL.md | group: skill_enc.636f70792d65646974696e67__enc.312e312e30 | tenant: public | md5: 1377537f70d8e2648879f53df771e41b
2026-10-02 12:00:49,681|opType: publish | rt: 10ms | status: success | requestIp: null | dataId: enc.7265666572656e6365732f706c61696e2d656e676c6973682d616c7465726e6174697665732e6d64 | group: skill_enc.636f70792d65646974696e67__enc.312e312e30 | tenant: public | md5: 845c585322fdda86640587093bcda4c9
2026-10-02 12:00:49,685|opType: publish | rt: 9ms | status: success | requestIp: null | dataId: enc.6576616c732f6576616c732e6a736f6e | group: skill_enc.636f70792d65646974696e67__enc.312e312e30 | tenant: public | md5: 91e2cc0ed46249797640c5fb4054b343
2026-10-02 12:00:49,690|opType: publish | rt: 9ms | status: success | requestIp: null | dataId: resource_config_SOUL__md.json | group: agentspec__enc.6d61726b6574696e672d6361726f7573656c2d67726f7774682d656e67696e65__enc.302e302e31 | tenant: public | md5: f9f18a0cf218dc71455d58da748a22eb
2026-10-02 12:00:49,695|opType: publish | rt: 10ms | status: success | requestIp: null | dataId: resource_config_MEMORY__md.json | group: agentspec__enc.6d61726b6574696e672d6361726f7573656c2d67726f7774682d656e67696e65__enc.302e302e31 | tenant: public | md5: 96695327bc41211e1bd2b339a5435023
2026-10-02 12:00:49,699|opType: publish | rt: 9ms | status: success | requestIp: null | dataId: manifest.json | group: agentspec__enc.6d61726b6574696e672d6368696e612d65636f6d6d657263652d6f70657261746f72__enc.302e302e31 | tenant: public | md5: 5d437520cf06c43aa8dda0bab9abb1c2
2026-10-02 12:00:49,704|opType: publish | rt: 9ms | status: success | requestIp: null | dataId: resource_crons_jobs__json.json | group: agentspec__enc.6d61726b6574696e672d6368696e612d65636f6d6d657263652d6f70657261746f72__enc.302e302e31 | tenant: public | md5: 6332c91b8bbb53bd9ce611a277765fdc
2026-10-02 12:00:49,709|opType: publish | rt: 10ms | status: success | requestIp: null | dataId: resource_config_IDENTITY__md.json | group: agentspec__enc.6d61726b6574696e672d6368696e612d65636f6d6d657263652d6f70657261746f72__enc.302e302e31 | tenant: public | md5: 5460211b5d103573d1cb9fee379fbaa6
2026-10-02 12:00:49,714|opType: publish | rt: 10ms | status: success | requestIp: null | dataId: resource_config_AGENTS__md.json | group: agentspec__enc.6d61726b6574696e672d6368696e612d65636f6d6d657263652d6f70657261746f72__enc.302e302e31 | tenant: public | md5: a6d4d766b1a79aac5cfc286a4e578c06
2026-10-02 12:00:49,719|opType: publish | rt: 10ms | status: success | requestIp: null | dataId: resource_tool-analysis_tool-analysis__json.json | group: agentspec__enc.6d61726b6574696e672d6368696e612d65636f6d6d657263652d6f70657261746f72__enc.302e302e31 | tenant: public | md5: a0e6231385040bc37fb5d4f1f9fa118b
2026-10-02 12:00:49,725|opType: publish | rt: 12ms | status: success | requestIp: null | dataId: resource_config_SOUL__md.json | group: agentspec__enc.6d61726b6574696e672d6368696e612d65636f6d6d657263652d6f70657261746f72__enc.302e302e31 | tenant: public | md5: 219dd8b36dd78f08e5026ffc86b7ffb7
2026-10-02 12:00:49,730|opType: publish | rt: 11ms | status: success | requestIp: null | dataId: resource_config_MEMORY__md.json | group: agentspec__enc.6d61726b6574696e672d6368696e612d65636f6d6d657263652d6f70657261746f72__enc.302e302e31 | tenant: public | md5: b6f48312a996cc79192990bb62dc515a
2026-10-02 12:00:49,734|opType: publish | rt: 10ms | status: success | requestIp: null | dataId: enc.6576616c732f6576616c732e6a736f6e | group: skill_enc.636f707977726974696e67__enc.312e312e30 | tenant: public | md5: bec6a520fbe919cedb8236b49ea253c5
2026-10-02 12:00:49,739|opType: publish | rt: 9ms | status: success | requestIp: null | dataId: resource_config_IDENTITY__md.json | group: agentspec__enc.6d61726b6574696e672d636f6e74656e742d63726561746f72__enc.302e302e31 | tenant: public | md5: fe48573343546a84c04d364caf952b79
2026-10-02 12:00:49,744|opType: publish | rt: 10ms | status: success | requestIp: null | dataId: manifest.json | group: agentspec__enc.6d61726b6574696e672d636f6e74656e742d63726561746f72__enc.302e302e31 | tenant: public | md5: 4bcc90561b5d654953321d8e4bf88a25
2026-10-02 12:00:49,748|opType: publish | rt: 9ms | status: success | requestIp: null | dataId: resource_crons_jobs__json.json | group: agentspec__enc.6d61726b6574696e672d636f6e74656e742d63726561746f72__enc.302e302e31 | tenant: public | md5: 307e56030d6be63ac71060c8ad0c31aa
2026-10-02 12:00:49,752|opType: publish | rt: 9ms | status: success | requestIp: null | dataId: resource_tool-analysis_tool-analysis__json.json | group: agentspec__enc.6d61726b6574696e672d636f6e74656e742d63726561746f72__enc.302e302e31 | tenant: public | md5: c98a8d2a652843769781ce385f0094fb
2026-10-02 12:00:49,757|opType: publish | rt: 9ms | status: success | requestIp: null | dataId: resource_config_AGENTS__md.json | group: agentspec__enc.6d61726b6574696e672d636f6e74656e742d63726561746f72__enc.302e302e31 | tenant: public | md5: 4af8b388d6de333154a6e1dd49cfc70c
2026-10-02 12:00:49,762|opType: publish | rt: 10ms | status: success | requestIp: null | dataId: SKILL.md | group: skill_enc.636f707977726974696e67__enc.312e312e30 | tenant: public | md5: a254724ae613c2e5bf4043f08af682c4
2026-10-02 12:00:49,766|opType: publish | rt: 10ms | status: success | requestIp: null | dataId: enc.7265666572656e6365732f636f70792d6672616d65776f726b732e6d64 | group: skill_enc.636f707977726974696e67__enc.312e312e30 | tenant: public | md5: 7cc33f1a99ff1e2ded86ca33af3fbcfd
2026-10-02 12:00:49,770|opType: publish | rt: 8ms | status: success | requestIp: null | dataId: resource_config_SOUL__md.json | group: agentspec__enc.6d61726b6574696e672d636f6e74656e742d63726561746f72__enc.302e302e31 | tenant: public | md5: ceffd2e980363f0995e8da11468a169c
2026-10-02 12:00:49,775|opType: publish | rt: 9ms | status: success | requestIp: null | dataId: enc.7265666572656e6365732f6e61747572616c2d7472616e736974696f6e732e6d64 | group: skill_enc.636f707977726974696e67__enc.312e312e30 | tenant: public | md5: ff3c24b5ccb823e586199e3e8fb4a782
2026-10-02 12:00:49,780|opType: publish | rt: 10ms | status: success | requestIp: null | dataId: resource_config_MEMORY__md.json | group: agentspec__enc.6d61726b6574696e672d636f6e74656e742d63726561746f72__enc.302e302e31 | tenant: public | md5: 80add518872eb47a7e4c0298ea52f840
2026-10-02 12:00:49,785|opType: publish | rt: 10ms | status: success | requestIp: null | dataId: enc.7265666572656e6365732f636f70792d67756964656c696e65732e6d64 | group: skill_enc.656d61696c2d73657175656e6365__enc.312e312e30 | tenant: public | md5: b31ebd236f4088d889454c00d9b1946a
2026-10-02 12:00:49,790|opType: publish | rt: 10ms | status: success | requestIp: null | dataId: SKILL.md | group: skill_enc.656d61696c2d73657175656e6365__enc.312e312e30 | tenant: public | md5: 148ec1da7be8cbd00336f7a3ff0c7d33
2026-10-02 12:00:49,795|opType: publish | rt: 10ms | status: success | requestIp: null | dataId: enc.6576616c732f6576616c732e6a736f6e | group: skill_enc.656d61696c2d73657175656e6365__enc.312e312e30 | tenant: public | md5: b28da9568ba94e7df312b029b75e229f
2026-10-02 12:00:49,800|opType: publish | rt: 10ms | status: success | requestIp: null | dataId: enc.7265666572656e6365732f656d61696c2d74797065732e6d64 | group: skill_enc.656d61696c2d73657175656e6365__enc.312e312e30 | tenant: public | md5: 655c04c8ae585527cff13b728e25005a
2026-10-02 12:00:49,805|opType: publish | rt: 10ms | status: success | requestIp: null | dataId: enc.7265666572656e6365732f73657175656e63652d74656d706c617465732e6d64 | group: skill_enc.656d61696c2d73657175656e6365__enc.312e312e30 | tenant: public | md5: c2649d989c2b155c411cb8c299091fc8
2026-10-02 12:00:49,811|opType: publish | rt: 12ms | status: success | requestIp: null | dataId: manifest.json | group: agentspec__enc.6d61726b6574696e672d63726f73732d626f726465722d65636f6d6d65726365__enc.302e302e31 | tenant: public | md5: 9216ef501be1c0686ffd7879228ee1d5
2026-10-02 12:00:49,813|opType: publish | rt: 11ms | status: success | requestIp: null | dataId: resource_crons_jobs__json.json | group: agentspec__enc.6d61726b6574696e672d63726f73732d626f726465722d65636f6d6d65726365__enc.302e302e31 | tenant: public | md5: 1de75c44075c930d3d10fcf3a9a11c4b
2026-10-02 12:00:49,897|opType: publish | rt: 17ms | status: success | requestIp: null | dataId: resource_config_IDENTITY__md.json | group: agentspec__enc.6d61726b6574696e672d63726f73732d626f726465722d65636f6d6d65726365__enc.302e302e31 | tenant: public | md5: f87fe43c6af387a7b12cdb85d05e1f4e
2026-10-02 12:00:49,902|opType: publish | rt: 9ms | status: success | requestIp: null | dataId: resource_tool-analysis_tool-analysis__json.json | group: agentspec__enc.6d61726b6574696e672d63726f73732d626f726465722d65636f6d6d65726365__enc.302e302e31 | tenant: public | md5: 135c622f3ea4971b7484c62313161baa
2026-10-02 12:00:49,907|opType: publish | rt: 10ms | status: success | requestIp: null | dataId: resource_config_AGENTS__md.json | group: agentspec__enc.6d61726b6574696e672d63726f73732d626f726465722d65636f6d6d65726365__enc.302e302e31 | tenant: public | md5: 4f35651c5f2f5af1e6f11a4f9aa5852e
2026-10-02 12:00:49,912|opType: publish | rt: 11ms | status: success | requestIp: null | dataId: resource_config_SOUL__md.json | group: agentspec__enc.6d61726b6574696e672d63726f73732d626f726465722d65636f6d6d65726365__enc.302e302e31 | tenant: public | md5: 96db9a05aa4220a1236a1024afe8d756
2026-10-02 12:00:49,916|opType: publish | rt: 9ms | status: success | requestIp: null | dataId: skill_index.json | group: skill_content-strategy | tenant: public | md5: 0faeebbd29f3b2d16e9833a0f8025146
2026-10-02 12:00:49,921|opType: publish | rt: 9ms | status: success | requestIp: null | dataId: resource_config_MEMORY__md.json | group: agentspec__enc.6d61726b6574696e672d63726f73732d626f726465722d65636f6d6d65726365__enc.302e302e31 | tenant: public | md5: 7b7d217d8da813d4e2a1f65ef4ae6f3d
2026-10-02 12:00:49,925|opType: publish | rt: 9ms | status: success | requestIp: null | dataId: skill_index.json | group: skill_copy-editing | tenant: public | md5: 28e7a3baadcb61b35ba27dd5e8491320
2026-10-02 12:00:49,930|opType: publish | rt: 9ms | status: success | requestIp: null | dataId: manifest.json | group: agentspec__enc.6d61726b6574696e672d646f7579696e2d73747261746567697374__enc.302e302e31 | tenant: public | md5: 27c3e73f785751fa3f73e33e21ce0805
2026-10-02 12:00:49,934|opType: publish | rt: 9ms | status: success | requestIp: null | dataId: resource_crons_jobs__json.json | group: agentspec__enc.6d61726b6574696e672d646f7579696e2d73747261746567697374__enc.302e302e31 | tenant: public | md5: 0e207e3f6f296dfd67fb1082e8b86034
2026-10-02 12:00:49,938|opType: publish | rt: 9ms | status: success | requestIp: null | dataId: resource_config_IDENTITY__md.json | group: agentspec__enc.6d61726b6574696e672d646f7579696e2d73747261746567697374__enc.302e302e31 | tenant: public | md5: 0061f05bc11fd68ea3a5870f6e624014
2026-10-02 12:00:49,943|opType: publish | rt: 9ms | status: success | requestIp: null | dataId: resource_config_SOUL__md.json | group: agentspec__enc.6d61726b6574696e672d646f7579696e2d73747261746567697374__enc.302e302e31 | tenant: public | md5: ec9f876af318065b75eaca8739bffb64
2026-10-02 12:00:49,947|opType: publish | rt: 9ms | status: success | requestIp: null | dataId: resource_config_AGENTS__md.json | group: agentspec__enc.6d61726b6574696e672d646f7579696e2d73747261746567697374__enc.302e302e31 | tenant: public | md5: a7796b4536678a0d7274e70343ffb997
2026-10-02 12:00:49,954|opType: publish | rt: 11ms | status: success | requestIp: null | dataId: resource_tool-analysis_tool-analysis__json.json | group: agentspec__enc.6d61726b6574696e672d646f7579696e2d73747261746567697374__enc.302e302e31 | tenant: public | md5: 1be69545ed10197116b26a91ad3cd546
2026-10-02 12:00:49,959|opType: publish | rt: 12ms | status: success | requestIp: null | dataId: resource_config_MEMORY__md.json | group: agentspec__enc.6d61726b6574696e672d646f7579696e2d73747261746567697374__enc.302e302e31 | tenant: public | md5: 31ee6dd794b73ae5aec316d05d01fd27
2026-10-02 12:00:49,979|opType: publish | rt: 26ms | status: success | requestIp: null | dataId: manifest.json | group: agentspec__enc.6d61726b6574696e672d65636f6d6d657263652d6f70657261746f72__enc.302e302e31 | tenant: public | md5: 623b35c7ca09752dc339109c3e311f77
2026-10-02 12:00:49,985|opType: publish | rt: 26ms | status: success | requestIp: null | dataId: resource_config_IDENTITY__md.json | group: agentspec__enc.6d61726b6574696e672d65636f6d6d657263652d6f70657261746f72__enc.302e302e31 | tenant: public | md5: 9460de236116769a3562f3ee161d519a
2026-10-02 12:00:49,989|opType: publish | rt: 10ms | status: success | requestIp: null | dataId: resource_crons_jobs__json.json | group: agentspec__enc.6d61726b6574696e672d65636f6d6d657263652d6f70657261746f72__enc.302e302e31 | tenant: public | md5: 63626cd71b3fb2e61afdd2acc8e6be3e
2026-10-02 12:00:49,994|opType: publish | rt: 9ms | status: success | requestIp: null | dataId: resource_config_AGENTS__md.json | group: agentspec__enc.6d61726b6574696e672d65636f6d6d657263652d6f70657261746f72__enc.302e302e31 | tenant: public | md5: 689a4b5a75df84a65897b3e5b5046ce3
2026-10-02 12:00:49,998|opType: publish | rt: 9ms | status: success | requestIp: null | dataId: resource_tool-analysis_tool-analysis__json.json | group: agentspec__enc.6d61726b6574696e672d65636f6d6d657263652d6f70657261746f72__enc.302e302e31 | tenant: public | md5: 59a5136f21a2179017db125e393b3545
2026-10-02 12:00:50,002|opType: publish | rt: 8ms | status: success | requestIp: null | dataId: resource_config_MEMORY__md.json | group: agentspec__enc.6d61726b6574696e672d65636f6d6d657263652d6f70657261746f72__enc.302e302e31 | tenant: public | md5: aaf816c7cef0d8a1c4777846c058f33e
2026-10-02 12:00:50,008|opType: publish | rt: 10ms | status: success | requestIp: null | dataId: resource_config_SOUL__md.json | group: agentspec__enc.6d61726b6574696e672d65636f6d6d657263652d6f70657261746f72__enc.302e302e31 | tenant: public | md5: c8032282b84be9cea812282dd1e11282
2026-10-02 12:00:50,013|opType: publish | rt: 11ms | status: success | requestIp: null | dataId: manifest.json | group: agentspec__enc.6d61726b6574696e672d67726f7774682d6861636b6572__enc.302e302e31 | tenant: public | md5: db5c97295b15ebc064f089772572dac9
2026-10-02 12:00:50,016|opType: publish | rt: 11ms | status: success | requestIp: null | dataId: skill_index.json | group: skill_copywriting | tenant: public | md5: 9d3cb3fd169466ae5b71a968e19166de
2026-10-02 12:00:50,058|opType: publish | rt: 39ms | status: success | requestIp: null | dataId: resource_crons_jobs__json.json | group: agentspec__enc.6d61726b6574696e672d67726f7774682d6861636b6572__enc.302e302e31 | tenant: public | md5: 9e298f0a780a4c0ab1f66d96566e7d6f
2026-10-02 12:00:50,063|opType: publish | rt: 28ms | status: success | requestIp: null | dataId: resource_config_IDENTITY__md.json | group: agentspec__enc.6d61726b6574696e672d67726f7774682d6861636b6572__enc.302e302e31 | tenant: public | md5: ff3d08ede733e1fd65a964c8c6e0d8bc
2026-10-02 12:00:50,068|opType: publish | rt: 8ms | status: success | requestIp: null | dataId: skill_index.json | group: skill_email-sequence | tenant: public | md5: a865b84da49a739059a5e443307e4ad2
2026-10-02 12:00:50,135|opType: publish | rt: 8ms | status: success | requestIp: null | dataId: resource_tool-analysis_tool-analysis__json.json | group: agentspec__enc.6d61726b6574696e672d67726f7774682d6861636b6572__enc.302e302e31 | tenant: public | md5: 4605a9ca27ea655003eb6e5cd25573d1
2026-10-02 12:00:50,142|opType: publish | rt: 9ms | status: success | requestIp: null | dataId: resource_config_AGENTS__md.json | group: agentspec__enc.6d61726b6574696e672d67726f7774682d6861636b6572__enc.302e302e31 | tenant: public | md5: 60b5a6517b3bd8cd50f7d541ff04578a
2026-10-02 12:00:50,146|opType: publish | rt: 8ms | status: success | requestIp: null | dataId: resource_config_SOUL__md.json | group: agentspec__enc.6d61726b6574696e672d67726f7774682d6861636b6572__enc.302e302e31 | tenant: public | md5: 0590e9e5c74c81d471f157e26164a6fe
2026-10-02 12:00:50,151|opType: publish | rt: 9ms | status: success | requestIp: null | dataId: resource_config_MEMORY__md.json | group: agentspec__enc.6d61726b6574696e672d67726f7774682d6861636b6572__enc.302e302e31 | tenant: public | md5: 59edc33ab21ddc0dad6d4339daa29ee5
2026-10-02 12:00:50,157|opType: publish | rt: 11ms | status: success | requestIp: null | dataId: SKILL.md | group: skill_enc.666f726d2d63726f__enc.312e312e30 | tenant: public | md5: 1da0615b67ead6275f78de0f14c3fb4a
2026-10-02 12:00:50,163|opType: publish | rt: 12ms | status: success | requestIp: null | dataId: enc.6576616c732f6576616c732e6a736f6e | group: skill_enc.666f726d2d63726f__enc.312e312e30 | tenant: public | md5: 606e7655a67196b91d1620181d63302c
2026-10-02 12:00:50,175|opType: publish | rt: 18ms | status: success | requestIp: null | dataId: enc.7265666572656e6365732f746f6f6c2d74797065732e6d64 | group: skill_enc.667265652d746f6f6c2d7374726174656779__enc.312e312e30 | tenant: public | md5: 39a15c6f5f8a253acd9ee9740aeebf90
2026-10-02 12:00:50,210|opType: publish | rt: 47ms | status: success | requestIp: null | dataId: SKILL.md | group: skill_enc.667265652d746f6f6c2d7374726174656779__enc.312e312e30 | tenant: public | md5: d5f3daa85c3f5d6654aa5a5ec178059e
2026-10-02 12:00:50,216|opType: publish | rt: 41ms | status: success | requestIp: null | dataId: enc.6576616c732f6576616c732e6a736f6e | group: skill_enc.667265652d746f6f6c2d7374726174656779__enc.312e312e30 | tenant: public | md5: 10d7f8ba9b826c2ad050c01906cf6cba
2026-10-02 12:00:50,252|opType: publish | rt: 42ms | status: success | requestIp: null | dataId: manifest.json | group: agentspec__enc.6d61726b6574696e672d696e7374616772616d2d63757261746f72__enc.302e302e31 | tenant: public | md5: 788ee80ff9adf86018d9950a863287ef
2026-10-02 12:00:50,265|opType: publish | rt: 49ms | status: success | requestIp: null | dataId: resource_crons_jobs__json.json | group: agentspec__enc.6d61726b6574696e672d696e7374616772616d2d63757261746f72__enc.302e302e31 | tenant: public | md5: a8484812ed0c98c39a3c4848bfd27815
2026-10-02 12:00:50,277|opType: publish | rt: 25ms | status: success | requestIp: null | dataId: resource_config_IDENTITY__md.json | group: agentspec__enc.6d61726b6574696e672d696e7374616772616d2d63757261746f72__enc.302e302e31 | tenant: public | md5: 59cbec6d40d799bc19ae74ba22ece6d1
2026-10-02 12:00:50,280|opType: publish | rt: 15ms | status: success | requestIp: null | dataId: resource_tool-analysis_tool-analysis__json.json | group: agentspec__enc.6d61726b6574696e672d696e7374616772616d2d63757261746f72__enc.302e302e31 | tenant: public | md5: 77cc68cfe22e204895f92619f54352b0
2026-10-02 12:00:50,289|opType: publish | rt: 13ms | status: success | requestIp: null | dataId: resource_config_AGENTS__md.json | group: agentspec__enc.6d61726b6574696e672d696e7374616772616d2d63757261746f72__enc.302e302e31 | tenant: public | md5: 3978da27f903c53904d51ed91af005a1
2026-10-02 12:00:50,289|opType: publish | rt: 9ms | status: success | requestIp: null | dataId: resource_config_SOUL__md.json | group: agentspec__enc.6d61726b6574696e672d696e7374616772616d2d63757261746f72__enc.302e302e31 | tenant: public | md5: 827d117f281db2d20b2eda3de259936e
2026-10-02 12:00:50,293|opType: publish | rt: 9ms | status: success | requestIp: null | dataId: resource_config_MEMORY__md.json | group: agentspec__enc.6d61726b6574696e672d696e7374616772616d2d63757261746f72__enc.302e302e31 | tenant: public | md5: b6fd53dbd632929322e8cc4f6427c89a
2026-10-02 12:00:50,298|opType: publish | rt: 9ms | status: success | requestIp: null | dataId: manifest.json | group: agentspec__enc.6d61726b6574696e672d6b6e6f776c656467652d636f6d6d657263652d73747261746567697374__enc.302e302e31 | tenant: public | md5: 7d228671dcb331ca7cc0c5237bcecc0c
2026-10-02 12:00:50,302|opType: publish | rt: 9ms | status: success | requestIp: null | dataId: resource_crons_jobs__json.json | group: agentspec__enc.6d61726b6574696e672d6b6e6f776c656467652d636f6d6d657263652d73747261746567697374__enc.302e302e31 | tenant: public | md5: 90a87eaba75acd3016316ebac03d7887
2026-10-02 12:00:50,309|opType: publish | rt: 12ms | status: success | requestIp: null | dataId: resource_config_IDENTITY__md.json | group: agentspec__enc.6d61726b6574696e672d6b6e6f776c656467652d636f6d6d657263652d73747261746567697374__enc.302e302e31 | tenant: public | md5: a92e7e0e04ef8d4279dd7d848f631ffc
2026-10-02 12:00:50,314|opType: publish | rt: 12ms | status: success | requestIp: null | dataId: resource_tool-analysis_tool-analysis__json.json | group: agentspec__enc.6d61726b6574696e672d6b6e6f776c656467652d636f6d6d657263652d73747261746567697374__enc.302e302e31 | tenant: public | md5: f646fd90cb47088cb324b12f29d9d64d
2026-10-02 12:00:50,319|opType: publish | rt: 10ms | status: success | requestIp: null | dataId: resource_config_AGENTS__md.json | group: agentspec__enc.6d61726b6574696e672d6b6e6f776c656467652d636f6d6d657263652d73747261746567697374__enc.302e302e31 | tenant: public | md5: bce1b1285a5f652b926385991e2c7af0
2026-10-02 12:00:50,350|opType: publish | rt: 36ms | status: success | requestIp: null | dataId: resource_config_SOUL__md.json | group: agentspec__enc.6d61726b6574696e672d6b6e6f776c656467652d636f6d6d657263652d73747261746567697374__enc.302e302e31 | tenant: public | md5: 9a09508060c0848c01b09264060c8bad
2026-10-02 12:00:50,355|opType: publish | rt: 36ms | status: success | requestIp: null | dataId: SKILL.md | group: skill_enc.6c61756e63682d7374726174656779__enc.312e312e30 | tenant: public | md5: bc273a3c4e58c670a04c304a4667bc06
2026-10-02 12:00:50,363|opType: publish | rt: 13ms | status: success | requestIp: null | dataId: resource_config_MEMORY__md.json | group: agentspec__enc.6d61726b6574696e672d6b6e6f776c656467652d636f6d6d657263652d73747261746567697374__enc.302e302e31 | tenant: public | md5: c22bb03f25f8d275af6d0d0bc2c97fa6
2026-10-02 12:00:50,365|opType: publish | rt: 13ms | status: success | requestIp: null | dataId: enc.6576616c732f6576616c732e6a736f6e | group: skill_enc.6c61756e63682d7374726174656779__enc.312e312e30 | tenant: public | md5: b0544b88d4974e5aeb4bdc9c205639a6
2026-10-02 12:00:50,370|opType: publish | rt: 10ms | status: success | requestIp: null | dataId: resource_crons_jobs__json.json | group: agentspec__enc.6d61726b6574696e672d6b75616973686f752d73747261746567697374__enc.302e302e31 | tenant: public | md5: 45f01c15617324ff68f938f9b4536f10
2026-10-02 12:00:50,374|opType: publish | rt: 9ms | status: success | requestIp: null | dataId: manifest.json | group: agentspec__enc.6d61726b6574696e672d6b75616973686f752d73747261746567697374__enc.302e302e31 | tenant: public | md5: 40ad48e71886fcc4ce17848e5e8c58b1
2026-10-02 12:00:50,378|opType: publish | rt: 8ms | status: success | requestIp: null | dataId: resource_config_IDENTITY__md.json | group: agentspec__enc.6d61726b6574696e672d6b75616973686f752d73747261746567697374__enc.302e302e31 | tenant: public | md5: af0a71fb9dee940c9b2c19d9f03241bf
2026-10-02 12:00:50,383|opType: publish | rt: 9ms | status: success | requestIp: null | dataId: resource_tool-analysis_tool-analysis__json.json | group: agentspec__enc.6d61726b6574696e672d6b75616973686f752d73747261746567697374__enc.302e302e31 | tenant: public | md5: 723a0f20e22639d010c65382bb5f23b6
2026-10-02 12:00:50,387|opType: publish | rt: 9ms | status: success | requestIp: null | dataId: SKILL.md | group: skill_enc.6c6561642d6d61676e657473__enc.312e302e30 | tenant: public | md5: 6908c5e09404d902f69edaeb3a0bebf6
2026-10-02 12:00:50,391|opType: publish | rt: 9ms | status: success | requestIp: null | dataId: enc.7265666572656e6365732f666f726d61742d67756964652e6d64 | group: skill_enc.6c6561642d6d61676e657473__enc.312e302e30 | tenant: public | md5: eb71a7fd323c62ce67c00a864e2697e4
2026-10-02 12:00:50,395|opType: publish | rt: 8ms | status: success | requestIp: null | dataId: enc.7265666572656e6365732f62656e63686d61726b732e6d64 | group: skill_enc.6c6561642d6d61676e657473__enc.312e302e30 | tenant: public | md5: 4e1c7eae3b28e49ba50762e8b06d2097
2026-10-02 12:00:50,400|opType: publish | rt: 9ms | status: success | requestIp: null | dataId: resource_config_AGENTS__md.json | group: agentspec__enc.6d61726b6574696e672d6b75616973686f752d73747261746567697374__enc.302e302e31 | tenant: public | md5: ceb5dd6d8b3893b7185cf2b81fbe8a09
2026-10-02 12:00:50,404|opType: publish | rt: 9ms | status: success | requestIp: null | dataId: resource_config_SOUL__md.json | group: agentspec__enc.6d61726b6574696e672d6b75616973686f752d73747261746567697374__enc.302e302e31 | tenant: public | md5: 227c6f302d0d2be2a57033ec6dabe5e1
2026-10-02 12:00:50,409|opType: publish | rt: 10ms | status: success | requestIp: null | dataId: resource_config_MEMORY__md.json | group: agentspec__enc.6d61726b6574696e672d6b75616973686f752d73747261746567697374__enc.302e302e31 | tenant: public | md5: 40fc60a7f7d40590bb47aa6ecdf184c3
2026-10-02 12:00:50,414|opType: publish | rt: 11ms | status: success | requestIp: null | dataId: manifest.json | group: agentspec__enc.6d61726b6574696e672d6c696e6b6564696e2d636f6e74656e742d63726561746f72__enc.302e302e31 | tenant: public | md5: e33b71b3348af4975faa8989b5ad85cf
2026-10-02 12:00:50,417|opType: publish | rt: 11ms | status: success | requestIp: null | dataId: skill_index.json | group: skill_form-cro | tenant: public | md5: 0c3e72e2215e86f4cee39b9bce336dd7
2026-10-02 12:00:50,435|opType: publish | rt: 6ms | status: success | requestIp: null | dataId: skill_index.json | group: skill_free-tool-strategy | tenant: public | md5: 1e989fb828f45f6d02a56d8fe2f70d89
2026-10-02 12:00:50,466|opType: publish | rt: 6ms | status: success | requestIp: null | dataId: resource_crons_jobs__json.json | group: agentspec__enc.6d61726b6574696e672d6c696e6b6564696e2d636f6e74656e742d63726561746f72__enc.302e302e31 | tenant: public | md5: ba9fbb3d05fe0404a367a2cb2c3e499d
2026-10-02 12:00:50,479|opType: publish | rt: 7ms | status: success | requestIp: null | dataId: resource_config_IDENTITY__md.json | group: agentspec__enc.6d61726b6574696e672d6c696e6b6564696e2d636f6e74656e742d63726561746f72__enc.302e302e31 | tenant: public | md5: 327ea1d972bc5d1acbfe45c9f8b496d2
2026-10-02 12:00:50,497|opType: publish | rt: 11ms | status: success | requestIp: null | dataId: resource_tool-analysis_tool-analysis__json.json | group: agentspec__enc.6d61726b6574696e672d6c696e6b6564696e2d636f6e74656e742d63726561746f72__enc.302e302e31 | tenant: public | md5: 8222711226f5e381ba29bf5734568c11
2026-10-02 12:00:50,499|opType: publish | rt: 10ms | status: success | requestIp: null | dataId: resource_config_AGENTS__md.json | group: agentspec__enc.6d61726b6574696e672d6c696e6b6564696e2d636f6e74656e742d63726561746f72__enc.302e302e31 | tenant: public | md5: 58894897c9f0850d54ce8b6b6184c224
2026-10-02 12:00:50,510|opType: publish | rt: 11ms | status: success | requestIp: null | dataId: resource_config_SOUL__md.json | group: agentspec__enc.6d61726b6574696e672d6c696e6b6564696e2d636f6e74656e742d63726561746f72__enc.302e302e31 | tenant: public | md5: e376289b0d0089710bb13caed1a191ec
2026-10-02 12:00:50,514|opType: publish | rt: 9ms | status: success | requestIp: null | dataId: resource_config_MEMORY__md.json | group: agentspec__enc.6d61726b6574696e672d6c696e6b6564696e2d636f6e74656e742d63726561746f72__enc.302e302e31 | tenant: public | md5: da834bb0623f13dbf142d57d6a02524a
2026-10-02 12:00:50,523|opType: publish | rt: 11ms | status: success | requestIp: null | dataId: manifest.json | group: agentspec__enc.6d61726b6574696e672d6c69766573747265616d2d636f6d6d657263652d636f616368__enc.302e302e31 | tenant: public | md5: 4c888b7acd94a8fd9f0d97f9adec4f0e
2026-10-02 12:00:50,527|opType: publish | rt: 10ms | status: success | requestIp: null | dataId: resource_config_IDENTITY__md.json | group: agentspec__enc.6d61726b6574696e672d6c69766573747265616d2d636f6d6d657263652d636f616368__enc.302e302e31 | tenant: public | md5: 310e5c542262b3b05d1b69befcd4e575
2026-10-02 12:00:50,529|opType: publish | rt: 10ms | status: success | requestIp: null | dataId: resource_crons_jobs__json.json | group: agentspec__enc.6d61726b6574696e672d6c69766573747265616d2d636f6d6d657263652d636f616368__enc.302e302e31 | tenant: public | md5: 037af0a940f54538bbd5e1797854279c
2026-10-02 12:00:50,535|opType: publish | rt: 8ms | status: success | requestIp: null | dataId: resource_tool-analysis_tool-analysis__json.json | group: agentspec__enc.6d61726b6574696e672d6c69766573747265616d2d636f6d6d657263652d636f616368__enc.302e302e31 | tenant: public | md5: e2318927040909248eddad2b6b760f92
2026-10-02 12:00:50,540|opType: publish | rt: 9ms | status: success | requestIp: null | dataId: resource_config_AGENTS__md.json | group: agentspec__enc.6d61726b6574696e672d6c69766573747265616d2d636f6d6d657263652d636f616368__enc.302e302e31 | tenant: public | md5: 8789c79573334d571e69dd44257c9eff
2026-10-02 12:00:50,542|opType: publish | rt: 9ms | status: success | requestIp: null | dataId: resource_config_SOUL__md.json | group: agentspec__enc.6d61726b6574696e672d6c69766573747265616d2d636f6d6d657263652d636f616368__enc.302e302e31 | tenant: public | md5: 1f2a85c750e989c1bfe97a9d98af1010
2026-10-02 12:00:50,562|opType: publish | rt: 6ms | status: success | requestIp: null | dataId: resource_config_MEMORY__md.json | group: agentspec__enc.6d61726b6574696e672d6c69766573747265616d2d636f6d6d657263652d636f616368__enc.302e302e31 | tenant: public | md5: 9fe5d663e7c81e7cdc37b4be9e6134ed
2026-10-02 12:00:50,594|opType: publish | rt: 13ms | status: success | requestIp: null | dataId: manifest.json | group: agentspec__enc.6d61726b6574696e672d706f64636173742d73747261746567697374__enc.302e302e31 | tenant: public | md5: e73baeb214a3badb3c3511dfed5435b5
2026-10-02 12:00:50,600|opType: publish | rt: 9ms | status: success | requestIp: null | dataId: resource_crons_jobs__json.json | group: agentspec__enc.6d61726b6574696e672d706f64636173742d73747261746567697374__enc.302e302e31 | tenant: public | md5: 07d83c118d15c8f935889f3bd3c53abe
2026-10-02 12:00:50,605|opType: publish | rt: 9ms | status: success | requestIp: null | dataId: resource_config_IDENTITY__md.json | group: agentspec__enc.6d61726b6574696e672d706f64636173742d73747261746567697374__enc.302e302e31 | tenant: public | md5: b032e826017f2b21c4514b082de55366
2026-10-02 12:00:50,607|opType: publish | rt: 9ms | status: success | requestIp: null | dataId: skill_index.json | group: skill_launch-strategy | tenant: public | md5: 0c3e72e2215e86f4cee39b9bce336dd7
2026-10-02 12:00:50,614|opType: publish | rt: 9ms | status: success | requestIp: null | dataId: resource_tool-analysis_tool-analysis__json.json | group: agentspec__enc.6d61726b6574696e672d706f64636173742d73747261746567697374__enc.302e302e31 | tenant: public | md5: 9056a784ccd396f472b5941c3601a5ee
2026-10-02 12:00:50,619|opType: publish | rt: 9ms | status: success | requestIp: null | dataId: resource_config_AGENTS__md.json | group: agentspec__enc.6d61726b6574696e672d706f64636173742d73747261746567697374__enc.302e302e31 | tenant: public | md5: 170d52e36d38b7a92d0993feacdd4ec6
2026-10-02 12:00:50,624|opType: publish | rt: 10ms | status: success | requestIp: null | dataId: resource_config_SOUL__md.json | group: agentspec__enc.6d61726b6574696e672d706f64636173742d73747261746567697374__enc.302e302e31 | tenant: public | md5: a3892485a7d029f348d2c0532532e874
2026-10-02 12:00:50,628|opType: publish | rt: 10ms | status: success | requestIp: null | dataId: resource_config_MEMORY__md.json | group: agentspec__enc.6d61726b6574696e672d706f64636173742d73747261746567697374__enc.302e302e31 | tenant: public | md5: aabf7a41579c3ed5f00541a60f2b3779
2026-10-02 12:00:50,630|opType: publish | rt: 9ms | status: success | requestIp: null | dataId: skill_index.json | group: skill_lead-magnets | tenant: public | md5: 60dbaad9fac4cac81a16364c3d0c730b
2026-10-02 12:00:50,637|opType: publish | rt: 9ms | status: success | requestIp: null | dataId: enc.6576616c732f6576616c732e6a736f6e | group: skill_enc.6d61726b6574696e672d6964656173__enc.312e312e30 | tenant: public | md5: bbe147d54250266c77296e2c94c2f0c4
2026-10-02 12:00:50,641|opType: publish | rt: 8ms | status: success | requestIp: null | dataId: SKILL.md | group: skill_enc.6d61726b6574696e672d6964656173__enc.312e312e30 | tenant: public | md5: 4f364251d0424cbee405adc33ee62b9a
2026-10-02 12:00:50,645|opType: publish | rt: 8ms | status: success | requestIp: null | dataId: manifest.json | group: agentspec__enc.6d61726b6574696e672d707269766174652d646f6d61696e2d6f70657261746f72__enc.302e302e31 | tenant: public | md5: f1f0579fd96ed7e90aeb91513b526fbd
2026-10-02 12:00:50,651|opType: publish | rt: 10ms | status: success | requestIp: null | dataId: enc.7265666572656e6365732f69646561732d62792d63617465676f72792e6d64 | group: skill_enc.6d61726b6574696e672d6964656173__enc.312e312e30 | tenant: public | md5: 037d36ec60475fa42f6c4167bfc85af8
2026-10-02 12:00:50,656|opType: publish | rt: 11ms | status: success | requestIp: null | dataId: resource_crons_jobs__json.json | group: agentspec__enc.6d61726b6574696e672d707269766174652d646f6d61696e2d6f70657261746f72__enc.302e302e31 | tenant: public | md5: 32170c93dd5d893c19ed13e670e0241f
2026-10-02 12:00:50,661|opType: publish | rt: 10ms | status: success | requestIp: null | dataId: enc.6576616c732f6576616c732e6a736f6e | group: skill_enc.6d61726b6574696e672d70737963686f6c6f6779__enc.312e312e30 | tenant: public | md5: 39d23f4b315111d0bcf59bb724b31884
2026-10-02 12:00:50,663|opType: publish | rt: 10ms | status: success | requestIp: null | dataId: SKILL.md | group: skill_enc.6d61726b6574696e672d70737963686f6c6f6779__enc.312e312e30 | tenant: public | md5: d04a5e61e000e3637a8a3bc2875ad09c
2026-10-02 12:00:50,677|opType: publish | rt: 6ms | status: success | requestIp: null | dataId: resource_config_IDENTITY__md.json | group: agentspec__enc.6d61726b6574696e672d707269766174652d646f6d61696e2d6f70657261746f72__enc.302e302e31 | tenant: public | md5: ba28eba849204352690d6e2479ed296b
2026-10-02 12:00:50,689|opType: publish | rt: 6ms | status: success | requestIp: null | dataId: resource_tool-analysis_tool-analysis__json.json | group: agentspec__enc.6d61726b6574696e672d707269766174652d646f6d61696e2d6f70657261746f72__enc.302e302e31 | tenant: public | md5: c8db6c0425e67e2b9efd4cc379a8173c
2026-10-02 12:00:50,719|opType: publish | rt: 13ms | status: success | requestIp: null | dataId: resource_config_AGENTS__md.json | group: agentspec__enc.6d61726b6574696e672d707269766174652d646f6d61696e2d6f70657261746f72__enc.302e302e31 | tenant: public | md5: d38eb4cd788c523ba698ffc2962add84
2026-10-02 12:00:50,722|opType: publish | rt: 13ms | status: success | requestIp: null | dataId: resource_config_SOUL__md.json | group: agentspec__enc.6d61726b6574696e672d707269766174652d646f6d61696e2d6f70657261746f72__enc.302e302e31 | tenant: public | md5: d8940873e31a03ccefd84b49b7536059
2026-10-02 12:00:50,741|opType: publish | rt: 19ms | status: success | requestIp: null | dataId: resource_config_MEMORY__md.json | group: agentspec__enc.6d61726b6574696e672d707269766174652d646f6d61696e2d6f70657261746f72__enc.302e302e31 | tenant: public | md5: c67b21fa6e6541a0fec3e5ba72098a67
2026-10-02 12:00:50,766|opType: publish | rt: 15ms | status: success | requestIp: null | dataId: manifest.json | group: agentspec__enc.6d61726b6574696e672d7265646469742d636f6d6d756e6974792d6275696c646572__enc.302e302e31 | tenant: public | md5: 95233bedb193884d7f4445a76e0b5c34
2026-10-02 12:00:50,774|opType: publish | rt: 11ms | status: success | requestIp: null | dataId: resource_crons_jobs__json.json | group: agentspec__enc.6d61726b6574696e672d7265646469742d636f6d6d756e6974792d6275696c646572__enc.302e302e31 | tenant: public | md5: 155ac86282a0b432b6e167df11343961
2026-10-02 12:00:50,778|opType: publish | rt: 9ms | status: success | requestIp: null | dataId: resource_config_IDENTITY__md.json | group: agentspec__enc.6d61726b6574696e672d7265646469742d636f6d6d756e6974792d6275696c646572__enc.302e302e31 | tenant: public | md5: edf509b9efffb02d61e760d498fc4f07
2026-10-02 12:00:50,783|opType: publish | rt: 9ms | status: success | requestIp: null | dataId: resource_tool-analysis_tool-analysis__json.json | group: agentspec__enc.6d61726b6574696e672d7265646469742d636f6d6d756e6974792d6275696c646572__enc.302e302e31 | tenant: public | md5: c9cb55581daace1da2f3d9df9621787e
2026-10-02 12:00:50,787|opType: publish | rt: 9ms | status: success | requestIp: null | dataId: resource_config_SOUL__md.json | group: agentspec__enc.6d61726b6574696e672d7265646469742d636f6d6d756e6974792d6275696c646572__enc.302e302e31 | tenant: public | md5: bba9d02defc25c06bcfedebc689e9eea
2026-10-02 12:00:50,791|opType: publish | rt: 9ms | status: success | requestIp: null | dataId: resource_config_AGENTS__md.json | group: agentspec__enc.6d61726b6574696e672d7265646469742d636f6d6d756e6974792d6275696c646572__enc.302e302e31 | tenant: public | md5: f15dcfdf024390e18db69710768d49c2
2026-10-02 12:00:50,796|opType: publish | rt: 9ms | status: success | requestIp: null | dataId: resource_config_MEMORY__md.json | group: agentspec__enc.6d61726b6574696e672d7265646469742d636f6d6d756e6974792d6275696c646572__enc.302e302e31 | tenant: public | md5: f1396e3ab500787195faed6dea4a9a08
2026-10-02 12:00:50,798|opType: publish | rt: 9ms | status: success | requestIp: null | dataId: manifest.json | group: agentspec__enc.6d61726b6574696e672d73656f2d7370656369616c697374__enc.302e302e31 | tenant: public | md5: 005d0ca7f37a82fb0b4ddc9856a5f611
2026-10-02 12:00:50,809|opType: publish | rt: 8ms | status: success | requestIp: null | dataId: resource_crons_jobs__json.json | group: agentspec__enc.6d61726b6574696e672d73656f2d7370656369616c697374__enc.302e302e31 | tenant: public | md5: 83d46c2a6c6de11bda3f127ab9ade47e
2026-10-02 12:00:50,821|opType: publish | rt: 10ms | status: success | requestIp: null | dataId: resource_config_IDENTITY__md.json | group: agentspec__enc.6d61726b6574696e672d73656f2d7370656369616c697374__enc.302e302e31 | tenant: public | md5: 9d199fdba36933a7ccafcc1303ac3725
2026-10-02 12:00:50,824|opType: publish | rt: 10ms | status: success | requestIp: null | dataId: resource_tool-analysis_tool-analysis__json.json | group: agentspec__enc.6d61726b6574696e672d73656f2d7370656369616c697374__enc.302e302e31 | tenant: public | md5: 4fe190856b9ddc139f88b4524ae60229
2026-10-02 12:00:50,828|opType: publish | rt: 9ms | status: success | requestIp: null | dataId: SKILL.md | group: skill_enc.6f6e626f617264696e672d63726f__enc.312e312e30 | tenant: public | md5: 7f66ce586c8ff1e192b158c848ab1aaf
2026-10-02 12:00:50,832|opType: publish | rt: 9ms | status: success | requestIp: null | dataId: enc.6576616c732f6576616c732e6a736f6e | group: skill_enc.6f6e626f617264696e672d63726f__enc.312e312e30 | tenant: public | md5: d166bff44a73ea9c78d982dea49e4322
2026-10-02 12:00:50,836|opType: publish | rt: 10ms | status: success | requestIp: null | dataId: enc.7265666572656e6365732f6578706572696d656e74732e6d64 | group: skill_enc.6f6e626f617264696e672d63726f__enc.312e312e30 | tenant: public | md5: 63e0660f8d13ad9d073f941dc5106cb7
2026-10-02 12:00:50,848|opType: publish | rt: 16ms | status: success | requestIp: null | dataId: resource_config_SOUL__md.json | group: agentspec__enc.6d61726b6574696e672d73656f2d7370656369616c697374__enc.302e302e31 | tenant: public | md5: 78e8eca8ca6ef3a1f203e808c49b9e75
2026-10-02 12:00:50,853|opType: publish | rt: 15ms | status: success | requestIp: null | dataId: resource_config_AGENTS__md.json | group: agentspec__enc.6d61726b6574696e672d73656f2d7370656369616c697374__enc.302e302e31 | tenant: public | md5: 5093d7018eb8ade1e7fedeaddd46afc8
2026-10-02 12:00:50,857|opType: publish | rt: 9ms | status: success | requestIp: null | dataId: resource_config_MEMORY__md.json | group: agentspec__enc.6d61726b6574696e672d73656f2d7370656369616c697374__enc.302e302e31 | tenant: public | md5: 482dcabfa1a2a985082ab6d84ef9386e
2026-10-02 12:00:50,862|opType: publish | rt: 10ms | status: success | requestIp: null | dataId: SKILL.md | group: skill_enc.706167652d63726f__enc.312e312e30 | tenant: public | md5: c1e2516a329cfcb9ac0595becf3fc0bf
2026-10-02 12:00:50,867|opType: publish | rt: 10ms | status: success | requestIp: null | dataId: enc.6576616c732f6576616c732e6a736f6e | group: skill_enc.706167652d63726f__enc.312e312e30 | tenant: public | md5: 4aff5de65806967b0c29797430b46e24
2026-10-02 12:00:50,871|opType: publish | rt: 9ms | status: success | requestIp: null | dataId: enc.7265666572656e6365732f6578706572696d656e74732e6d64 | group: skill_enc.706167652d63726f__enc.312e312e30 | tenant: public | md5: 813705188038889f41dabf1376db3310
2026-10-02 12:00:50,876|opType: publish | rt: 9ms | status: success | requestIp: null | dataId: resource_crons_jobs__json.json | group: agentspec__enc.6d61726b6574696e672d73686f72742d766964656f2d65646974696e672d636f616368__enc.302e302e31 | tenant: public | md5: 69ceb9eb114b7bc14fbd681a8d631124
2026-10-02 12:00:50,880|opType: publish | rt: 9ms | status: success | requestIp: null | dataId: manifest.json | group: agentspec__enc.6d61726b6574696e672d73686f72742d766964656f2d65646974696e672d636f616368__enc.302e302e31 | tenant: public | md5: 383af703d3bc73831eaa3982e3be7c8d
2026-10-02 12:00:50,884|opType: publish | rt: 8ms | status: success | requestIp: null | dataId: skill_index.json | group: skill_marketing-ideas | tenant: public | md5: 6154402369aff404b0b9196d5bf56ce3
2026-10-02 12:00:50,888|opType: publish | rt: 8ms | status: success | requestIp: null | dataId: resource_config_IDENTITY__md.json | group: agentspec__enc.6d61726b6574696e672d73686f72742d766964656f2d65646974696e672d636f616368__enc.302e302e31 | tenant: public | md5: f49f6cd43546e0182c790816504b84eb
2026-10-02 12:00:50,892|opType: publish | rt: 8ms | status: success | requestIp: null | dataId: skill_index.json | group: skill_marketing-psychology | tenant: public | md5: 0c3e72e2215e86f4cee39b9bce336dd7
2026-10-02 12:00:50,894|opType: publish | rt: 8ms | status: success | requestIp: null | dataId: resource_tool-analysis_tool-analysis__json.json | group: agentspec__enc.6d61726b6574696e672d73686f72742d766964656f2d65646974696e672d636f616368__enc.302e302e31 | tenant: public | md5: fa32669080bac4e0ec5d97a4ae53dada
2026-10-02 12:00:50,902|opType: publish | rt: 6ms | status: success | requestIp: null | dataId: resource_config_AGENTS__md.json | group: agentspec__enc.6d61726b6574696e672d73686f72742d766964656f2d65646974696e672d636f616368__enc.302e302e31 | tenant: public | md5: 62b7b484a79d3972df76cd2355f8dec6
2026-10-02 12:00:50,933|opType: publish | rt: 8ms | status: success | requestIp: null | dataId: resource_config_SOUL__md.json | group: agentspec__enc.6d61726b6574696e672d73686f72742d766964656f2d65646974696e672d636f616368__enc.302e302e31 | tenant: public | md5: 22bcc81cd21d0b1f5662aa1a05084c66
2026-10-02 12:00:50,939|opType: publish | rt: 8ms | status: success | requestIp: null | dataId: resource_config_MEMORY__md.json | group: agentspec__enc.6d61726b6574696e672d73686f72742d766964656f2d65646974696e672d636f616368__enc.302e302e31 | tenant: public | md5: a1596493533109d8eb15f0ee72d5e949
2026-10-02 12:00:50,962|opType: publish | rt: 8ms | status: success | requestIp: null | dataId: manifest.json | group: agentspec__enc.6d61726b6574696e672d736f6369616c2d6d656469612d73747261746567697374__enc.302e302e31 | tenant: public | md5: 8acd28117bf4f6fdf201035ddf347a59
2026-10-02 12:00:50,986|opType: publish | rt: 14ms | status: success | requestIp: null | dataId: resource_crons_jobs__json.json | group: agentspec__enc.6d61726b6574696e672d736f6369616c2d6d656469612d73747261746567697374__enc.302e302e31 | tenant: public | md5: 5ef367c97ae1905ad76905b72030a810
2026-10-02 12:00:51,028|opType: publish | rt: 39ms | status: success | requestIp: null | dataId: resource_config_IDENTITY__md.json | group: agentspec__enc.6d61726b6574696e672d736f6369616c2d6d656469612d73747261746567697374__enc.302e302e31 | tenant: public | md5: 50f10d23d680b00b7ff9194bd6718183
2026-10-02 12:00:51,044|opType: publish | rt: 38ms | status: success | requestIp: null | dataId: resource_config_AGENTS__md.json | group: agentspec__enc.6d61726b6574696e672d736f6369616c2d6d656469612d73747261746567697374__enc.302e302e31 | tenant: public | md5: 849f7988b136e04cdb43b82499e230bb
2026-10-02 12:00:51,053|opType: publish | rt: 25ms | status: success | requestIp: null | dataId: resource_tool-analysis_tool-analysis__json.json | group: agentspec__enc.6d61726b6574696e672d736f6369616c2d6d656469612d73747261746567697374__enc.302e302e31 | tenant: public | md5: c07a9fb4262c3e59d0ed710d4e1a7822
2026-10-02 12:00:51,065|opType: publish | rt: 21ms | status: success | requestIp: null | dataId: resource_config_MEMORY__md.json | group: agentspec__enc.6d61726b6574696e672d736f6369616c2d6d656469612d73747261746567697374__enc.302e302e31 | tenant: public | md5: b0ff3dc099f8c0f7b30568cb5092425f
2026-10-02 12:00:51,073|opType: publish | rt: 20ms | status: success | requestIp: null | dataId: resource_config_SOUL__md.json | group: agentspec__enc.6d61726b6574696e672d736f6369616c2d6d656469612d73747261746567697374__enc.302e302e31 | tenant: public | md5: e51c8f60ce1b14bcec415e11b81ec516
2026-10-02 12:00:51,077|opType: publish | rt: 12ms | status: success | requestIp: null | dataId: resource_crons_jobs__json.json | group: agentspec__enc.6d61726b6574696e672d74696b746f6b2d73747261746567697374__enc.302e302e31 | tenant: public | md5: 45c71e98d79b10830f1cd254688d0b8e
2026-10-02 12:00:51,082|opType: publish | rt: 9ms | status: success | requestIp: null | dataId: manifest.json | group: agentspec__enc.6d61726b6574696e672d74696b746f6b2d73747261746567697374__enc.302e302e31 | tenant: public | md5: 0574af8d48051b7c70535b2591da1744
2026-10-02 12:00:51,086|opType: publish | rt: 9ms | status: success | requestIp: null | dataId: resource_config_IDENTITY__md.json | group: agentspec__enc.6d61726b6574696e672d74696b746f6b2d73747261746567697374__enc.302e302e31 | tenant: public | md5: 8dd6eb2cecd0f45215acd3c4c31b5654
2026-10-02 12:00:51,092|opType: publish | rt: 10ms | status: success | requestIp: null | dataId: resource_tool-analysis_tool-analysis__json.json | group: agentspec__enc.6d61726b6574696e672d74696b746f6b2d73747261746567697374__enc.302e302e31 | tenant: public | md5: d6c4410596966cfedb85a9f886290211
2026-10-02 12:00:51,100|opType: publish | rt: 14ms | status: success | requestIp: null | dataId: resource_config_AGENTS__md.json | group: agentspec__enc.6d61726b6574696e672d74696b746f6b2d73747261746567697374__enc.302e302e31 | tenant: public | md5: bd457d1fa4fb82bd9f3b310daba78269
2026-10-02 12:00:51,104|opType: publish | rt: 12ms | status: success | requestIp: null | dataId: resource_config_SOUL__md.json | group: agentspec__enc.6d61726b6574696e672d74696b746f6b2d73747261746567697374__enc.302e302e31 | tenant: public | md5: fa847c6941c6fc96e121dfac716409cd
2026-10-02 12:00:51,114|opType: publish | rt: 10ms | status: success | requestIp: null | dataId: resource_config_MEMORY__md.json | group: agentspec__enc.6d61726b6574696e672d74696b746f6b2d73747261746567697374__enc.302e302e31 | tenant: public | md5: 61723a990b878619d3b45b50fb4782a6
2026-10-02 12:00:51,114|opType: publish | rt: 14ms | status: success | requestIp: null | dataId: skill_index.json | group: skill_onboarding-cro | tenant: public | md5: d6d3b3ef546461e39dd2abd94b3bebbb
2026-10-02 12:00:51,118|opType: publish | rt: 9ms | status: success | requestIp: null | dataId: resource_config_IDENTITY__md.json | group: agentspec__enc.6d61726b6574696e672d747769747465722d656e6761676572__enc.302e302e31 | tenant: public | md5: 18e0f137c7ac76832de267b8a7f464ac
2026-10-02 12:00:51,123|opType: publish | rt: 9ms | status: success | requestIp: null | dataId: resource_config_AGENTS__md.json | group: agentspec__enc.6d61726b6574696e672d747769747465722d656e6761676572__enc.302e302e31 | tenant: public | md5: 5c2cb070ea8105ed33ca9c0632cd2294
2026-10-02 12:00:51,128|opType: publish | rt: 10ms | status: success | requestIp: null | dataId: manifest.json | group: agentspec__enc.6d61726b6574696e672d747769747465722d656e6761676572__enc.302e302e31 | tenant: public | md5: f9e5318dab782ec8d4e17ac404ccaaa0
2026-10-02 12:00:51,138|opType: publish | rt: 15ms | status: success | requestIp: null | dataId: skill_index.json | group: skill_page-cro | tenant: public | md5: d6d3b3ef546461e39dd2abd94b3bebbb
2026-10-02 12:00:51,139|opType: publish | rt: 12ms | status: success | requestIp: null | dataId: resource_tool-analysis_tool-analysis__json.json | group: agentspec__enc.6d61726b6574696e672d747769747465722d656e6761676572__enc.302e302e31 | tenant: public | md5: 2daaf25438495652081f94ef5aaf84c5
2026-10-02 12:00:51,143|opType: publish | rt: 11ms | status: success | requestIp: null | dataId: resource_crons_jobs__json.json | group: agentspec__enc.6d61726b6574696e672d747769747465722d656e6761676572__enc.302e302e31 | tenant: public | md5: c585ee3d1e8ce639940331bc6dedd44d
2026-10-02 12:00:51,147|opType: publish | rt: 9ms | status: success | requestIp: null | dataId: resource_config_SOUL__md.json | group: agentspec__enc.6d61726b6574696e672d747769747465722d656e6761676572__enc.302e302e31 | tenant: public | md5: 2eee721a90dc780162e5cf73249e83fc
2026-10-02 12:00:51,202|opType: publish | rt: 59ms | status: success | requestIp: null | dataId: SKILL.md | group: skill_enc.706169642d616473__enc.312e312e30 | tenant: public | md5: 34029c604c2757768b56afc6b0bb0c29
2026-10-02 12:00:51,208|opType: publish | rt: 61ms | status: success | requestIp: null | dataId: enc.7265666572656e6365732f61756469656e63652d746172676574696e672e6d64 | group: skill_enc.706169642d616473__enc.312e312e30 | tenant: public | md5: 76976fd32b0b96b89729f3fa28fdce76
2026-10-02 12:00:51,236|opType: publish | rt: 34ms | status: success | requestIp: null | dataId: enc.7265666572656e6365732f706c6174666f726d2d73657475702d636865636b6c697374732e6d64 | group: skill_enc.706169642d616473__enc.312e312e30 | tenant: public | md5: a2dd6ce65dd56d15db30ab3e32a15940
2026-10-02 12:00:51,269|opType: publish | rt: 64ms | status: success | requestIp: null | dataId: SKILL.md | group: skill_enc.70617977616c6c2d757067726164652d63726f__enc.312e312e30 | tenant: public | md5: 6b6bff3205fafa4902bb33c687114ba7
2026-10-02 12:00:51,307|opType: publish | rt: 74ms | status: success | requestIp: null | dataId: enc.7265666572656e6365732f61642d636f70792d74656d706c617465732e6d64 | group: skill_enc.706169642d616473__enc.312e312e30 | tenant: public | md5: b35a771ee8a25e85e550ff0c5ccc4b73
2026-10-02 12:00:51,312|opType: publish | rt: 43ms | status: success | requestIp: null | dataId: enc.6576616c732f6576616c732e6a736f6e | group: skill_enc.70617977616c6c2d757067726164652d63726f__enc.312e312e30 | tenant: public | md5: 27026615fe9eca7d29d9d0ad4e091968
2026-10-02 12:00:51,317|opType: publish | rt: 42ms | status: success | requestIp: null | dataId: enc.6576616c732f6576616c732e6a736f6e | group: skill_enc.706169642d616473__enc.312e312e30 | tenant: public | md5: d16863e7ff60b4498ba0dd5f12a765c1
2026-10-02 12:00:51,322|opType: publish | rt: 13ms | status: success | requestIp: null | dataId: enc.7265666572656e6365732f6578706572696d656e74732e6d64 | group: skill_enc.70617977616c6c2d757067726164652d63726f__enc.312e312e30 | tenant: public | md5: c2874867bb8a4476ee6d6ecbabc72ce8
2026-10-02 12:00:51,326|opType: publish | rt: 9ms | status: success | requestIp: null | dataId: manifest.json | group: agentspec__enc.6d61726b6574696e672d7765636861742d6f6666696369616c2d6163636f756e74__enc.302e302e31 | tenant: public | md5: 584d4bab6df7ec95d690f6c472b42485
2026-10-02 12:00:51,331|opType: publish | rt: 9ms | status: success | requestIp: null | dataId: resource_config_MEMORY__md.json | group: agentspec__enc.6d61726b6574696e672d747769747465722d656e6761676572__enc.302e302e31 | tenant: public | md5: 1774b93bcdf6b97f061a9d83ec088320
2026-10-02 12:00:51,336|opType: publish | rt: 10ms | status: success | requestIp: null | dataId: resource_crons_jobs__json.json | group: agentspec__enc.6d61726b6574696e672d7765636861742d6f6666696369616c2d6163636f756e74__enc.302e302e31 | tenant: public | md5: 073fa9ed246c1fddf1fad3b6dcab2573
2026-10-02 12:00:51,340|opType: publish | rt: 9ms | status: success | requestIp: null | dataId: resource_config_IDENTITY__md.json | group: agentspec__enc.6d61726b6574696e672d7765636861742d6f6666696369616c2d6163636f756e74__enc.302e302e31 | tenant: public | md5: a453e9a24d2bb02d15d999738ded922d
2026-10-02 12:00:51,345|opType: publish | rt: 10ms | status: success | requestIp: null | dataId: resource_tool-analysis_tool-analysis__json.json | group: agentspec__enc.6d61726b6574696e672d7765636861742d6f6666696369616c2d6163636f756e74__enc.302e302e31 | tenant: public | md5: 5ad9f85ec4388d2bcd73de0b96455890
2026-10-02 12:00:51,354|opType: publish | rt: 14ms | status: success | requestIp: null | dataId: resource_config_AGENTS__md.json | group: agentspec__enc.6d61726b6574696e672d7765636861742d6f6666696369616c2d6163636f756e74__enc.302e302e31 | tenant: public | md5: 73200af04c678619e4c4faea8cd0c82c
2026-10-02 12:00:51,369|opType: publish | rt: 20ms | status: success | requestIp: null | dataId: resource_config_MEMORY__md.json | group: agentspec__enc.6d61726b6574696e672d7765636861742d6f6666696369616c2d6163636f756e74__enc.302e302e31 | tenant: public | md5: 2c67d547d4c13d8b2fe5c98e3b4d21e0
2026-10-02 12:00:51,369|opType: publish | rt: 24ms | status: success | requestIp: null | dataId: resource_config_SOUL__md.json | group: agentspec__enc.6d61726b6574696e672d7765636861742d6f6666696369616c2d6163636f756e74__enc.302e302e31 | tenant: public | md5: 25e5acfff48edbd5e53264fc72ed5871
2026-10-02 12:00:51,383|opType: publish | rt: 20ms | status: success | requestIp: null | dataId: resource_crons_jobs__json.json | group: agentspec__enc.6d61726b6574696e672d7765636861742d6f70657261746f72__enc.302e302e31 | tenant: public | md5: 4b75b6ff6c6a762d7814e81618c39631
2026-10-02 12:00:51,383|opType: publish | rt: 24ms | status: success | requestIp: null | dataId: resource_config_AGENTS__md.json | group: agentspec__enc.6d61726b6574696e672d7765636861742d6f70657261746f72__enc.302e302e31 | tenant: public | md5: f9fb08bd8dc6cdbb08e5a0e7f24f5de7
2026-10-02 12:00:51,384|opType: publish | rt: 30ms | status: success | requestIp: null | dataId: manifest.json | group: agentspec__enc.6d61726b6574696e672d7765636861742d6f70657261746f72__enc.302e302e31 | tenant: public | md5: cc1fccf9aa63682cefeafa3ff9efe62d
2026-10-02 12:00:51,388|opType: publish | rt: 19ms | status: success | requestIp: null | dataId: resource_tool-analysis_tool-analysis__json.json | group: agentspec__enc.6d61726b6574696e672d7765636861742d6f70657261746f72__enc.302e302e31 | tenant: public | md5: 0bfb9b1ec063eda93d24d1228beb055c
2026-10-02 12:00:51,393|opType: publish | rt: 10ms | status: success | requestIp: null | dataId: resource_config_SOUL__md.json | group: agentspec__enc.6d61726b6574696e672d7765636861742d6f70657261746f72__enc.302e302e31 | tenant: public | md5: 62b0cab814d61430d83685a670dff43c
2026-10-02 12:00:51,393|opType: publish | rt: 15ms | status: success | requestIp: null | dataId: resource_config_IDENTITY__md.json | group: agentspec__enc.6d61726b6574696e672d7765636861742d6f70657261746f72__enc.302e302e31 | tenant: public | md5: d02beb94509c884f7e4c6aeb4e08b198
2026-10-02 12:00:51,397|opType: publish | rt: 9ms | status: success | requestIp: null | dataId: resource_config_MEMORY__md.json | group: agentspec__enc.6d61726b6574696e672d7765636861742d6f70657261746f72__enc.302e302e31 | tenant: public | md5: b37ffdd3f33a7c3417e48c50ad395292
2026-10-02 12:00:51,403|opType: publish | rt: 10ms | status: success | requestIp: null | dataId: SKILL.md | group: skill_enc.706f7075702d63726f__enc.312e312e30 | tenant: public | md5: 88afa69b6f5061b12dae3fcdec43a7b7
2026-10-02 12:00:51,408|opType: publish | rt: 11ms | status: success | requestIp: null | dataId: enc.6576616c732f6576616c732e6a736f6e | group: skill_enc.706f7075702d63726f__enc.312e312e30 | tenant: public | md5: 346304e054f902674e5d6fab3fe470c9
2026-10-02 12:00:51,413|opType: publish | rt: 10ms | status: success | requestIp: null | dataId: manifest.json | group: agentspec__enc.6d61726b6574696e672d776569626f2d73747261746567697374__enc.302e302e31 | tenant: public | md5: ce49974efe6b9b52f3ad42e078b73770
2026-10-02 12:00:51,417|opType: publish | rt: 9ms | status: success | requestIp: null | dataId: resource_crons_jobs__json.json | group: agentspec__enc.6d61726b6574696e672d776569626f2d73747261746567697374__enc.302e302e31 | tenant: public | md5: a980baba2f70771136b0a7c0fea47c83
2026-10-02 12:00:51,422|opType: publish | rt: 9ms | status: success | requestIp: null | dataId: resource_tool-analysis_tool-analysis__json.json | group: agentspec__enc.6d61726b6574696e672d776569626f2d73747261746567697374__enc.302e302e31 | tenant: public | md5: 80b6ad6e7197e7d23c58c72ebd3a1a3e
2026-10-02 12:00:51,426|opType: publish | rt: 9ms | status: success | requestIp: null | dataId: resource_config_IDENTITY__md.json | group: agentspec__enc.6d61726b6574696e672d776569626f2d73747261746567697374__enc.302e302e31 | tenant: public | md5: de2a0f2e8baf6fe311fc40afc6362dae
2026-10-02 12:00:51,431|opType: publish | rt: 10ms | status: success | requestIp: null | dataId: SKILL.md | group: skill_enc.70726963696e672d7374726174656779__enc.312e312e30 | tenant: public | md5: 0f8b0a7854cbe1bf4955dcdd614d0627
2026-10-02 12:00:51,436|opType: publish | rt: 10ms | status: success | requestIp: null | dataId: resource_config_AGENTS__md.json | group: agentspec__enc.6d61726b6574696e672d776569626f2d73747261746567697374__enc.302e302e31 | tenant: public | md5: 21f4fab964e58cb3e3d88f9b3688e6ca
2026-10-02 12:00:51,440|opType: publish | rt: 9ms | status: success | requestIp: null | dataId: enc.6576616c732f6576616c732e6a736f6e | group: skill_enc.70726963696e672d7374726174656779__enc.312e312e30 | tenant: public | md5: 34f697e39d8c1f874e9b4ddb405d2f32
2026-10-02 12:00:51,445|opType: publish | rt: 9ms | status: success | requestIp: null | dataId: enc.7265666572656e6365732f746965722d7374727563747572652e6d64 | group: skill_enc.70726963696e672d7374726174656779__enc.312e312e30 | tenant: public | md5: 05c84b4eb13a5cd8e3047e64aa0b16f3
2026-10-02 12:00:51,449|opType: publish | rt: 9ms | status: success | requestIp: null | dataId: enc.7265666572656e6365732f72657365617263682d6d6574686f64732e6d64 | group: skill_enc.70726963696e672d7374726174656779__enc.312e312e30 | tenant: public | md5: 913e82543afc5059ee44bf00c74e9724
2026-10-02 12:00:51,453|opType: publish | rt: 8ms | status: success | requestIp: null | dataId: resource_config_MEMORY__md.json | group: agentspec__enc.6d61726b6574696e672d776569626f2d73747261746567697374__enc.302e302e31 | tenant: public | md5: 11933061d83cd842375826b49dfcd3e2
2026-10-02 12:00:51,456|opType: publish | rt: 9ms | status: success | requestIp: null | dataId: resource_config_SOUL__md.json | group: agentspec__enc.6d61726b6574696e672d776569626f2d73747261746567697374__enc.302e302e31 | tenant: public | md5: a1350439f705e69e07f7b21b8c6241d3
2026-10-02 12:00:51,563|opType: publish | rt: 11ms | status: success | requestIp: null | dataId: skill_index.json | group: skill_paid-ads | tenant: public | md5: bc483117bbae74fbf6f7186b752e90f5
2026-10-02 12:00:51,569|opType: publish | rt: 9ms | status: success | requestIp: null | dataId: skill_index.json | group: skill_paywall-upgrade-cro | tenant: public | md5: d6d3b3ef546461e39dd2abd94b3bebbb
2026-10-02 12:00:51,574|opType: publish | rt: 9ms | status: success | requestIp: null | dataId: manifest.json | group: agentspec__enc.6d61726b6574696e672d77656978696e2d6368616e6e656c732d73747261746567697374__enc.302e302e31 | tenant: public | md5: a7697a0f3330bb8f266d454d178a7e09
2026-10-02 12:00:51,578|opType: publish | rt: 9ms | status: success | requestIp: null | dataId: resource_crons_jobs__json.json | group: agentspec__enc.6d61726b6574696e672d77656978696e2d6368616e6e656c732d73747261746567697374__enc.302e302e31 | tenant: public | md5: af36b6ef80cba03207e11d1743d1fb1b
2026-10-02 12:00:51,583|opType: publish | rt: 9ms | status: success | requestIp: null | dataId: resource_tool-analysis_tool-analysis__json.json | group: agentspec__enc.6d61726b6574696e672d77656978696e2d6368616e6e656c732d73747261746567697374__enc.302e302e31 | tenant: public | md5: bb4ee08de585082449cba2617e633ca9
2026-10-02 12:00:51,587|opType: publish | rt: 9ms | status: success | requestIp: null | dataId: resource_config_IDENTITY__md.json | group: agentspec__enc.6d61726b6574696e672d77656978696e2d6368616e6e656c732d73747261746567697374__enc.302e302e31 | tenant: public | md5: a1e464770271e34ab93cb05aa7ba5e63
2026-10-02 12:00:51,593|opType: publish | rt: 10ms | status: success | requestIp: null | dataId: resource_config_AGENTS__md.json | group: agentspec__enc.6d61726b6574696e672d77656978696e2d6368616e6e656c732d73747261746567697374__enc.302e302e31 | tenant: public | md5: c3181be2de9431d932db6479a4142512
2026-10-02 12:00:51,598|opType: publish | rt: 11ms | status: success | requestIp: null | dataId: resource_config_SOUL__md.json | group: agentspec__enc.6d61726b6574696e672d77656978696e2d6368616e6e656c732d73747261746567697374__enc.302e302e31 | tenant: public | md5: 159893f5da06c0583133b597eca9c4fb
2026-10-02 12:00:51,602|opType: publish | rt: 9ms | status: success | requestIp: null | dataId: resource_config_MEMORY__md.json | group: agentspec__enc.6d61726b6574696e672d77656978696e2d6368616e6e656c732d73747261746567697374__enc.302e302e31 | tenant: public | md5: eff6c8573bd4bd890e198bf600e6db4c
2026-10-02 12:00:51,608|opType: publish | rt: 11ms | status: success | requestIp: null | dataId: manifest.json | group: agentspec__enc.6d61726b6574696e672d7869616f686f6e677368752d6f70657261746f72__enc.302e302e31 | tenant: public | md5: 44462b7b7ea5b44dcd8a3b048bdce12c
2026-10-02 12:00:51,612|opType: publish | rt: 10ms | status: success | requestIp: null | dataId: resource_crons_jobs__json.json | group: agentspec__enc.6d61726b6574696e672d7869616f686f6e677368752d6f70657261746f72__enc.302e302e31 | tenant: public | md5: b8ad0a5e11d6ba1916659df9579a9fbc
2026-10-02 12:00:51,617|opType: publish | rt: 10ms | status: success | requestIp: null | dataId: resource_config_IDENTITY__md.json | group: agentspec__enc.6d61726b6574696e672d7869616f686f6e677368752d6f70657261746f72__enc.302e302e31 | tenant: public | md5: fe53fc4975fd936e0040f7c17fb10173
2026-10-02 12:00:51,622|opType: publish | rt: 10ms | status: success | requestIp: null | dataId: resource_tool-analysis_tool-analysis__json.json | group: agentspec__enc.6d61726b6574696e672d7869616f686f6e677368752d6f70657261746f72__enc.302e302e31 | tenant: public | md5: 8dd903c570ba280e6ddd50a1ece32e6b
2026-10-02 12:00:51,627|opType: publish | rt: 10ms | status: success | requestIp: null | dataId: resource_config_AGENTS__md.json | group: agentspec__enc.6d61726b6574696e672d7869616f686f6e677368752d6f70657261746f72__enc.302e302e31 | tenant: public | md5: 95014a7f596b3fcc93244f198178c83b
2026-10-02 12:00:51,632|opType: publish | rt: 10ms | status: success | requestIp: null | dataId: resource_config_SOUL__md.json | group: agentspec__enc.6d61726b6574696e672d7869616f686f6e677368752d6f70657261746f72__enc.302e302e31 | tenant: public | md5: ca5c57303b50f7e8255ce2ac0d978406
2026-10-02 12:00:51,636|opType: publish | rt: 9ms | status: success | requestIp: null | dataId: resource_config_MEMORY__md.json | group: agentspec__enc.6d61726b6574696e672d7869616f686f6e677368752d6f70657261746f72__enc.302e302e31 | tenant: public | md5: 5111da3d025f554c126414b76599ad3c
2026-10-02 12:00:51,641|opType: publish | rt: 9ms | status: success | requestIp: null | dataId: manifest.json | group: agentspec__enc.6d61726b6574696e672d7869616f686f6e677368752d7370656369616c697374__enc.302e302e31 | tenant: public | md5: b11382c3c43fffcf708334180dc28016
2026-10-02 12:00:51,645|opType: publish | rt: 9ms | status: success | requestIp: null | dataId: resource_crons_jobs__json.json | group: agentspec__enc.6d61726b6574696e672d7869616f686f6e677368752d7370656369616c697374__enc.302e302e31 | tenant: public | md5: 6fdc7d6b0cfca519877744b43451a692
2026-10-02 12:00:51,650|opType: publish | rt: 9ms | status: success | requestIp: null | dataId: skill_index.json | group: skill_popup-cro | tenant: public | md5: 0c3e72e2215e86f4cee39b9bce336dd7
2026-10-02 12:00:51,655|opType: publish | rt: 10ms | status: success | requestIp: null | dataId: resource_config_IDENTITY__md.json | group: agentspec__enc.6d61726b6574696e672d7869616f686f6e677368752d7370656369616c697374__enc.302e302e31 | tenant: public | md5: 224f451c8b735453b11b5312280bc7d0
2026-10-02 12:00:51,660|opType: publish | rt: 10ms | status: success | requestIp: null | dataId: resource_tool-analysis_tool-analysis__json.json | group: agentspec__enc.6d61726b6574696e672d7869616f686f6e677368752d7370656369616c697374__enc.302e302e31 | tenant: public | md5: e721f0103578903f53c4747c068a3a21
2026-10-02 12:00:51,665|opType: publish | rt: 10ms | status: success | requestIp: null | dataId: resource_config_AGENTS__md.json | group: agentspec__enc.6d61726b6574696e672d7869616f686f6e677368752d7370656369616c697374__enc.302e302e31 | tenant: public | md5: e8edb464ea89a8e5fa9b11accb39accd
2026-10-02 12:00:51,670|opType: publish | rt: 10ms | status: success | requestIp: null | dataId: resource_config_SOUL__md.json | group: agentspec__enc.6d61726b6574696e672d7869616f686f6e677368752d7370656369616c697374__enc.302e302e31 | tenant: public | md5: 2fe1861b5fe7b6cf8ddb9ad50f29cb7d
2026-10-02 12:00:51,673|opType: publish | rt: 11ms | status: success | requestIp: null | dataId: resource_config_MEMORY__md.json | group: agentspec__enc.6d61726b6574696e672d7869616f686f6e677368752d7370656369616c697374__enc.302e302e31 | tenant: public | md5: e10e66609f833dded74114cfa90c8ca7
2026-10-02 12:00:51,678|opType: publish | rt: 9ms | status: success | requestIp: null | dataId: skill_index.json | group: skill_pricing-strategy | tenant: public | md5: 2e393320eb2610f073f349f223d96d0b
2026-10-02 12:00:51,682|opType: publish | rt: 7ms | status: success | requestIp: null | dataId: manifest.json | group: agentspec__enc.6d61726b6574696e672d7a686968752d73747261746567697374__enc.302e302e31 | tenant: public | md5: f967497fe484a6fa65bdcfcb4d1c53f7
2026-10-02 12:00:51,792|opType: publish | rt: 10ms | status: success | requestIp: null | dataId: SKILL.md | group: skill_enc.70726f647563742d6d61726b6574696e672d636f6e74657874__enc.312e312e30 | tenant: public | md5: dbf5f4ebada8d27fd65cc9ff0231679b
2026-10-02 12:00:51,800|opType: publish | rt: 10ms | status: success | requestIp: null | dataId: enc.6576616c732f6576616c732e6a736f6e | group: skill_enc.70726f647563742d6d61726b6574696e672d636f6e74657874__enc.312e312e30 | tenant: public | md5: 0e0df293cf4236550804623be7871a09
2026-10-02 12:00:51,804|opType: publish | rt: 10ms | status: success | requestIp: null | dataId: enc.6576616c732f6576616c732e6a736f6e | group: skill_enc.70726f6772616d6d617469632d73656f__enc.312e312e30 | tenant: public | md5: 7d72ace3b7bd1dbcad6f0bdafdb75008
2026-10-02 12:00:51,808|opType: publish | rt: 9ms | status: success | requestIp: null | dataId: SKILL.md | group: skill_enc.70726f6772616d6d617469632d73656f__enc.312e312e30 | tenant: public | md5: 939289647b2370744db0ad7011dc1da3
2026-10-02 12:00:51,813|opType: publish | rt: 9ms | status: success | requestIp: null | dataId: resource_config_IDENTITY__md.json | group: agentspec__enc.6d61726b6574696e672d7a686968752d73747261746567697374__enc.302e302e31 | tenant: public | md5: 243d43af756c4229af00bddb8e9287b6
2026-10-02 12:00:51,818|opType: publish | rt: 10ms | status: success | requestIp: null | dataId: enc.7265666572656e6365732f706c6179626f6f6b732e6d64 | group: skill_enc.70726f6772616d6d617469632d73656f__enc.312e312e30 | tenant: public | md5: 93ba45d6254ef5dbb10b0fa65cc9ea49
2026-10-02 12:00:51,824|opType: publish | rt: 11ms | status: success | requestIp: null | dataId: resource_crons_jobs__json.json | group: agentspec__enc.6d61726b6574696e672d7a686968752d73747261746567697374__enc.302e302e31 | tenant: public | md5: 7b8a7a56ff741f11dbd96f9a83461f46
2026-10-02 12:00:51,829|opType: publish | rt: 11ms | status: success | requestIp: null | dataId: resource_tool-analysis_tool-analysis__json.json | group: agentspec__enc.6d61726b6574696e672d7a686968752d73747261746567697374__enc.302e302e31 | tenant: public | md5: 48e8f271211982f5e6bfc0720952c067
2026-10-02 12:00:51,834|opType: publish | rt: 10ms | status: success | requestIp: null | dataId: resource_config_AGENTS__md.json | group: agentspec__enc.6d61726b6574696e672d7a686968752d73747261746567697374__enc.302e302e31 | tenant: public | md5: 08f349659e00452c4196f3762839812a
2026-10-02 12:00:51,839|opType: publish | rt: 10ms | status: success | requestIp: null | dataId: resource_config_SOUL__md.json | group: agentspec__enc.6d61726b6574696e672d7a686968752d73747261746567697374__enc.302e302e31 | tenant: public | md5: 8f7e82c4ac02b1c37c2e4da028f4b366
2026-10-02 12:00:51,845|opType: publish | rt: 12ms | status: success | requestIp: null | dataId: resource_config_MEMORY__md.json | group: agentspec__enc.6d61726b6574696e672d7a686968752d73747261746567697374__enc.302e302e31 | tenant: public | md5: 0d24dd521ab87f9c30e6a06cc086522f
2026-10-02 12:00:51,853|opType: publish | rt: 14ms | status: success | requestIp: null | dataId: manifest.json | group: agentspec__enc.6e61727261746976652d64657369676e6572__enc.302e302e31 | tenant: public | md5: f37c218b8715570d9383474c94c54aad
2026-10-02 12:00:51,865|opType: publish | rt: 20ms | status: success | requestIp: null | dataId: resource_crons_jobs__json.json | group: agentspec__enc.6e61727261746976652d64657369676e6572__enc.302e302e31 | tenant: public | md5: 8011dce6d27ce2e0f26b1e34cb53a852
2026-10-02 12:00:51,871|opType: publish | rt: 18ms | status: success | requestIp: null | dataId: resource_config_IDENTITY__md.json | group: agentspec__enc.6e61727261746976652d64657369676e6572__enc.302e302e31 | tenant: public | md5: bbb65707fbbe07b2783cd85997c92db9
2026-10-02 12:00:51,895|opType: publish | rt: 30ms | status: success | requestIp: null | dataId: resource_tool-analysis_tool-analysis__json.json | group: agentspec__enc.6e61727261746976652d64657369676e6572__enc.302e302e31 | tenant: public | md5: ae9772752d72cd3c419fc7318b5bb776
2026-10-02 12:00:51,936|opType: publish | rt: 65ms | status: success | requestIp: null | dataId: resource_config_AGENTS__md.json | group: agentspec__enc.6e61727261746976652d64657369676e6572__enc.302e302e31 | tenant: public | md5: d23767ead8859327a368a3d5e70593eb
2026-10-02 12:00:51,942|opType: publish | rt: 47ms | status: success | requestIp: null | dataId: resource_crons_jobs__json.json | group: agentspec__enc.706169642d6d656469612d61756469746f72__enc.302e302e31 | tenant: public | md5: 64022f812bacaf834922271162543749
2026-10-02 12:00:51,947|opType: publish | rt: 11ms | status: success | requestIp: null | dataId: resource_config_SOUL__md.json | group: agentspec__enc.6e61727261746976652d64657369676e6572__enc.302e302e31 | tenant: public | md5: daa6386380ff536a11ff6ddf6993dcf0
2026-10-02 12:00:51,947|opType: publish | rt: 46ms | status: success | requestIp: null | dataId: resource_config_MEMORY__md.json | group: agentspec__enc.6e61727261746976652d64657369676e6572__enc.302e302e31 | tenant: public | md5: 0e3df199c29896fc08642e1ea3c31a44
2026-10-02 12:00:51,986|opType: publish | rt: 40ms | status: success | requestIp: null | dataId: resource_config_IDENTITY__md.json | group: agentspec__enc.706169642d6d656469612d61756469746f72__enc.302e302e31 | tenant: public | md5: 490bf3effa08e66a697de6b607cd380d
2026-10-02 12:00:51,986|opType: publish | rt: 44ms | status: success | requestIp: null | dataId: manifest.json | group: agentspec__enc.706169642d6d656469612d61756469746f72__enc.302e302e31 | tenant: public | md5: 301adb393da100f638e5212ba7416e69
2026-10-02 12:00:51,995|opType: publish | rt: 44ms | status: success | requestIp: null | dataId: enc.6576616c732f6576616c732e6a736f6e | group: skill_enc.726566657272616c2d70726f6772616d__enc.312e312e30 | tenant: public | md5: 67ebe58bbdf1485c7dc56a6f7c9bf97f
2026-10-02 12:00:52,000|opType: publish | rt: 14ms | status: success | requestIp: null | dataId: SKILL.md | group: skill_enc.726566657272616c2d70726f6772616d__enc.312e312e30 | tenant: public | md5: b0a9efa60ff532791c482c00c6c003e9
2026-10-02 12:00:52,004|opType: publish | rt: 9ms | status: success | requestIp: null | dataId: enc.7265666572656e6365732f616666696c696174652d70726f6772616d732e6d64 | group: skill_enc.726566657272616c2d70726f6772616d__enc.312e312e30 | tenant: public | md5: d090f656860d164b25557e82e936aa2a
2026-10-02 12:00:52,040|opType: publish | rt: 40ms | status: success | requestIp: null | dataId: enc.7265666572656e6365732f70726f6772616d2d6578616d706c65732e6d64 | group: skill_enc.726566657272616c2d70726f6772616d__enc.312e312e30 | tenant: public | md5: 50989f2d4e8a3914475865b2cc17fe53
2026-10-02 12:00:52,076|opType: publish | rt: 72ms | status: success | requestIp: null | dataId: resource_config_AGENTS__md.json | group: agentspec__enc.706169642d6d656469612d61756469746f72__enc.302e302e31 | tenant: public | md5: affcf4baef5762862f2c57a101ac143c
2026-10-02 12:00:52,081|opType: publish | rt: 41ms | status: success | requestIp: null | dataId: resource_tool-analysis_tool-analysis__json.json | group: agentspec__enc.706169642d6d656469612d61756469746f72__enc.302e302e31 | tenant: public | md5: 240e5b94078692445b450a8df1be425e
2026-10-02 12:00:52,084|opType: publish | rt: 8ms | status: success | requestIp: null | dataId: resource_config_SOUL__md.json | group: agentspec__enc.706169642d6d656469612d61756469746f72__enc.302e302e31 | tenant: public | md5: 519bd7bc5b6fa0ed2a7cc46a8488a6dc
2026-10-02 12:00:52,088|opType: publish | rt: 7ms | status: success | requestIp: null | dataId: resource_config_MEMORY__md.json | group: agentspec__enc.706169642d6d656469612d61756469746f72__enc.302e302e31 | tenant: public | md5: d799e4043589626fece7fa97c2499292
2026-10-02 12:00:52,093|opType: publish | rt: 9ms | status: success | requestIp: null | dataId: enc.7265666572656e6365732f6c6966656379636c652d646566696e6974696f6e732e6d64 | group: skill_enc.7265766f7073__enc.312e312e30 | tenant: public | md5: 9fbace16fffb548c3d241df767c21a32
2026-10-02 12:00:52,096|opType: publish | rt: 8ms | status: success | requestIp: null | dataId: SKILL.md | group: skill_enc.7265766f7073__enc.312e312e30 | tenant: public | md5: 5fee793ca78b9f001b9a93db74ac2c94
2026-10-02 12:00:52,100|opType: publish | rt: 7ms | status: success | requestIp: null | dataId: enc.6576616c732f6576616c732e6a736f6e | group: skill_enc.7265766f7073__enc.312e312e30 | tenant: public | md5: 5e0f21fad28c5edc7df354b962750817
2026-10-02 12:00:52,135|opType: publish | rt: 39ms | status: success | requestIp: null | dataId: enc.7265666572656e6365732f726f7574696e672d72756c65732e6d64 | group: skill_enc.7265766f7073__enc.312e312e30 | tenant: public | md5: a999961c8835f8e945319a9f7a4ccb30
2026-10-02 12:00:52,140|opType: publish | rt: 40ms | status: success | requestIp: null | dataId: enc.7265666572656e6365732f73636f72696e672d6d6f64656c732e6d64 | group: skill_enc.7265766f7073__enc.312e312e30 | tenant: public | md5: 78ada608ac48a7feb8f7bc20076bb18a
2026-10-02 12:00:52,258|opType: publish | rt: 124ms | status: success | requestIp: null | dataId: enc.7265666572656e6365732f6175746f6d6174696f6e2d706c6179626f6f6b732e6d64 | group: skill_enc.7265766f7073__enc.312e312e30 | tenant: public | md5: dfdb9f356112d35230a146aafc3fadbf
2026-10-02 12:00:52,262|opType: publish | rt: 122ms | status: success | requestIp: null | dataId: manifest.json | group: agentspec__enc.706169642d6d656469612d63726561746976652d73747261746567697374__enc.302e302e31 | tenant: public | md5: ccff464abca51622b6b94ab571055a16
2026-10-02 12:00:52,266|opType: publish | rt: 8ms | status: success | requestIp: null | dataId: resource_crons_jobs__json.json | group: agentspec__enc.706169642d6d656469612d63726561746976652d73747261746567697374__enc.302e302e31 | tenant: public | md5: d699376f014bed5515d4183626620ee1
2026-10-02 12:00:52,271|opType: publish | rt: 9ms | status: success | requestIp: null | dataId: manifest.json | group: agentspec__enc.706169642d6d656469612d706169642d736f6369616c2d73747261746567697374__enc.302e302e31 | tenant: public | md5: 53301bf94638be8fee92dfe6dd4a8616
2026-10-02 12:00:52,310|opType: publish | rt: 42ms | status: success | requestIp: null | dataId: resource_tool-analysis_tool-analysis__json.json | group: agentspec__enc.706169642d6d656469612d63726561746976652d73747261746567697374__enc.302e302e31 | tenant: public | md5: 09b7ee507591647939fbe62412cc7ef2
2026-10-02 12:00:52,310|opType: publish | rt: 46ms | status: success | requestIp: null | dataId: resource_config_IDENTITY__md.json | group: agentspec__enc.706169642d6d656469612d63726561746976652d73747261746567697374__enc.302e302e31 | tenant: public | md5: 8c305a2aeb6e2b635594b636bc42e832
2026-10-02 12:00:52,346|opType: publish | rt: 72ms | status: success | requestIp: null | dataId: resource_config_SOUL__md.json | group: agentspec__enc.706169642d6d656469612d706169642d736f6369616c2d73747261746567697374__enc.302e302e31 | tenant: public | md5: 91ac1dfcf3409a77d2056a7ccf92e902
2026-10-02 12:00:52,354|opType: publish | rt: 9ms | status: success | requestIp: null | dataId: resource_config_AGENTS__md.json | group: agentspec__enc.706169642d6d656469612d63726561746976652d73747261746567697374__enc.302e302e31 | tenant: public | md5: 03db679e07deb5d846767b8e49f565ac
2026-10-02 12:00:52,354|opType: publish | rt: 44ms | status: success | requestIp: null | dataId: resource_config_SOUL__md.json | group: agentspec__enc.706169642d6d656469612d63726561746976652d73747261746567697374__enc.302e302e31 | tenant: public | md5: 45bce0c04b5715ccfb0fe1506ab9bfb9
2026-10-02 12:00:52,358|opType: publish | rt: 8ms | status: success | requestIp: null | dataId: resource_config_MEMORY__md.json | group: agentspec__enc.706169642d6d656469612d63726561746976652d73747261746567697374__enc.302e302e31 | tenant: public | md5: f6635c7d8825759c992eeeee63a1fdf7
2026-10-02 12:00:52,366|opType: publish | rt: 8ms | status: success | requestIp: null | dataId: resource_tool-analysis_tool-analysis__json.json | group: agentspec__enc.706169642d6d656469612d706169642d736f6369616c2d73747261746567697374__enc.302e302e31 | tenant: public | md5: e22d3e1cf2ffe443c158521d5ed7031d
2026-10-02 12:00:52,366|opType: publish | rt: 12ms | status: success | requestIp: null | dataId: skill_index.json | group: skill_product-marketing-context | tenant: public | md5: 0c3e72e2215e86f4cee39b9bce336dd7
2026-10-02 12:00:52,404|opType: publish | rt: 42ms | status: success | requestIp: null | dataId: skill_index.json | group: skill_programmatic-seo | tenant: public | md5: d3b9881ae8dbf0238fe432d03b4d81ea
2026-10-02 12:00:52,440|opType: publish | rt: 74ms | status: success | requestIp: null | dataId: resource_crons_jobs__json.json | group: agentspec__enc.706169642d6d656469612d706169642d736f6369616c2d73747261746567697374__enc.302e302e31 | tenant: public | md5: cd5a2c46cea363449c68d6f8419d1acd
2026-10-02 12:00:52,476|opType: publish | rt: 72ms | status: success | requestIp: null | dataId: resource_config_IDENTITY__md.json | group: agentspec__enc.706169642d6d656469612d706169642d736f6369616c2d73747261746567697374__enc.302e302e31 | tenant: public | md5: 9ad23afbf7be0325c14686f149348446
2026-10-02 12:00:52,512|opType: publish | rt: 72ms | status: success | requestIp: null | dataId: resource_config_AGENTS__md.json | group: agentspec__enc.706169642d6d656469612d706169642d736f6369616c2d73747261746567697374__enc.302e302e31 | tenant: public | md5: ce455458274d4aaddc3eab6cacf1117e
2026-10-02 12:00:52,517|opType: publish | rt: 41ms | status: success | requestIp: null | dataId: resource_config_MEMORY__md.json | group: agentspec__enc.706169642d6d656469612d706169642d736f6369616c2d73747261746567697374__enc.302e302e31 | tenant: public | md5: 7e89b1054132309acee2bd02576a4e6b
2026-10-02 12:00:52,553|opType: publish | rt: 42ms | status: success | requestIp: null | dataId: resource_crons_jobs__json.json | group: agentspec__enc.706169642d6d656469612d7070632d73747261746567697374__enc.302e302e31 | tenant: public | md5: 8c8108bb359dc041ba6c13e66f171222
2026-10-02 12:00:52,589|opType: publish | rt: 72ms | status: success | requestIp: null | dataId: manifest.json | group: agentspec__enc.706169642d6d656469612d7070632d73747261746567697374__enc.302e302e31 | tenant: public | md5: 16a33c7b652a96c7c57b30dabf8fe7c3
2026-10-02 12:00:52,603|opType: publish | rt: 50ms | status: success | requestIp: null | dataId: resource_tool-analysis_tool-analysis__json.json | group: agentspec__enc.706169642d6d656469612d7070632d73747261746567697374__enc.302e302e31 | tenant: public | md5: d38200ba169172f90ec601f6f867c441
2026-10-02 12:00:52,608|opType: publish | rt: 19ms | status: success | requestIp: null | dataId: resource_config_IDENTITY__md.json | group: agentspec__enc.706169642d6d656469612d7070632d73747261746567697374__enc.302e302e31 | tenant: public | md5: 4395e80cbc7afcedddceb0f9e2f554e6
2026-10-02 12:00:52,616|opType: publish | rt: 17ms | status: success | requestIp: null | dataId: resource_config_SOUL__md.json | group: agentspec__enc.706169642d6d656469612d7070632d73747261746567697374__enc.302e302e31 | tenant: public | md5: bd6b5296ca9ec9c1b98ade99b99f9273
2026-10-02 12:00:52,627|opType: publish | rt: 24ms | status: success | requestIp: null | dataId: resource_config_AGENTS__md.json | group: agentspec__enc.706169642d6d656469612d7070632d73747261746567697374__enc.302e302e31 | tenant: public | md5: 248f283c9e8e10fbe4adfc62160decdb
2026-10-02 12:00:52,635|opType: publish | rt: 27ms | status: success | requestIp: null | dataId: resource_config_MEMORY__md.json | group: agentspec__enc.706169642d6d656469612d7070632d73747261746567697374__enc.302e302e31 | tenant: public | md5: 5abd3f0b5e58cde4248dac38422c7333
2026-10-02 12:00:52,675|opType: publish | rt: 59ms | status: success | requestIp: null | dataId: manifest.json | group: agentspec__enc.706169642d6d656469612d70726f6772616d6d617469632d6275796572__enc.302e302e31 | tenant: public | md5: cbdf1e22e545cefc6e78e1015433619d
2026-10-02 12:00:52,675|opType: publish | rt: 63ms | status: success | requestIp: null | dataId: skill_index.json | group: skill_referral-program | tenant: public | md5: 4e85f2fe0291496bd67871664cf0afcb
2026-10-02 12:00:52,675|opType: publish | rt: 48ms | status: success | requestIp: null | dataId: resource_crons_jobs__json.json | group: agentspec__enc.706169642d6d656469612d70726f6772616d6d617469632d6275796572__enc.302e302e31 | tenant: public | md5: f4ae03053332b18839eaee8c2185e8a6
2026-10-02 12:00:52,680|opType: publish | rt: 49ms | status: success | requestIp: null | dataId: skill_index.json | group: skill_revops | tenant: public | md5: cfb57d623c155639e3ace01087b223f6
2026-10-02 12:00:52,680|opType: publish | rt: 45ms | status: success | requestIp: null | dataId: resource_tool-analysis_tool-analysis__json.json | group: agentspec__enc.706169642d6d656469612d70726f6772616d6d617469632d6275796572__enc.302e302e31 | tenant: public | md5: 0110dcc9bfb42979e0191b1ea4942560
2026-10-02 12:00:52,680|opType: publish | rt: 58ms | status: success | requestIp: null | dataId: resource_config_AGENTS__md.json | group: agentspec__enc.706169642d6d656469612d70726f6772616d6d617469632d6275796572__enc.302e302e31 | tenant: public | md5: 259fad780e4ae79bee9a605e8397f31c
2026-10-02 12:00:52,716|opType: publish | rt: 42ms | status: success | requestIp: null | dataId: resource_config_IDENTITY__md.json | group: agentspec__enc.706169642d6d656469612d70726f6772616d6d617469632d6275796572__enc.302e302e31 | tenant: public | md5: af5d7b2a7dd3fef6c3a7e008dec35401
2026-10-02 12:00:52,716|opType: publish | rt: 77ms | status: success | requestIp: null | dataId: resource_config_SOUL__md.json | group: agentspec__enc.706169642d6d656469612d70726f6772616d6d617469632d6275796572__enc.302e302e31 | tenant: public | md5: 19500baf4a0fe9adef3756698a6d901e
2026-10-02 12:00:52,752|opType: publish | rt: 72ms | status: success | requestIp: null | dataId: SKILL.md | group: skill_enc.73616c65732d656e61626c656d656e74__enc.312e312e30 | tenant: public | md5: 891bf6d669f3557d57ee4b8e996b4116
2026-10-02 12:00:52,755|opType: publish | rt: 73ms | status: success | requestIp: null | dataId: resource_config_MEMORY__md.json | group: agentspec__enc.706169642d6d656469612d70726f6772616d6d617469632d6275796572__enc.302e302e31 | tenant: public | md5: 91839ed11650641c153439839ed17a06
2026-10-02 12:00:52,790|opType: publish | rt: 72ms | status: success | requestIp: null | dataId: enc.7265666572656e6365732f64656d6f2d736372697074732e6d64 | group: skill_enc.73616c65732d656e61626c656d656e74__enc.312e312e30 | tenant: public | md5: 3fbc2811dc136bba624290c91f7d6445
2026-10-02 12:00:52,796|opType: publish | rt: 41ms | status: success | requestIp: null | dataId: enc.7265666572656e6365732f6f626a656374696f6e2d6c6962726172792e6d64 | group: skill_enc.73616c65732d656e61626c656d656e74__enc.312e312e30 | tenant: public | md5: 28a45496ef58f58d68c056e6bdf5bc51
2026-10-02 12:00:52,831|opType: publish | rt: 41ms | status: success | requestIp: null | dataId: enc.7265666572656e6365732f6465636b2d6672616d65776f726b732e6d64 | group: skill_enc.73616c65732d656e61626c656d656e74__enc.312e312e30 | tenant: public | md5: 034bfb3e4dfa7ee3f2ee6777ecbcb4fd
2026-10-02 12:00:52,864|opType: publish | rt: 71ms | status: success | requestIp: null | dataId: enc.6576616c732f6576616c732e6a736f6e | group: skill_enc.73616c65732d656e61626c656d656e74__enc.312e312e30 | tenant: public | md5: 75949c868952a7b945d4da1981f61dfa
2026-10-02 12:00:52,903|opType: publish | rt: 75ms | status: success | requestIp: null | dataId: enc.7265666572656e6365732f6f6e652d70616765722d74656d706c617465732e6d64 | group: skill_enc.73616c65732d656e61626c656d656e74__enc.312e312e30 | tenant: public | md5: 304570a0e2c3e853440a2fcf67af636e
2026-10-02 12:00:52,906|opType: publish | rt: 42ms | status: success | requestIp: null | dataId: resource_crons_jobs__json.json | group: agentspec__enc.706169642d6d656469612d7365617263682d71756572792d616e616c797374__enc.302e302e31 | tenant: public | md5: a09b9154d4144416ec8c5fe4d5e18c75
2026-10-02 12:00:52,969|opType: publish | rt: 63ms | status: success | requestIp: null | dataId: resource_config_IDENTITY__md.json | group: agentspec__enc.706169642d6d656469612d7365617263682d71756572792d616e616c797374__enc.302e302e31 | tenant: public | md5: 0fe1e8bbab58c91609db7d85dbe5eb56
2026-10-02 12:00:52,984|opType: publish | rt: 115ms | status: success | requestIp: null | dataId: manifest.json | group: agentspec__enc.706169642d6d656469612d7365617263682d71756572792d616e616c797374__enc.302e302e31 | tenant: public | md5: 97cde830f19fa904812e3424a144dd2e
2026-10-02 12:00:52,990|opType: publish | rt: 39ms | status: success | requestIp: null | dataId: resource_tool-analysis_tool-analysis__json.json | group: agentspec__enc.706169642d6d656469612d7365617263682d71756572792d616e616c797374__enc.302e302e31 | tenant: public | md5: bedb8abcc585792c99f46dafcb12d4ef
2026-10-02 12:00:52,990|opType: publish | rt: 30ms | status: success | requestIp: null | dataId: enc.6576616c732f6576616c732e6a736f6e | group: skill_enc.736368656d612d6d61726b7570__enc.312e312e30 | tenant: public | md5: ce656a928c6992cb91faf8e3623f9f5f
2026-10-02 12:00:52,990|opType: publish | rt: 48ms | status: success | requestIp: null | dataId: enc.7265666572656e6365732f736368656d612d6578616d706c65732e6d64 | group: skill_enc.736368656d612d6d61726b7570__enc.312e312e30 | tenant: public | md5: c72a35b6a04234484bbb986553d601e7
2026-10-02 12:00:52,999|opType: publish | rt: 24ms | status: success | requestIp: null | dataId: resource_config_IDENTITY__md.json | group: agentspec__enc.706169642d6d656469612d747261636b696e672d7370656369616c697374__enc.302e302e31 | tenant: public | md5: 40f392fd57c19d8092eb64078b27c807
2026-10-02 12:00:53,004|opType: publish | rt: 39ms | status: success | requestIp: null | dataId: resource_config_AGENTS__md.json | group: agentspec__enc.706169642d6d656469612d7365617263682d71756572792d616e616c797374__enc.302e302e31 | tenant: public | md5: 79e6f22b05de3e621b601c800f2a00b8
2026-10-02 12:00:53,004|opType: publish | rt: 35ms | status: success | requestIp: null | dataId: resource_config_SOUL__md.json | group: agentspec__enc.706169642d6d656469612d7365617263682d71756572792d616e616c797374__enc.302e302e31 | tenant: public | md5: 1fca20a2975fb515dd90e3f4a4c9d2a1
2026-10-02 12:00:53,010|opType: publish | rt: 15ms | status: success | requestIp: null | dataId: resource_crons_jobs__json.json | group: agentspec__enc.706169642d6d656469612d747261636b696e672d7370656369616c697374__enc.302e302e31 | tenant: public | md5: 4606eadbe833d77ba0229142aa39cb5a
2026-10-02 12:00:53,010|opType: publish | rt: 31ms | status: success | requestIp: null | dataId: SKILL.md | group: skill_enc.736368656d612d6d61726b7570__enc.312e312e30 | tenant: public | md5: 5f182ef51428c07596759f6dac478244
2026-10-02 12:00:53,012|opType: publish | rt: 28ms | status: success | requestIp: null | dataId: resource_config_MEMORY__md.json | group: agentspec__enc.706169642d6d656469612d7365617263682d71756572792d616e616c797374__enc.302e302e31 | tenant: public | md5: a1ae17244c806e2d7026ea28549727b3
2026-10-02 12:00:53,012|opType: publish | rt: 22ms | status: success | requestIp: null | dataId: manifest.json | group: agentspec__enc.706169642d6d656469612d747261636b696e672d7370656369616c697374__enc.302e302e31 | tenant: public | md5: a905c25c8d5c10813c9f3cf167d24f65
2026-10-02 12:00:53,015|opType: publish | rt: 16ms | status: success | requestIp: null | dataId: resource_tool-analysis_tool-analysis__json.json | group: agentspec__enc.706169642d6d656469612d747261636b696e672d7370656369616c697374__enc.302e302e31 | tenant: public | md5: cba0b0635e92491de0cdbecefa9142b2
2026-10-02 12:00:53,017|opType: publish | rt: 13ms | status: success | requestIp: null | dataId: resource_config_AGENTS__md.json | group: agentspec__enc.706169642d6d656469612d747261636b696e672d7370656369616c697374__enc.302e302e31 | tenant: public | md5: 4940ba48f4430d00c827f65042f3e30b
2026-10-02 12:00:53,020|opType: publish | rt: 10ms | status: success | requestIp: null | dataId: enc.6576616c732f6576616c732e6a736f6e | group: skill_enc.7369676e75702d666c6f772d63726f__enc.312e312e30 | tenant: public | md5: 747b85d3706e98db43cf617eb452b672
2026-10-02 12:00:53,029|opType: publish | rt: 14ms | status: success | requestIp: null | dataId: resource_config_MEMORY__md.json | group: agentspec__enc.706169642d6d656469612d747261636b696e672d7370656369616c697374__enc.302e302e31 | tenant: public | md5: 088d9c72dfbfe0f1a281c733b979bb3f
2026-10-02 12:00:53,033|opType: publish | rt: 13ms | status: success | requestIp: null | dataId: SKILL.md | group: skill_enc.7369676e75702d666c6f772d63726f__enc.312e312e30 | tenant: public | md5: 13aafb2fbe6201931789e31aa5a046ed
2026-10-02 12:00:53,037|opType: publish | rt: 9ms | status: success | requestIp: null | dataId: enc.7265666572656e6365732f61692d77726974696e672d646574656374696f6e2e6d64 | group: skill_enc.73656f2d6175646974__enc.312e312e30 | tenant: public | md5: 26787dad8564856ee9c9a4fa64a919de
2026-10-02 12:00:53,043|opType: publish | rt: 10ms | status: success | requestIp: null | dataId: SKILL.md | group: skill_enc.73656f2d6175646974__enc.312e312e30 | tenant: public | md5: 8323e3ac498769d811a3b63918a41186
2026-10-02 12:00:53,047|opType: publish | rt: 10ms | status: success | requestIp: null | dataId: resource_config_IDENTITY__md.json | group: agentspec__enc.70726f647563742d6265686176696f72616c2d6e756467652d656e67696e65__enc.302e302e31 | tenant: public | md5: 9f3633a9045ed64923aca3ba1b6b8046
2026-10-02 12:00:53,052|opType: publish | rt: 10ms | status: success | requestIp: null | dataId: enc.6576616c732f6576616c732e6a736f6e | group: skill_enc.73656f2d6175646974__enc.312e312e30 | tenant: public | md5: 33de97debe012834fc1136c61de936c9
2026-10-02 12:00:53,057|opType: publish | rt: 10ms | status: success | requestIp: null | dataId: resource_config_AGENTS__md.json | group: agentspec__enc.70726f647563742d6265686176696f72616c2d6e756467652d656e67696e65__enc.302e302e31 | tenant: public | md5: 07a7dc7cbcf067a63eae33da7060863d
2026-10-02 12:00:53,062|opType: publish | rt: 11ms | status: success | requestIp: null | dataId: resource_crons_jobs__json.json | group: agentspec__enc.70726f647563742d6265686176696f72616c2d6e756467652d656e67696e65__enc.302e302e31 | tenant: public | md5: fb0a9f97ea10cf42f2dd691cb797b229
2026-10-02 12:00:53,104|opType: publish | rt: 48ms | status: success | requestIp: null | dataId: resource_config_SOUL__md.json | group: agentspec__enc.70726f647563742d6265686176696f72616c2d6e756467652d656e67696e65__enc.302e302e31 | tenant: public | md5: 8e6a262b3b732a225d3b816e79d62dd9
2026-10-02 12:00:53,110|opType: publish | rt: 48ms | status: success | requestIp: null | dataId: resource_config_MEMORY__md.json | group: agentspec__enc.70726f647563742d6265686176696f72616c2d6e756467652d656e67696e65__enc.302e302e31 | tenant: public | md5: 611c85592f3368425f37764021ff5c82
2026-10-02 12:00:53,115|opType: publish | rt: 11ms | status: success | requestIp: null | dataId: resource_tool-analysis_tool-analysis__json.json | group: agentspec__enc.70726f647563742d6265686176696f72616c2d6e756467652d656e67696e65__enc.302e302e31 | tenant: public | md5: 788c6f1cb5a54cf4341eeec3f472c44d
2026-10-02 12:00:53,120|opType: publish | rt: 10ms | status: success | requestIp: null | dataId: resource_config_SOUL__md.json | group: agentspec__enc.706169642d6d656469612d747261636b696e672d7370656369616c697374__enc.302e302e31 | tenant: public | md5: cb014ea57a55de49173b6b093ac53bc0
2026-10-02 12:00:53,124|opType: publish | rt: 9ms | status: success | requestIp: null | dataId: manifest.json | group: agentspec__enc.70726f647563742d6265686176696f72616c2d6e756467652d656e67696e65__enc.302e302e31 | tenant: public | md5: 14ec3b05e5b532d2b9272332ea1d2f31
2026-10-02 12:00:53,126|opType: publish | rt: 9ms | status: success | requestIp: null | dataId: manifest.json | group: agentspec__enc.70726f647563742d666565646261636b2d73796e74686573697a6572__enc.302e302e31 | tenant: public | md5: 1d41d4e2de8c3e2a3f4e03f283bb64a1
2026-10-02 12:00:53,129|opType: publish | rt: 8ms | status: success | requestIp: null | dataId: resource_crons_jobs__json.json | group: agentspec__enc.70726f647563742d666565646261636b2d73796e74686573697a6572__enc.302e302e31 | tenant: public | md5: e419b9442f0255c45b1bd8c83fca0b7b
2026-10-02 12:00:53,134|opType: publish | rt: 8ms | status: success | requestIp: null | dataId: skill_index.json | group: skill_sales-enablement | tenant: public | md5: 4d26a47325cb82e6daadacedf32c9a76
2026-10-02 12:00:53,214|opType: publish | rt: 19ms | status: success | requestIp: null | dataId: resource_config_IDENTITY__md.json | group: agentspec__enc.70726f647563742d666565646261636b2d73796e74686573697a6572__enc.302e302e31 | tenant: public | md5: 71987dcd0183367ea869afc188e8d6c7
2026-10-02 12:00:53,219|opType: publish | rt: 10ms | status: success | requestIp: null | dataId: resource_tool-analysis_tool-analysis__json.json | group: agentspec__enc.70726f647563742d666565646261636b2d73796e74686573697a6572__enc.302e302e31 | tenant: public | md5: 6172b47c8e2dce0fd39c14bdb6a3ec9f
2026-10-02 12:00:53,224|opType: publish | rt: 11ms | status: success | requestIp: null | dataId: resource_config_AGENTS__md.json | group: agentspec__enc.70726f647563742d666565646261636b2d73796e74686573697a6572__enc.302e302e31 | tenant: public | md5: 66d504595c19b4e6559295b52887798f
2026-10-02 12:00:53,228|opType: publish | rt: 9ms | status: success | requestIp: null | dataId: resource_config_SOUL__md.json | group: agentspec__enc.70726f647563742d666565646261636b2d73796e74686573697a6572__enc.302e302e31 | tenant: public | md5: 4805adae21bdc7deac94334d82cf44e5
2026-10-02 12:00:53,234|opType: publish | rt: 10ms | status: success | requestIp: null | dataId: resource_config_MEMORY__md.json | group: agentspec__enc.70726f647563742d666565646261636b2d73796e74686573697a6572__enc.302e302e31 | tenant: public | md5: 245879e6debafdf4500c773774328e26
2026-10-02 12:00:53,236|opType: publish | rt: 10ms | status: success | requestIp: null | dataId: skill_index.json | group: skill_schema-markup | tenant: public | md5: 499dce1f852f4948311e890127c0258c
2026-10-02 12:00:53,241|opType: publish | rt: 11ms | status: success | requestIp: null | dataId: manifest.json | group: agentspec__enc.70726f647563742d6d616e61676572__enc.302e302e31 | tenant: public | md5: 07c736979c11256397907c210f914bb2
2026-10-02 12:00:53,246|opType: publish | rt: 10ms | status: success | requestIp: null | dataId: resource_tool-analysis_tool-analysis__json.json | group: agentspec__enc.70726f647563742d6d616e61676572__enc.302e302e31 | tenant: public | md5: 55845d84015b9a18a0a716886b539cf7
2026-10-02 12:00:53,250|opType: publish | rt: 9ms | status: success | requestIp: null | dataId: resource_crons_jobs__json.json | group: agentspec__enc.70726f647563742d6d616e61676572__enc.302e302e31 | tenant: public | md5: 51296ab2a991ee7e4c5631a39c304a51
2026-10-02 12:00:53,255|opType: publish | rt: 10ms | status: success | requestIp: null | dataId: resource_config_IDENTITY__md.json | group: agentspec__enc.70726f647563742d6d616e61676572__enc.302e302e31 | tenant: public | md5: 2301b55d3d63e0f0f169811c2d3e604a
2026-10-02 12:00:53,267|opType: publish | rt: 17ms | status: success | requestIp: null | dataId: resource_config_AGENTS__md.json | group: agentspec__enc.70726f647563742d6d616e61676572__enc.302e302e31 | tenant: public | md5: 1a1a799cc79fcab1449e642c55bcf677
2026-10-02 12:00:53,274|opType: publish | rt: 19ms | status: success | requestIp: null | dataId: resource_config_SOUL__md.json | group: agentspec__enc.70726f647563742d6d616e61676572__enc.302e302e31 | tenant: public | md5: 32bbdc05cf1361203cdc03e96bb2257b
2026-10-02 12:00:53,276|opType: publish | rt: 9ms | status: success | requestIp: null | dataId: resource_config_MEMORY__md.json | group: agentspec__enc.70726f647563742d6d616e61676572__enc.302e302e31 | tenant: public | md5: 67f019d2a6e06053e8c64c909897d25d
2026-10-02 12:00:53,281|opType: publish | rt: 10ms | status: success | requestIp: null | dataId: skill_index.json | group: skill_signup-flow-cro | tenant: public | md5: 0c3e72e2215e86f4cee39b9bce336dd7
2026-10-02 12:00:53,286|opType: publish | rt: 8ms | status: success | requestIp: null | dataId: skill_index.json | group: skill_seo-audit | tenant: public | md5: a8969d965e2d934508c09d0260249994
2026-10-02 12:00:53,360|opType: publish | rt: 10ms | status: success | requestIp: null | dataId: SKILL.md | group: skill_enc.736974652d617263686974656374757265__enc.312e312e30 | tenant: public | md5: d293478c61b6c21ef7754ec4c0301529
2026-10-02 12:00:53,365|opType: publish | rt: 11ms | status: success | requestIp: null | dataId: enc.7265666572656e6365732f6e617669676174696f6e2d7061747465726e732e6d64 | group: skill_enc.736974652d617263686974656374757265__enc.312e312e30 | tenant: public | md5: 0eb4f19b4ba0a5be0990c8698cd435b0
2026-10-02 12:00:53,374|opType: publish | rt: 14ms | status: success | requestIp: null | dataId: enc.6576616c732f6576616c732e6a736f6e | group: skill_enc.736974652d617263686974656374757265__enc.312e312e30 | tenant: public | md5: 2b59bc7ae26cc1c1f019a1ab0b013bd1
2026-10-02 12:00:53,379|opType: publish | rt: 14ms | status: success | requestIp: null | dataId: enc.7265666572656e6365732f6d65726d6169642d74656d706c617465732e6d64 | group: skill_enc.736974652d617263686974656374757265__enc.312e312e30 | tenant: public | md5: 7fe021149a4803d117467544b26aeedd
2026-10-02 12:00:53,408|opType: publish | rt: 34ms | status: success | requestIp: null | dataId: enc.7265666572656e6365732f736974652d747970652d74656d706c617465732e6d64 | group: skill_enc.736974652d617263686974656374757265__enc.312e312e30 | tenant: public | md5: c972619dbe809eeb3da3f3adc50358b4
2026-10-02 12:00:53,418|opType: publish | rt: 39ms | status: success | requestIp: null | dataId: manifest.json | group: agentspec__enc.70726f647563742d737072696e742d7072696f726974697a6572__enc.302e302e31 | tenant: public | md5: a96ebad56012d8b379be9af6a67b7222
2026-10-02 12:00:53,423|opType: publish | rt: 15ms | status: success | requestIp: null | dataId: resource_config_MEMORY__md.json | group: agentspec__enc.70726f647563742d737072696e742d7072696f726974697a6572__enc.302e302e31 | tenant: public | md5: 5f0561f3b52b422f6bfee0761dbba124
2026-10-02 12:00:53,428|opType: publish | rt: 10ms | status: success | requestIp: null | dataId: resource_crons_jobs__json.json | group: agentspec__enc.70726f647563742d737072696e742d7072696f726974697a6572__enc.302e302e31 | tenant: public | md5: 04e7b192730bc1da4c442fe22c2bd952
2026-10-02 12:00:53,433|opType: publish | rt: 10ms | status: success | requestIp: null | dataId: resource_config_IDENTITY__md.json | group: agentspec__enc.70726f647563742d737072696e742d7072696f726974697a6572__enc.302e302e31 | tenant: public | md5: f2ebeaf951e5bb4557ab63a93e5e8fec
2026-10-02 12:00:53,467|opType: publish | rt: 39ms | status: success | requestIp: null | dataId: resource_tool-analysis_tool-analysis__json.json | group: agentspec__enc.70726f647563742d737072696e742d7072696f726974697a6572__enc.302e302e31 | tenant: public | md5: 9b9b103c4a092125c7e5ec4b3bab9624
2026-10-02 12:00:53,472|opType: publish | rt: 39ms | status: success | requestIp: null | dataId: resource_config_AGENTS__md.json | group: agentspec__enc.70726f647563742d737072696e742d7072696f726974697a6572__enc.302e302e31 | tenant: public | md5: 95f9ab3f1feb28c38ffdfbc7ac964e68
2026-10-02 12:00:53,477|opType: publish | rt: 10ms | status: success | requestIp: null | dataId: manifest.json | group: agentspec__enc.70726f647563742d7472656e642d72657365617263686572__enc.302e302e31 | tenant: public | md5: 47f2ba3532604c5a3efc6e0f19be978f
2026-10-02 12:00:53,483|opType: publish | rt: 11ms | status: success | requestIp: null | dataId: resource_config_SOUL__md.json | group: agentspec__enc.70726f647563742d737072696e742d7072696f726974697a6572__enc.302e302e31 | tenant: public | md5: a12039e075689145158ef976b3ffbd1b
2026-10-02 12:00:53,499|opType: publish | rt: 16ms | status: success | requestIp: null | dataId: resource_config_IDENTITY__md.json | group: agentspec__enc.70726f647563742d7472656e642d72657365617263686572__enc.302e302e31 | tenant: public | md5: 270e3c760d5b53d26dd17edba71d6947
2026-10-02 12:00:53,500|opType: publish | rt: 23ms | status: success | requestIp: null | dataId: resource_crons_jobs__json.json | group: agentspec__enc.70726f647563742d7472656e642d72657365617263686572__enc.302e302e31 | tenant: public | md5: d2cc7af714010f76ede545b507f21412
2026-10-02 12:00:53,544|opType: publish | rt: 52ms | status: success | requestIp: null | dataId: resource_tool-analysis_tool-analysis__json.json | group: agentspec__enc.70726f647563742d7472656e642d72657365617263686572__enc.302e302e31 | tenant: public | md5: a6c9e92299662100c03c06c9170577af
2026-10-02 12:00:53,626|opType: publish | rt: 127ms | status: success | requestIp: null | dataId: resource_config_AGENTS__md.json | group: agentspec__enc.70726f647563742d7472656e642d72657365617263686572__enc.302e302e31 | tenant: public | md5: b6dac8659a04958fd8ff30c687fcbe79
2026-10-02 12:00:53,661|opType: publish | rt: 157ms | status: success | requestIp: null | dataId: resource_config_SOUL__md.json | group: agentspec__enc.70726f647563742d7472656e642d72657365617263686572__enc.302e302e31 | tenant: public | md5: 6a61ab46521ef81ddf168459330a1d7c
2026-10-02 12:00:53,774|opType: publish | rt: 236ms | status: success | requestIp: null | dataId: enc.7265666572656e6365732f706c6174666f726d732e6d64 | group: skill_enc.736f6369616c2d636f6e74656e74__enc.312e312e30 | tenant: public | md5: 8a9ca50689468807c2b82876ec7ab04b
2026-10-02 12:00:53,778|opType: publish | rt: 230ms | status: success | requestIp: null | dataId: enc.7265666572656e6365732f706f73742d74656d706c617465732e6d64 | group: skill_enc.736f6369616c2d636f6e74656e74__enc.312e312e30 | tenant: public | md5: a4a6f679084788342027401f1c7d4ad5
2026-10-02 12:00:53,779|opType: publish | rt: 264ms | status: success | requestIp: null | dataId: SKILL.md | group: skill_enc.736f6369616c2d636f6e74656e74__enc.312e312e30 | tenant: public | md5: e40238f5a96b1a35d7df5875f6b97ca5
2026-10-02 12:00:53,779|opType: publish | rt: 270ms | status: success | requestIp: null | dataId: resource_config_MEMORY__md.json | group: agentspec__enc.70726f647563742d7472656e642d72657365617263686572__enc.302e302e31 | tenant: public | md5: dfe1e5b3fccce0d1c11c09c594181cd5
2026-10-02 12:00:53,793|opType: publish | rt: 127ms | status: success | requestIp: null | dataId: resource_tool-analysis_tool-analysis__json.json | group: agentspec__enc.70726f6a6563742d6d616e6167656d656e742d6578706572696d656e742d747261636b6572__enc.302e302e31 | tenant: public | md5: a7a776b1fe3bd345ed3204cd7ac6bf40
2026-10-02 12:00:53,807|opType: publish | rt: 34ms | status: success | requestIp: null | dataId: SKILL.md | group: skill_enc.6167656e742d62726f77736572__enc.302e302e31 | tenant: public | md5: 8651a813447fdd0554f1ef1b4167a01e
2026-10-02 12:00:53,807|opType: publish | rt: 253ms | status: success | requestIp: null | dataId: resource_config_SOUL__md.json | group: agentspec__enc.70726f6a6563742d6d616e6167656d656e742d6578706572696d656e742d747261636b6572__enc.302e302e31 | tenant: public | md5: d85dd86c77fb18f7ba6e0af9e57accdf
2026-10-02 12:00:53,808|opType: publish | rt: 265ms | status: success | requestIp: null | dataId: enc.6576616c732f6576616c732e6a736f6e | group: skill_enc.736f6369616c2d636f6e74656e74__enc.312e312e30 | tenant: public | md5: 3fd33c5dbdae18151ff326ac076491c6
2026-10-02 12:00:53,812|opType: publish | rt: 75ms | status: success | requestIp: null | dataId: enc.7265666572656e6365732f736e617073686f742d726566732e6d64 | group: skill_enc.6167656e742d62726f77736572__enc.302e302e31 | tenant: public | md5: 0941be7f4d7c30d83efd706d87dd3963
2026-10-02 12:00:53,813|opType: publish | rt: 112ms | status: success | requestIp: null | dataId: resource_config_MEMORY__md.json | group: agentspec__enc.70726f6a6563742d6d616e6167656d656e742d6578706572696d656e742d747261636b6572__enc.302e302e31 | tenant: public | md5: 1eb6fff8c5d552015479a0d8334bf014
2026-10-02 12:00:53,818|opType: publish | rt: 228ms | status: success | requestIp: null | dataId: resource_config_IDENTITY__md.json | group: agentspec__enc.70726f6a6563742d6d616e6167656d656e742d6578706572696d656e742d747261636b6572__enc.302e302e31 | tenant: public | md5: b59c9fed254c549f1d83e5ce57e03c69
2026-10-02 12:00:53,818|opType: publish | rt: 157ms | status: success | requestIp: null | dataId: enc.7265666572656e6365732f726576657273652d656e67696e656572696e672e6d64 | group: skill_enc.736f6369616c2d636f6e74656e74__enc.312e312e30 | tenant: public | md5: bfd05ba02e5c065550e54f73291d4fe7
2026-10-02 12:00:53,818|opType: publish | rt: 40ms | status: success | requestIp: null | dataId: enc.74656d706c617465732f636170747572652d776f726b666c6f772e7368 | group: skill_enc.6167656e742d62726f77736572__enc.302e302e31 | tenant: public | md5: 1665ab76efae2c43bb821c4fe0862fcd
2026-10-02 12:00:53,819|opType: publish | rt: 52ms | status: success | requestIp: null | dataId: enc.7265666572656e6365732f70726f78792d737570706f72742e6d64 | group: skill_enc.6167656e742d62726f77736572__enc.302e302e31 | tenant: public | md5: 7fcef1d396dd90b51d8cd4f9401f2ddf
2026-10-02 12:00:53,828|opType: publish | rt: 203ms | status: success | requestIp: null | dataId: resource_crons_jobs__json.json | group: agentspec__enc.70726f6a6563742d6d616e6167656d656e742d6578706572696d656e742d747261636b6572__enc.302e302e31 | tenant: public | md5: 52acc93ff1e36ea2cacbcb19fe379e81
2026-10-02 12:00:53,828|opType: publish | rt: 40ms | status: success | requestIp: null | dataId: manifest.json | group: agentspec__enc.70726f6a6563742d6d616e6167656d656e742d6578706572696d656e742d747261636b6572__enc.302e302e31 | tenant: public | md5: a2cf0387e155a1723c982f88426c1ea1
2026-10-02 12:00:53,835|opType: publish | rt: 52ms | status: success | requestIp: null | dataId: enc.7265666572656e6365732f61757468656e7469636174696f6e2e6d64 | group: skill_enc.6167656e742d62726f77736572__enc.302e302e31 | tenant: public | md5: c3a8f1088214fe0f2835034403b28923
2026-10-02 12:00:53,842|opType: publish | rt: 24ms | status: success | requestIp: null | dataId: SKILL.md | group: skill_enc.6167656e742d746f6f6c73__enc.302e302e31 | tenant: public | md5: 8f61c7e80e2e69dcaded2aeff06f5e94
2026-10-02 12:00:53,843|opType: publish | rt: 37ms | status: success | requestIp: null | dataId: enc.7265666572656e6365732f766964656f2d7265636f7264696e672e6d64 | group: skill_enc.6167656e742d62726f77736572__enc.302e302e31 | tenant: public | md5: 450c8caf748dc8b4f73a1a992d838f54
2026-10-02 12:00:53,843|opType: publish | rt: 45ms | status: success | requestIp: null | dataId: enc.7265666572656e6365732f73657373696f6e2d6d616e6167656d656e742e6d64 | group: skill_enc.6167656e742d62726f77736572__enc.302e302e31 | tenant: public | md5: 9841d9a0b113b0294fe20d0d020a783e
2026-10-02 12:00:53,843|opType: publish | rt: 31ms | status: success | requestIp: null | dataId: enc.7265666572656e6365732f636f6d6d616e64732e6d64 | group: skill_enc.6167656e742d62726f77736572__enc.302e302e31 | tenant: public | md5: 0de52bea469f321cc6177d250bbadd92
2026-10-02 12:00:53,843|opType: publish | rt: 50ms | status: success | requestIp: null | dataId: resource_config_AGENTS__md.json | group: agentspec__enc.70726f6a6563742d6d616e6167656d656e742d6578706572696d656e742d747261636b6572__enc.302e302e31 | tenant: public | md5: f59b9a058f5f2d5b6db794af4999f138
2026-10-02 12:00:53,866|opType: publish | rt: 38ms | status: success | requestIp: null | dataId: enc.74656d706c617465732f61757468656e746963617465642d73657373696f6e2e7368 | group: skill_enc.6167656e742d62726f77736572__enc.302e302e31 | tenant: public | md5: b320b2b53f414ccf028fe68ecaa5f180
2026-10-02 12:00:53,870|opType: publish | rt: 35ms | status: success | requestIp: null | dataId: enc.7265666572656e6365732f72756e6e696e672d617070732e6d64 | group: skill_enc.6167656e742d746f6f6c73__enc.302e302e31 | tenant: public | md5: fd689c450695dec66cdf013741d66273
2026-10-02 12:00:53,873|opType: publish | rt: 31ms | status: success | requestIp: null | dataId: manifest.json | group: agentspec__enc.70726f6a6563742d6d616e6167656d656e742d6a6972612d776f726b666c6f772d73746577617264__enc.302e302e31 | tenant: public | md5: 374112395669cce2913737cb877dcf0e
2026-10-02 12:00:53,880|opType: publish | rt: 12ms | status: success | requestIp: null | dataId: enc.7265666572656e6365732f61757468656e7469636174696f6e2e6d64 | group: skill_enc.6167656e742d746f6f6c73__enc.302e302e31 | tenant: public | md5: deb0ec845ad1813c3e54906b4a952b88
2026-10-02 12:00:53,883|opType: publish | rt: 10ms | status: success | requestIp: null | dataId: enc.74656d706c617465732f666f726d2d6175746f6d6174696f6e2e7368 | group: skill_enc.6167656e742d62726f77736572__enc.302e302e31 | tenant: public | md5: ec934c21c0ba33bf0dddd49d69294576
2026-10-02 12:00:53,887|opType: publish | rt: 9ms | status: success | requestIp: null | dataId: resource_config_IDENTITY__md.json | group: agentspec__enc.70726f6a6563742d6d616e6167656d656e742d6a6972612d776f726b666c6f772d73746577617264__enc.302e302e31 | tenant: public | md5: 68033ebcaae3ef446fd45a02bc5c8b6d
2026-10-02 12:00:53,892|opType: publish | rt: 9ms | status: success | requestIp: null | dataId: enc.7265666572656e6365732f636c692d7265666572656e63652e6d64 | group: skill_enc.6167656e742d746f6f6c73__enc.302e302e31 | tenant: public | md5: b0c112393310a53890afa25fa4a74632
2026-10-02 12:00:53,896|opType: publish | rt: 9ms | status: success | requestIp: null | dataId: resource_crons_jobs__json.json | group: agentspec__enc.70726f6a6563742d6d616e6167656d656e742d6a6972612d776f726b666c6f772d73746577617264__enc.302e302e31 | tenant: public | md5: 489ee3ed80ce77d3dfb37c80e63167ad
2026-10-02 12:00:53,900|opType: publish | rt: 8ms | status: success | requestIp: null | dataId: enc.7265666572656e6365732f6170702d646973636f766572792e6d64 | group: skill_enc.6167656e742d746f6f6c73__enc.302e302e31 | tenant: public | md5: d9f79e2efd476655587f07121b20b8e0
2026-10-02 12:00:53,905|opType: publish | rt: 9ms | status: success | requestIp: null | dataId: resource_tool-analysis_tool-analysis__json.json | group: agentspec__enc.70726f6a6563742d6d616e6167656d656e742d6a6972612d776f726b666c6f772d73746577617264__enc.302e302e31 | tenant: public | md5: f7c414b00a760499d0fe671b14091c13
2026-10-02 12:00:53,910|opType: publish | rt: 10ms | status: success | requestIp: null | dataId: resource_config_AGENTS__md.json | group: agentspec__enc.70726f6a6563742d6d616e6167656d656e742d6a6972612d776f726b666c6f772d73746577617264__enc.302e302e31 | tenant: public | md5: cfeb54358fa11828ae6da5f0e815564c
2026-10-02 12:00:53,915|opType: publish | rt: 10ms | status: success | requestIp: null | dataId: resource_config_SOUL__md.json | group: agentspec__enc.70726f6a6563742d6d616e6167656d656e742d6a6972612d776f726b666c6f772d73746577617264__enc.302e302e31 | tenant: public | md5: 900c19c26000e7df57690fa4ae17caf1
2026-10-02 12:00:53,919|opType: publish | rt: 9ms | status: success | requestIp: null | dataId: resource_config_MEMORY__md.json | group: agentspec__enc.70726f6a6563742d6d616e6167656d656e742d6a6972612d776f726b666c6f772d73746577617264__enc.302e302e31 | tenant: public | md5: f60a99a85c46711f5a986c290a217bbc
2026-10-02 12:00:53,924|opType: publish | rt: 9ms | status: success | requestIp: null | dataId: resource_crons_jobs__json.json | group: agentspec__enc.70726f6a6563742d6d616e6167656d656e742d70726f6a6563742d7368657068657264__enc.302e302e31 | tenant: public | md5: f4fbdfa834bb0af051e11341de58c57a
2026-10-02 12:00:53,928|opType: publish | rt: 9ms | status: success | requestIp: null | dataId: skill_index.json | group: skill_site-architecture | tenant: public | md5: ecd2f29e8f4c76d7270a34cde5a2b7ad
2026-10-02 12:00:53,933|opType: publish | rt: 9ms | status: success | requestIp: null | dataId: resource_config_IDENTITY__md.json | group: agentspec__enc.70726f6a6563742d6d616e6167656d656e742d70726f6a6563742d7368657068657264__enc.302e302e31 | tenant: public | md5: 7f7070e1d32f9ed843462ccdaa9c2da9
2026-10-02 12:00:53,938|opType: publish | rt: 10ms | status: success | requestIp: null | dataId: manifest.json | group: agentspec__enc.70726f6a6563742d6d616e6167656d656e742d70726f6a6563742d7368657068657264__enc.302e302e31 | tenant: public | md5: bc61952eb49d2d210ad738d1b023d3b5
2026-10-02 12:00:53,945|opType: publish | rt: 12ms | status: success | requestIp: null | dataId: resource_config_AGENTS__md.json | group: agentspec__enc.70726f6a6563742d6d616e6167656d656e742d70726f6a6563742d7368657068657264__enc.302e302e31 | tenant: public | md5: eeec3be6d14227078a3c0eee0174a11f
2026-10-02 12:00:53,950|opType: publish | rt: 12ms | status: success | requestIp: null | dataId: resource_tool-analysis_tool-analysis__json.json | group: agentspec__enc.70726f6a6563742d6d616e6167656d656e742d70726f6a6563742d7368657068657264__enc.302e302e31 | tenant: public | md5: 529df94fb19f3bfc509331f5047d8510
2026-10-02 12:00:53,953|opType: publish | rt: 11ms | status: success | requestIp: null | dataId: resource_config_SOUL__md.json | group: agentspec__enc.70726f6a6563742d6d616e6167656d656e742d70726f6a6563742d7368657068657264__enc.302e302e31 | tenant: public | md5: c6980dc39a15ebd85b93ca79bea869c6
2026-10-02 12:00:53,957|opType: publish | rt: 10ms | status: success | requestIp: null | dataId: resource_config_MEMORY__md.json | group: agentspec__enc.70726f6a6563742d6d616e6167656d656e742d70726f6a6563742d7368657068657264__enc.302e302e31 | tenant: public | md5: eb6cb12ab2cefd71f7c8cf7e81ec4fec
2026-10-02 12:00:54,005|opType: publish | rt: 9ms | status: success | requestIp: null | dataId: manifest.json | group: agentspec__enc.70726f6a6563742d6d616e6167656d656e742d73747564696f2d6f7065726174696f6e73__enc.302e302e31 | tenant: public | md5: 75191a199598b8d885224fc0bf6a8d48
2026-10-02 12:00:54,011|opType: publish | rt: 8ms | status: success | requestIp: null | dataId: resource_crons_jobs__json.json | group: agentspec__enc.70726f6a6563742d6d616e6167656d656e742d73747564696f2d6f7065726174696f6e73__enc.302e302e31 | tenant: public | md5: e071ee1a5df6d810da4123c6937ee64a
2026-10-02 12:00:54,028|opType: publish | rt: 12ms | status: success | requestIp: null | dataId: resource_config_IDENTITY__md.json | group: agentspec__enc.70726f6a6563742d6d616e6167656d656e742d73747564696f2d6f7065726174696f6e73__enc.302e302e31 | tenant: public | md5: bc7155bfe937fc227901a1d63dd967bd
2026-10-02 12:00:54,036|opType: publish | rt: 12ms | status: success | requestIp: null | dataId: resource_tool-analysis_tool-analysis__json.json | group: agentspec__enc.70726f6a6563742d6d616e6167656d656e742d73747564696f2d6f7065726174696f6e73__enc.302e302e31 | tenant: public | md5: 132b99f1c9d5ed3d5cb42d6050cad459
2026-10-02 12:00:54,043|opType: publish | rt: 13ms | status: success | requestIp: null | dataId: resource_config_AGENTS__md.json | group: agentspec__enc.70726f6a6563742d6d616e6167656d656e742d73747564696f2d6f7065726174696f6e73__enc.302e302e31 | tenant: public | md5: 47b444d8242f14782766680abe87e4be
2026-10-02 12:00:54,052|opType: publish | rt: 13ms | status: success | requestIp: null | dataId: resource_config_SOUL__md.json | group: agentspec__enc.70726f6a6563742d6d616e6167656d656e742d73747564696f2d6f7065726174696f6e73__enc.302e302e31 | tenant: public | md5: e6bfda4c454cdf1306866254a5188ee3
2026-10-02 12:00:54,057|opType: publish | rt: 10ms | status: success | requestIp: null | dataId: resource_config_MEMORY__md.json | group: agentspec__enc.70726f6a6563742d6d616e6167656d656e742d73747564696f2d6f7065726174696f6e73__enc.302e302e31 | tenant: public | md5: 2c28b8cad5dd4f5050a4d594eaa26cb6
2026-10-02 12:00:54,063|opType: publish | rt: 11ms | status: success | requestIp: null | dataId: skill_index.json | group: skill_social-content | tenant: public | md5: 7c98d4aca7e49ec83deaaae3bec2e7d7
2026-10-02 12:00:54,074|opType: publish | rt: 8ms | status: success | requestIp: null | dataId: manifest.json | group: agentspec__enc.70726f6a6563742d6d616e6167656d656e742d73747564696f2d70726f6475636572__enc.302e302e31 | tenant: public | md5: ca70467ae4fb64371b5e94d2086a68d5
2026-10-02 12:00:54,095|opType: publish | rt: 13ms | status: success | requestIp: null | dataId: resource_crons_jobs__json.json | group: agentspec__enc.70726f6a6563742d6d616e6167656d656e742d73747564696f2d70726f6475636572__enc.302e302e31 | tenant: public | md5: 7f54044f7fca2200d1330dbb73788137
2026-10-02 12:00:54,111|opType: publish | rt: 12ms | status: success | requestIp: null | dataId: resource_config_IDENTITY__md.json | group: agentspec__enc.70726f6a6563742d6d616e6167656d656e742d73747564696f2d70726f6475636572__enc.302e302e31 | tenant: public | md5: d8470428e8badd073450ab69f31d69b3
2026-10-02 12:00:54,119|opType: publish | rt: 11ms | status: success | requestIp: null | dataId: resource_tool-analysis_tool-analysis__json.json | group: agentspec__enc.70726f6a6563742d6d616e6167656d656e742d73747564696f2d70726f6475636572__enc.302e302e31 | tenant: public | md5: 26dcab78ab5d32165507bc825a12f240
2026-10-02 12:00:54,124|opType: publish | rt: 10ms | status: success | requestIp: null | dataId: skill_index.json | group: skill_agent-browser | tenant: public | md5: d8d3658b02fea5a61b7ab4fc60491446
2026-10-02 12:00:54,128|opType: publish | rt: 12ms | status: success | requestIp: null | dataId: resource_config_AGENTS__md.json | group: agentspec__enc.70726f6a6563742d6d616e6167656d656e742d73747564696f2d70726f6475636572__enc.302e302e31 | tenant: public | md5: 58f3283972878983868b2fc6b29abcc3
2026-10-02 12:00:54,132|opType: publish | rt: 11ms | status: success | requestIp: null | dataId: resource_config_SOUL__md.json | group: agentspec__enc.70726f6a6563742d6d616e6167656d656e742d73747564696f2d70726f6475636572__enc.302e302e31 | tenant: public | md5: 43c0f37d54bb8c395e06f62367179c6c
2026-10-02 12:00:54,136|opType: publish | rt: 8ms | status: success | requestIp: null | dataId: skill_index.json | group: skill_agent-tools | tenant: public | md5: 165e9bf1b31b15cb0e75e7e5953f2a9a
2026-10-02 12:00:54,142|opType: publish | rt: 10ms | status: success | requestIp: null | dataId: resource_config_MEMORY__md.json | group: agentspec__enc.70726f6a6563742d6d616e6167656d656e742d73747564696f2d70726f6475636572__enc.302e302e31 | tenant: public | md5: 3888479f0e966964706c2c057cb649b6
2026-10-02 12:00:54,153|opType: publish | rt: 14ms | status: success | requestIp: null | dataId: SKILL.md | group: skill_enc.6167656e742d7569__enc.302e302e31 | tenant: public | md5: 760f195ebeeb0187f48bc6401178c9d4
2026-10-02 12:00:54,159|opType: publish | rt: 15ms | status: success | requestIp: null | dataId: manifest.json | group: agentspec__enc.70726f6a6563742d6d616e616765722d73656e696f72__enc.302e302e31 | tenant: public | md5: 46da9b1a51fb3872c7bf602e06c8e385
2026-10-02 12:00:54,164|opType: publish | rt: 11ms | status: success | requestIp: null | dataId: resource_crons_jobs__json.json | group: agentspec__enc.70726f6a6563742d6d616e616765722d73656e696f72__enc.302e302e31 | tenant: public | md5: 6120e25dc12e77d89e39fe0efb7b0124
2026-10-02 12:00:54,174|opType: publish | rt: 15ms | status: success | requestIp: null | dataId: resource_config_IDENTITY__md.json | group: agentspec__enc.70726f6a6563742d6d616e616765722d73656e696f72__enc.302e302e31 | tenant: public | md5: 14849cdb300eacddfc8554f9e79c31b7
2026-10-02 12:00:54,184|opType: publish | rt: 20ms | status: success | requestIp: null | dataId: resource_tool-analysis_tool-analysis__json.json | group: agentspec__enc.70726f6a6563742d6d616e616765722d73656e696f72__enc.302e302e31 | tenant: public | md5: 483df3251ef459f3d6c5d8faa05036a9
2026-10-02 12:00:54,190|opType: publish | rt: 16ms | status: success | requestIp: null | dataId: resource_config_AGENTS__md.json | group: agentspec__enc.70726f6a6563742d6d616e616765722d73656e696f72__enc.302e302e31 | tenant: public | md5: 08597b01e91c75685ee8918cc6114a4d
2026-10-02 12:00:54,195|opType: publish | rt: 12ms | status: success | requestIp: null | dataId: resource_config_SOUL__md.json | group: agentspec__enc.70726f6a6563742d6d616e616765722d73656e696f72__enc.302e302e31 | tenant: public | md5: 53503ca27096d5671d28c51859508449
2026-10-02 12:00:54,200|opType: publish | rt: 11ms | status: success | requestIp: null | dataId: resource_config_MEMORY__md.json | group: agentspec__enc.70726f6a6563742d6d616e616765722d73656e696f72__enc.302e302e31 | tenant: public | md5: e36bd5e54cfd6be3bd70d4c03ecb0500
2026-10-02 12:00:54,202|opType: publish | rt: 10ms | status: success | requestIp: null | dataId: manifest.json | group: agentspec__enc.70726f6d70742d656e67696e656572__enc.302e302e31 | tenant: public | md5: fd2f5729c2a8833b4f28528823384d0c
2026-10-02 12:00:54,223|opType: publish | rt: 11ms | status: success | requestIp: null | dataId: resource_crons_jobs__json.json | group: agentspec__enc.70726f6d70742d656e67696e656572__enc.302e302e31 | tenant: public | md5: b9901129828be212813260dbea81df64
2026-10-02 12:00:54,228|opType: publish | rt: 9ms | status: success | requestIp: null | dataId: resource_config_IDENTITY__md.json | group: agentspec__enc.70726f6d70742d656e67696e656572__enc.302e302e31 | tenant: public | md5: c15ab253b629f4346c8e594eb8fd1403
2026-10-02 12:00:54,240|opType: publish | rt: 6ms | status: success | requestIp: null | dataId: resource_tool-analysis_tool-analysis__json.json | group: agentspec__enc.70726f6d70742d656e67696e656572__enc.302e302e31 | tenant: public | md5: 6baddbdd155701ab5ba5c3e99b6b37cd
2026-10-02 12:00:54,254|opType: publish | rt: 9ms | status: success | requestIp: null | dataId: resource_config_AGENTS__md.json | group: agentspec__enc.70726f6d70742d656e67696e656572__enc.302e302e31 | tenant: public | md5: 7c6588c8aef8122383752832bcc6a28f
2026-10-02 12:00:54,263|opType: publish | rt: 11ms | status: success | requestIp: null | dataId: resource_config_SOUL__md.json | group: agentspec__enc.70726f6d70742d656e67696e656572__enc.302e302e31 | tenant: public | md5: 5bc7b514ee172bacbaeaacec7f85e77a
2026-10-02 12:00:54,268|opType: publish | rt: 9ms | status: success | requestIp: null | dataId: resource_config_MEMORY__md.json | group: agentspec__enc.70726f6d70742d656e67696e656572__enc.302e302e31 | tenant: public | md5: d0b6940f744b28dff364cd47cdfd6a31
2026-10-02 12:00:54,279|opType: publish | rt: 9ms | status: success | requestIp: null | dataId: SKILL.md | group: skill_enc.61692d6175746f6d6174696f6e2d776f726b666c6f7773__enc.302e302e31 | tenant: public | md5: 7e072e6f85a633ea25f9f4628f83ac99
2026-10-02 12:00:54,286|opType: publish | rt: 9ms | status: success | requestIp: null | dataId: manifest.json | group: agentspec__enc.726563727569746d656e742d7370656369616c697374__enc.302e302e31 | tenant: public | md5: e41674440dbe5d9879833857da630c5f
2026-10-02 12:00:54,291|opType: publish | rt: 8ms | status: success | requestIp: null | dataId: resource_crons_jobs__json.json | group: agentspec__enc.726563727569746d656e742d7370656369616c697374__enc.302e302e31 | tenant: public | md5: cc63479b7c562d2bcbb67716d9a31beb
2026-10-02 12:00:54,307|opType: publish | rt: 7ms | status: success | requestIp: null | dataId: resource_config_IDENTITY__md.json | group: agentspec__enc.726563727569746d656e742d7370656369616c697374__enc.302e302e31 | tenant: public | md5: dbd83d8470ed080e42f0b3bc67d8f908
2026-10-02 12:00:54,326|opType: publish | rt: 9ms | status: success | requestIp: null | dataId: resource_tool-analysis_tool-analysis__json.json | group: agentspec__enc.726563727569746d656e742d7370656369616c697374__enc.302e302e31 | tenant: public | md5: 56e0c6ed97bc99c71bc0b2eb8f74c934
2026-10-02 12:00:54,339|opType: publish | rt: 10ms | status: success | requestIp: null | dataId: resource_config_AGENTS__md.json | group: agentspec__enc.726563727569746d656e742d7370656369616c697374__enc.302e302e31 | tenant: public | md5: 04472d932567814f7eeaea63b83d5b9f
2026-10-02 12:00:54,347|opType: publish | rt: 11ms | status: success | requestIp: null | dataId: SKILL.md | group: skill_enc.61692d6176617461722d766964656f__enc.302e302e31 | tenant: public | md5: 2e21e1453c8d5f844687d14f55b606b5
2026-10-02 12:00:54,351|opType: publish | rt: 10ms | status: success | requestIp: null | dataId: resource_config_SOUL__md.json | group: agentspec__enc.726563727569746d656e742d7370656369616c697374__enc.302e302e31 | tenant: public | md5: 2d3869b6ba6d6cdfe639e6b22a781dbd
2026-10-02 12:00:54,353|opType: publish | rt: 9ms | status: success | requestIp: null | dataId: resource_config_MEMORY__md.json | group: agentspec__enc.726563727569746d656e742d7370656369616c697374__enc.302e302e31 | tenant: public | md5: 740161b4317588144ac8488dbbf3703e
2026-10-02 12:00:54,359|opType: publish | rt: 9ms | status: success | requestIp: null | dataId: SKILL.md | group: skill_enc.61692d636f6e74656e742d706970656c696e65__enc.302e302e31 | tenant: public | md5: 1465d2824bda84a1a1974a72fd1a8dcf
2026-10-02 12:00:54,369|opType: publish | rt: 10ms | status: success | requestIp: null | dataId: manifest.json | group: agentspec__enc.7265706f72742d646973747269627574696f6e2d6167656e74__enc.302e302e31 | tenant: public | md5: f43f2df84ec1256989a25ab461e7e6a7
2026-10-02 12:00:54,377|opType: publish | rt: 11ms | status: success | requestIp: null | dataId: resource_crons_jobs__json.json | group: agentspec__enc.7265706f72742d646973747269627574696f6e2d6167656e74__enc.302e302e31 | tenant: public | md5: 1db9c2bdbae4d5e61f3eb9bab3009045
2026-10-02 12:00:54,384|opType: publish | rt: 10ms | status: success | requestIp: null | dataId: skill_index.json | group: skill_agent-ui | tenant: public | md5: a954ba25a6022882637d1312aa486859
2026-10-02 12:00:54,390|opType: publish | rt: 11ms | status: success | requestIp: null | dataId: resource_config_IDENTITY__md.json | group: agentspec__enc.7265706f72742d646973747269627574696f6e2d6167656e74__enc.302e302e31 | tenant: public | md5: 3d7dd3471598b4ff27f16d4b97221f8b
2026-10-02 12:00:54,392|opType: publish | rt: 10ms | status: success | requestIp: null | dataId: resource_tool-analysis_tool-analysis__json.json | group: agentspec__enc.7265706f72742d646973747269627574696f6e2d6167656e74__enc.302e302e31 | tenant: public | md5: 38b0d27db0dbfc3715ff4c1eb1587cf0
2026-10-02 12:00:54,404|opType: publish | rt: 10ms | status: success | requestIp: null | dataId: resource_config_AGENTS__md.json | group: agentspec__enc.7265706f72742d646973747269627574696f6e2d6167656e74__enc.302e302e31 | tenant: public | md5: 821f731174314a432d467e4520be7102
2026-10-02 12:00:54,407|opType: publish | rt: 10ms | status: success | requestIp: null | dataId: resource_config_SOUL__md.json | group: agentspec__enc.7265706f72742d646973747269627574696f6e2d6167656e74__enc.302e302e31 | tenant: public | md5: afe76a0fe5325a82be349de76347e40e
2026-10-02 12:00:54,411|opType: publish | rt: 7ms | status: success | requestIp: null | dataId: resource_config_MEMORY__md.json | group: agentspec__enc.7265706f72742d646973747269627574696f6e2d6167656e74__enc.302e302e31 | tenant: public | md5: 582dad8c4185757d0b3fa9062a2387d8
2026-10-02 12:00:54,449|opType: publish | rt: 32ms | status: success | requestIp: null | dataId: manifest.json | group: agentspec__enc.726f626c6f782d6176617461722d63726561746f72__enc.302e302e31 | tenant: public | md5: 117b40536ee4d0da9ce6d3b6959de720
2026-10-02 12:00:54,459|opType: publish | rt: 10ms | status: success | requestIp: null | dataId: resource_crons_jobs__json.json | group: agentspec__enc.726f626c6f782d6176617461722d63726561746f72__enc.302e302e31 | tenant: public | md5: 9aef20df8001b90456a3d2fc10f513f4
2026-10-02 12:00:54,465|opType: publish | rt: 12ms | status: success | requestIp: null | dataId: resource_config_IDENTITY__md.json | group: agentspec__enc.726f626c6f782d6176617461722d63726561746f72__enc.302e302e31 | tenant: public | md5: ce2d04d92509ee8276dfc9162295131a
2026-10-02 12:00:54,469|opType: publish | rt: 10ms | status: success | requestIp: null | dataId: resource_tool-analysis_tool-analysis__json.json | group: agentspec__enc.726f626c6f782d6176617461722d63726561746f72__enc.302e302e31 | tenant: public | md5: b3e7fae0c24ed2636c193f81b0c5be18
2026-10-02 12:00:54,475|opType: publish | rt: 11ms | status: success | requestIp: null | dataId: resource_config_AGENTS__md.json | group: agentspec__enc.726f626c6f782d6176617461722d63726561746f72__enc.302e302e31 | tenant: public | md5: f3fff84910cdf0642737abfa5a7bafbc
2026-10-02 12:00:54,479|opType: publish | rt: 10ms | status: success | requestIp: null | dataId: resource_config_SOUL__md.json | group: agentspec__enc.726f626c6f782d6176617461722d63726561746f72__enc.302e302e31 | tenant: public | md5: 160471e290de8243c9fa5e4160f6fb94
2026-10-02 12:00:54,483|opType: publish | rt: 9ms | status: success | requestIp: null | dataId: resource_config_MEMORY__md.json | group: agentspec__enc.726f626c6f782d6176617461722d63726561746f72__enc.302e302e31 | tenant: public | md5: a435cd41d9968b2e8057970f9b1df0cf
2026-10-02 12:00:54,494|opType: publish | rt: 9ms | status: success | requestIp: null | dataId: manifest.json | group: agentspec__enc.726f626c6f782d657870657269656e63652d64657369676e6572__enc.302e302e31 | tenant: public | md5: da6cddbd7affdd4c9c56ea2a5d2ddf6c
2026-10-02 12:00:54,502|opType: publish | rt: 8ms | status: success | requestIp: null | dataId: resource_crons_jobs__json.json | group: agentspec__enc.726f626c6f782d657870657269656e63652d64657369676e6572__enc.302e302e31 | tenant: public | md5: f8761ffd70da655205199fb5a2eb44db
2026-10-02 12:00:54,507|opType: publish | rt: 9ms | status: success | requestIp: null | dataId: skill_index.json | group: skill_ai-automation-workflows | tenant: public | md5: a954ba25a6022882637d1312aa486859
2026-10-02 12:00:54,509|opType: publish | rt: 9ms | status: success | requestIp: null | dataId: resource_config_IDENTITY__md.json | group: agentspec__enc.726f626c6f782d657870657269656e63652d64657369676e6572__enc.302e302e31 | tenant: public | md5: c1f5cef9c0bf8343aec78f98d957c572
2026-10-02 12:00:54,518|opType: publish | rt: 5ms | status: success | requestIp: null | dataId: resource_tool-analysis_tool-analysis__json.json | group: agentspec__enc.726f626c6f782d657870657269656e63652d64657369676e6572__enc.302e302e31 | tenant: public | md5: 27b81885398c95ab3dc0f2ba802c7759
2026-10-02 12:00:54,537|opType: publish | rt: 6ms | status: success | requestIp: null | dataId: resource_config_AGENTS__md.json | group: agentspec__enc.726f626c6f782d657870657269656e63652d64657369676e6572__enc.302e302e31 | tenant: public | md5: 017e609719feb68896d0219f1109dd3c
2026-10-02 12:00:54,552|opType: publish | rt: 7ms | status: success | requestIp: null | dataId: resource_config_SOUL__md.json | group: agentspec__enc.726f626c6f782d657870657269656e63652d64657369676e6572__enc.302e302e31 | tenant: public | md5: 241e4aa2ea6fa50dd8ab4e2349e68cc2
2026-10-02 12:00:54,568|opType: publish | rt: 9ms | status: success | requestIp: null | dataId: resource_config_MEMORY__md.json | group: agentspec__enc.726f626c6f782d657870657269656e63652d64657369676e6572__enc.302e302e31 | tenant: public | md5: 4327e3d145cf560292f12fdbfcd3cf9c
2026-10-02 12:00:54,575|opType: publish | rt: 11ms | status: success | requestIp: null | dataId: skill_index.json | group: skill_ai-avatar-video | tenant: public | md5: a954ba25a6022882637d1312aa486859
2026-10-02 12:00:54,584|opType: publish | rt: 10ms | status: success | requestIp: null | dataId: manifest.json | group: agentspec__enc.726f626c6f782d73797374656d732d7363726970746572__enc.302e302e31 | tenant: public | md5: 44e5a4b3d93f35d560e9ed277adca583
2026-10-02 12:00:54,589|opType: publish | rt: 10ms | status: success | requestIp: null | dataId: skill_index.json | group: skill_ai-content-pipeline | tenant: public | md5: a954ba25a6022882637d1312aa486859
2026-10-02 12:00:54,593|opType: publish | rt: 9ms | status: success | requestIp: null | dataId: resource_crons_jobs__json.json | group: agentspec__enc.726f626c6f782d73797374656d732d7363726970746572__enc.302e302e31 | tenant: public | md5: b09c8f15ca4380bb694c2cd9bad056eb
2026-10-02 12:00:54,596|opType: publish | rt: 10ms | status: success | requestIp: null | dataId: resource_config_IDENTITY__md.json | group: agentspec__enc.726f626c6f782d73797374656d732d7363726970746572__enc.302e302e31 | tenant: public | md5: 18e639b19dd5a801ab1a7fdd98103659
2026-10-02 12:00:54,605|opType: publish | rt: 10ms | status: success | requestIp: null | dataId: SKILL.md | group: skill_enc.61692d696d6167652d67656e65726174696f6e__enc.302e302e31 | tenant: public | md5: 71c8a1c8796a80b828be3997c3d036a4
2026-10-02 12:00:54,610|opType: publish | rt: 10ms | status: success | requestIp: null | dataId: resource_tool-analysis_tool-analysis__json.json | group: agentspec__enc.726f626c6f782d73797374656d732d7363726970746572__enc.302e302e31 | tenant: public | md5: 227d6001f60e92c3b30292a410d1e8e6
2026-10-02 12:00:54,612|opType: publish | rt: 10ms | status: success | requestIp: null | dataId: resource_config_AGENTS__md.json | group: agentspec__enc.726f626c6f782d73797374656d732d7363726970746572__enc.302e302e31 | tenant: public | md5: 353606b4bd2f8ce53d63059a96f985ca
2026-10-02 12:00:54,623|opType: publish | rt: 11ms | status: success | requestIp: null | dataId: resource_config_SOUL__md.json | group: agentspec__enc.726f626c6f782d73797374656d732d7363726970746572__enc.302e302e31 | tenant: public | md5: 1f7c93844bf5a857b24c427610cf6279
2026-10-02 12:00:54,626|opType: publish | rt: 9ms | status: success | requestIp: null | dataId: resource_config_MEMORY__md.json | group: agentspec__enc.726f626c6f782d73797374656d732d7363726970746572__enc.302e302e31 | tenant: public | md5: 4d934fc86b513386385c69eac4b14f84
2026-10-02 12:00:54,636|opType: publish | rt: 6ms | status: success | requestIp: null | dataId: manifest.json | group: agentspec__enc.73616c65732d6163636f756e742d73747261746567697374__enc.302e302e31 | tenant: public | md5: 200bb10f691f2b24c6d1f7c5caec91d0
2026-10-02 12:00:54,662|opType: publish | rt: 7ms | status: success | requestIp: null | dataId: resource_crons_jobs__json.json | group: agentspec__enc.73616c65732d6163636f756e742d73747261746567697374__enc.302e302e31 | tenant: public | md5: da21cef2d42280f03bfcc70edb6721cd
2026-10-02 12:00:54,677|opType: publish | rt: 10ms | status: success | requestIp: null | dataId: resource_config_IDENTITY__md.json | group: agentspec__enc.73616c65732d6163636f756e742d73747261746567697374__enc.302e302e31 | tenant: public | md5: c0cdbbe6bb1f571c58279a8b808ffabb
2026-10-02 12:00:54,684|opType: publish | rt: 10ms | status: success | requestIp: null | dataId: resource_tool-analysis_tool-analysis__json.json | group: agentspec__enc.73616c65732d6163636f756e742d73747261746567697374__enc.302e302e31 | tenant: public | md5: 6d8851c36723a06cb28ef8f5ff069515
2026-10-02 12:00:54,689|opType: publish | rt: 10ms | status: success | requestIp: null | dataId: resource_config_AGENTS__md.json | group: agentspec__enc.73616c65732d6163636f756e742d73747261746567697374__enc.302e302e31 | tenant: public | md5: 8ee9a51d1b95ba7368cc450bfce77c1a
2026-10-02 12:00:54,691|opType: publish | rt: 10ms | status: success | requestIp: null | dataId: resource_config_SOUL__md.json | group: agentspec__enc.73616c65732d6163636f756e742d73747261746567697374__enc.302e302e31 | tenant: public | md5: 7785d8013679f442f0bc862b13e026a4
2026-10-02 12:00:54,698|opType: publish | rt: 10ms | status: success | requestIp: null | dataId: resource_config_MEMORY__md.json | group: agentspec__enc.73616c65732d6163636f756e742d73747261746567697374__enc.302e302e31 | tenant: public | md5: 4a6f7a7244dadd811f82fe955733560b
2026-10-02 12:00:54,712|opType: publish | rt: 10ms | status: success | requestIp: null | dataId: manifest.json | group: agentspec__enc.73616c65732d636f616368__enc.302e302e31 | tenant: public | md5: bc349cc2d018ea64d98a00bf546cb117
2026-10-02 12:00:54,714|opType: publish | rt: 10ms | status: success | requestIp: null | dataId: resource_crons_jobs__json.json | group: agentspec__enc.73616c65732d636f616368__enc.302e302e31 | tenant: public | md5: 811781781ff16deb14c60997cc224c15
2026-10-02 12:00:54,722|opType: publish | rt: 10ms | status: success | requestIp: null | dataId: resource_config_IDENTITY__md.json | group: agentspec__enc.73616c65732d636f616368__enc.302e302e31 | tenant: public | md5: 4094fe87cef44d067b31fd01011e9437
2026-10-02 12:00:54,726|opType: publish | rt: 9ms | status: success | requestIp: null | dataId: SKILL.md | group: skill_enc.61692d6d61726b6574696e672d766964656f73__enc.302e302e31 | tenant: public | md5: 1d8c4fbf6ca3f8914290dfd02fc10438
2026-10-02 12:00:54,728|opType: publish | rt: 9ms | status: success | requestIp: null | dataId: resource_tool-analysis_tool-analysis__json.json | group: agentspec__enc.73616c65732d636f616368__enc.302e302e31 | tenant: public | md5: b6fac5e0879819e93f67aab07cbd2746
2026-10-02 12:00:54,735|opType: publish | rt: 7ms | status: success | requestIp: null | dataId: resource_config_AGENTS__md.json | group: agentspec__enc.73616c65732d636f616368__enc.302e302e31 | tenant: public | md5: 9809b9261c9eafc23df8ec1e2eec1bc5
2026-10-02 12:00:54,748|opType: publish | rt: 5ms | status: success | requestIp: null | dataId: resource_config_SOUL__md.json | group: agentspec__enc.73616c65732d636f616368__enc.302e302e31 | tenant: public | md5: 5468ea6eb30eb2224c924d24313fe16c
2026-10-02 12:00:54,764|opType: publish | rt: 6ms | status: success | requestIp: null | dataId: resource_config_MEMORY__md.json | group: agentspec__enc.73616c65732d636f616368__enc.302e302e31 | tenant: public | md5: ef977b408f7e0dd3e51dbccc4c0bdaf6
2026-10-02 12:00:54,792|opType: publish | rt: 10ms | status: success | requestIp: null | dataId: manifest.json | group: agentspec__enc.73616c65732d646174612d65787472616374696f6e2d6167656e74__enc.302e302e31 | tenant: public | md5: af72f300f8c86dab1e46da619d47dc32
2026-10-02 12:00:54,798|opType: publish | rt: 9ms | status: success | requestIp: null | dataId: SKILL.md | group: skill_enc.61692d6d757369632d67656e65726174696f6e__enc.302e302e31 | tenant: public | md5: 11fe33fb315c88849cb2375800faf5f7
2026-10-02 12:00:54,803|opType: publish | rt: 9ms | status: success | requestIp: null | dataId: resource_crons_jobs__json.json | group: agentspec__enc.73616c65732d646174612d65787472616374696f6e2d6167656e74__enc.302e302e31 | tenant: public | md5: 4d0648ee5f3e12c84d8cac424dbb94df
2026-10-02 12:00:54,813|opType: publish | rt: 11ms | status: success | requestIp: null | dataId: SKILL.md | group: skill_enc.61692d706f64636173742d6372656174696f6e__enc.302e302e31 | tenant: public | md5: 4d49c4c831f6e7a462433f48a70870e2
2026-10-02 12:00:54,817|opType: publish | rt: 11ms | status: success | requestIp: null | dataId: resource_config_IDENTITY__md.json | group: agentspec__enc.73616c65732d646174612d65787472616374696f6e2d6167656e74__enc.302e302e31 | tenant: public | md5: debf4443b841897cfe4bd2465d8cd185
2026-10-02 12:00:54,820|opType: publish | rt: 11ms | status: success | requestIp: null | dataId: resource_tool-analysis_tool-analysis__json.json | group: agentspec__enc.73616c65732d646174612d65787472616374696f6e2d6167656e74__enc.302e302e31 | tenant: public | md5: 65ac55f93f24cf2b94064ada8a753801
2026-10-02 12:00:54,831|opType: publish | rt: 11ms | status: success | requestIp: null | dataId: resource_config_AGENTS__md.json | group: agentspec__enc.73616c65732d646174612d65787472616374696f6e2d6167656e74__enc.302e302e31 | tenant: public | md5: 9200e9cce8519e35a01950acbf26b7fc
2026-10-02 12:00:54,833|opType: publish | rt: 10ms | status: success | requestIp: null | dataId: resource_config_SOUL__md.json | group: agentspec__enc.73616c65732d646174612d65787472616374696f6e2d6167656e74__enc.302e302e31 | tenant: public | md5: 03a394bd761b8931ad9d59c24d4b16dc
2026-10-02 12:00:54,838|opType: publish | rt: 8ms | status: success | requestIp: null | dataId: skill_index.json | group: skill_ai-image-generation | tenant: public | md5: a954ba25a6022882637d1312aa486859
2026-10-02 12:00:54,845|opType: publish | rt: 10ms | status: success | requestIp: null | dataId: resource_config_MEMORY__md.json | group: agentspec__enc.73616c65732d646174612d65787472616374696f6e2d6167656e74__enc.302e302e31 | tenant: public | md5: 7afaa26a696149d67e8d365e3fd5f083
2026-10-02 12:00:54,855|opType: publish | rt: 10ms | status: success | requestIp: null | dataId: manifest.json | group: agentspec__enc.73616c65732d6465616c2d73747261746567697374__enc.302e302e31 | tenant: public | md5: 6e8724319c55c199a826ea7faeb5774a
2026-10-02 12:00:54,857|opType: publish | rt: 10ms | status: success | requestIp: null | dataId: resource_crons_jobs__json.json | group: agentspec__enc.73616c65732d6465616c2d73747261746567697374__enc.302e302e31 | tenant: public | md5: ab450f505b47a2b9929b12096c07c97a
2026-10-02 12:00:54,874|opType: publish | rt: 6ms | status: success | requestIp: null | dataId: resource_config_IDENTITY__md.json | group: agentspec__enc.73616c65732d6465616c2d73747261746567697374__enc.302e302e31 | tenant: public | md5: bfb083f83c026815ffa4f90c5c210514
2026-10-02 12:00:54,890|opType: publish | rt: 8ms | status: success | requestIp: null | dataId: resource_tool-analysis_tool-analysis__json.json | group: agentspec__enc.73616c65732d6465616c2d73747261746567697374__enc.302e302e31 | tenant: public | md5: 5d4fc1dd850172bc91e4c4358e582516
2026-10-02 12:00:54,903|opType: publish | rt: 11ms | status: success | requestIp: null | dataId: resource_config_AGENTS__md.json | group: agentspec__enc.73616c65732d6465616c2d73747261746567697374__enc.302e302e31 | tenant: public | md5: f6a3da78cb7cc5f8c91afa115326c3da
2026-10-02 12:00:54,905|opType: publish | rt: 9ms | status: success | requestIp: null | dataId: resource_config_SOUL__md.json | group: agentspec__enc.73616c65732d6465616c2d73747261746567697374__enc.302e302e31 | tenant: public | md5: f76a09dc77ac67bd4a051af43e521a1e
2026-10-02 12:00:54,910|opType: publish | rt: 7ms | status: success | requestIp: null | dataId: resource_config_MEMORY__md.json | group: agentspec__enc.73616c65732d6465616c2d73747261746567697374__enc.302e302e31 | tenant: public | md5: 44aac475790c340297d6f65d28845473
2026-10-02 12:00:54,924|opType: publish | rt: 9ms | status: success | requestIp: null | dataId: manifest.json | group: agentspec__enc.73616c65732d646973636f766572792d636f616368__enc.302e302e31 | tenant: public | md5: d9c4d6d38eb8dcea53e54065dd670af2
2026-10-02 12:00:54,931|opType: publish | rt: 9ms | status: success | requestIp: null | dataId: resource_crons_jobs__json.json | group: agentspec__enc.73616c65732d646973636f766572792d636f616368__enc.302e302e31 | tenant: public | md5: ebeafb8f6d6898ed1ed7819f852cd210
2026-10-02 12:00:54,935|opType: publish | rt: 9ms | status: success | requestIp: null | dataId: resource_config_IDENTITY__md.json | group: agentspec__enc.73616c65732d646973636f766572792d636f616368__enc.302e302e31 | tenant: public | md5: aa67f59082b83cc41811e1f2f7b18a2a
2026-10-02 12:00:54,937|opType: publish | rt: 8ms | status: success | requestIp: null | dataId: resource_tool-analysis_tool-analysis__json.json | group: agentspec__enc.73616c65732d646973636f766572792d636f616368__enc.302e302e31 | tenant: public | md5: c8f9cba31a319091d0605cedc0b1863b
2026-10-02 12:00:54,946|opType: publish | rt: 9ms | status: success | requestIp: null | dataId: resource_config_AGENTS__md.json | group: agentspec__enc.73616c65732d646973636f766572792d636f616368__enc.302e302e31 | tenant: public | md5: bf9a6ffc9eaa521de10cc784adf5041b
2026-10-02 12:00:54,954|opType: publish | rt: 10ms | status: success | requestIp: null | dataId: skill_index.json | group: skill_ai-marketing-videos | tenant: public | md5: a954ba25a6022882637d1312aa486859
2026-10-02 12:00:54,957|opType: publish | rt: 9ms | status: success | requestIp: null | dataId: resource_config_SOUL__md.json | group: agentspec__enc.73616c65732d646973636f766572792d636f616368__enc.302e302e31 | tenant: public | md5: 9a9a7e9cf6da6b56f7d50800c088088d
2026-10-02 12:00:54,964|opType: publish | rt: 5ms | status: success | requestIp: null | dataId: resource_config_MEMORY__md.json | group: agentspec__enc.73616c65732d646973636f766572792d636f616368__enc.302e302e31 | tenant: public | md5: 870786178a034ed5a8e48d9462ca6d3b
2026-10-02 12:00:54,983|opType: publish | rt: 5ms | status: success | requestIp: null | dataId: manifest.json | group: agentspec__enc.73616c65732d656e67696e656572__enc.302e302e31 | tenant: public | md5: e17d73535706eff218dd0dbd3aa738bb
2026-10-02 12:00:55,005|opType: publish | rt: 7ms | status: success | requestIp: null | dataId: resource_crons_jobs__json.json | group: agentspec__enc.73616c65732d656e67696e656572__enc.302e302e31 | tenant: public | md5: 927c7f48c2e4484111ce9e2234738878
2026-10-02 12:00:55,019|opType: publish | rt: 9ms | status: success | requestIp: null | dataId: resource_config_IDENTITY__md.json | group: agentspec__enc.73616c65732d656e67696e656572__enc.302e302e31 | tenant: public | md5: dd227448dea525d0c31e1dea96fbfd2a
2026-10-02 12:00:55,026|opType: publish | rt: 10ms | status: success | requestIp: null | dataId: skill_index.json | group: skill_ai-music-generation | tenant: public | md5: a954ba25a6022882637d1312aa486859
2026-10-02 12:00:55,032|opType: publish | rt: 9ms | status: success | requestIp: null | dataId: resource_tool-analysis_tool-analysis__json.json | group: agentspec__enc.73616c65732d656e67696e656572__enc.302e302e31 | tenant: public | md5: 7f568286c326bffc71fd7be65265ad19
2026-10-02 12:00:55,039|opType: publish | rt: 9ms | status: success | requestIp: null | dataId: resource_config_AGENTS__md.json | group: agentspec__enc.73616c65732d656e67696e656572__enc.302e302e31 | tenant: public | md5: 18467981ef73948aa7270f8432d3789b
2026-10-02 12:00:55,044|opType: publish | rt: 10ms | status: success | requestIp: null | dataId: skill_index.json | group: skill_ai-podcast-creation | tenant: public | md5: a954ba25a6022882637d1312aa486859
2026-10-02 12:00:55,046|opType: publish | rt: 10ms | status: success | requestIp: null | dataId: resource_config_SOUL__md.json | group: agentspec__enc.73616c65732d656e67696e656572__enc.302e302e31 | tenant: public | md5: d7496bb3a38bc585f14f7b082ce8c704
2026-10-02 12:00:55,051|opType: publish | rt: 7ms | status: success | requestIp: null | dataId: resource_config_MEMORY__md.json | group: agentspec__enc.73616c65732d656e67696e656572__enc.302e302e31 | tenant: public | md5: 3c8706f3fb79e365f42d92ad9cf6c04a
2026-10-02 12:00:55,056|opType: publish | rt: 8ms | status: success | requestIp: null | dataId: SKILL.md | group: skill_enc.61692d70726f647563742d70686f746f677261706879__enc.302e302e31 | tenant: public | md5: caa09215e78142a4f5ccafc4b01737af
2026-10-02 12:00:55,071|opType: publish | rt: 10ms | status: success | requestIp: null | dataId: manifest.json | group: agentspec__enc.73616c65732d6f7574626f756e642d73747261746567697374__enc.302e302e31 | tenant: public | md5: ee017fb88671ee4fd7370f05b3f5a3d9
2026-10-02 12:00:55,076|opType: publish | rt: 10ms | status: success | requestIp: null | dataId: resource_config_IDENTITY__md.json | group: agentspec__enc.73616c65732d6f7574626f756e642d73747261746567697374__enc.302e302e31 | tenant: public | md5: 81c783bcc66433723532e16b111252ee
2026-10-02 12:00:55,078|opType: publish | rt: 10ms | status: success | requestIp: null | dataId: resource_crons_jobs__json.json | group: agentspec__enc.73616c65732d6f7574626f756e642d73747261746567697374__enc.302e302e31 | tenant: public | md5: 6b8126ac49384af0eac08473545f2ae7
2026-10-02 12:00:55,087|opType: publish | rt: 6ms | status: success | requestIp: null | dataId: resource_tool-analysis_tool-analysis__json.json | group: agentspec__enc.73616c65732d6f7574626f756e642d73747261746567697374__enc.302e302e31 | tenant: public | md5: 3b3cd527ca3e500400e266779bdb24c3
2026-10-02 12:00:55,103|opType: publish | rt: 6ms | status: success | requestIp: null | dataId: resource_config_AGENTS__md.json | group: agentspec__enc.73616c65732d6f7574626f756e642d73747261746567697374__enc.302e302e31 | tenant: public | md5: ba2a5b07c64afeb5e6e115f6c115135b
2026-10-02 12:00:55,119|opType: publish | rt: 10ms | status: success | requestIp: null | dataId: resource_config_SOUL__md.json | group: agentspec__enc.73616c65732d6f7574626f756e642d73747261746567697374__enc.302e302e31 | tenant: public | md5: e83fe2621d6ff676586e52e251dc8326
2026-10-02 12:00:55,126|opType: publish | rt: 10ms | status: success | requestIp: null | dataId: resource_config_MEMORY__md.json | group: agentspec__enc.73616c65732d6f7574626f756e642d73747261746567697374__enc.302e302e31 | tenant: public | md5: 9da737333fbc958b40b8802355960ed8
2026-10-02 12:00:55,137|opType: publish | rt: 9ms | status: success | requestIp: null | dataId: manifest.json | group: agentspec__enc.73616c65732d706970656c696e652d616e616c797374__enc.302e302e31 | tenant: public | md5: 030bc44b11da11a19ba677ddf2ef94e0
2026-10-02 12:00:55,140|opType: publish | rt: 10ms | status: success | requestIp: null | dataId: resource_crons_jobs__json.json | group: agentspec__enc.73616c65732d706970656c696e652d616e616c797374__enc.302e302e31 | tenant: public | md5: 46874c2878f79c1b63bec85fb9a320fc
2026-10-02 12:00:55,150|opType: publish | rt: 10ms | status: success | requestIp: null | dataId: resource_config_IDENTITY__md.json | group: agentspec__enc.73616c65732d706970656c696e652d616e616c797374__enc.302e302e31 | tenant: public | md5: 2e39dccacfcc43d2b562beb9179edbc6
2026-10-02 12:00:55,153|opType: publish | rt: 11ms | status: success | requestIp: null | dataId: resource_tool-analysis_tool-analysis__json.json | group: agentspec__enc.73616c65732d706970656c696e652d616e616c797374__enc.302e302e31 | tenant: public | md5: 18a2cef31cfbfd3035ea6d1a1af797a8
2026-10-02 12:00:55,161|opType: publish | rt: 11ms | status: success | requestIp: null | dataId: resource_config_AGENTS__md.json | group: agentspec__enc.73616c65732d706970656c696e652d616e616c797374__enc.302e302e31 | tenant: public | md5: 524ad3e1a6dbb7e7954fa5fd9fd8d803
2026-10-02 12:00:55,168|opType: publish | rt: 10ms | status: success | requestIp: null | dataId: resource_config_SOUL__md.json | group: agentspec__enc.73616c65732d706970656c696e652d616e616c797374__enc.302e302e31 | tenant: public | md5: 4c9587bca07bce57da41f109aecec369
2026-10-02 12:00:55,175|opType: publish | rt: 10ms | status: success | requestIp: null | dataId: SKILL.md | group: skill_enc.61692d7261672d706970656c696e65__enc.302e302e31 | tenant: public | md5: 3ca6dded4eb1057933b80ff88baf9f99
2026-10-02 12:00:55,179|opType: publish | rt: 9ms | status: success | requestIp: null | dataId: resource_config_MEMORY__md.json | group: agentspec__enc.73616c65732d706970656c696e652d616e616c797374__enc.302e302e31 | tenant: public | md5: 135344b0a26d0aae9c3b332fa52011d0
2026-10-02 12:00:55,186|opType: publish | rt: 5ms | status: success | requestIp: null | dataId: manifest.json | group: agentspec__enc.73616c65732d70726f706f73616c2d73747261746567697374__enc.302e302e31 | tenant: public | md5: c5e941437b23dcc9320836d3ae080ca3
2026-10-02 12:00:55,195|opType: publish | rt: 5ms | status: success | requestIp: null | dataId: resource_crons_jobs__json.json | group: agentspec__enc.73616c65732d70726f706f73616c2d73747261746567697374__enc.302e302e31 | tenant: public | md5: 00d786c7c4fb8acab69e0ac6f27f3a1f
2026-10-02 12:00:55,218|opType: publish | rt: 6ms | status: success | requestIp: null | dataId: resource_config_IDENTITY__md.json | group: agentspec__enc.73616c65732d70726f706f73616c2d73747261746567697374__enc.302e302e31 | tenant: public | md5: f9d88608ad79c218b12422b58e54a69b
2026-10-02 12:00:55,233|opType: publish | rt: 8ms | status: success | requestIp: null | dataId: resource_tool-analysis_tool-analysis__json.json | group: agentspec__enc.73616c65732d70726f706f73616c2d73747261746567697374__enc.302e302e31 | tenant: public | md5: edd85f9a3a248782b83b3dc956ac0327
2026-10-02 12:00:55,245|opType: publish | rt: 10ms | status: success | requestIp: null | dataId: SKILL.md | group: skill_enc.61692d736f6369616c2d6d656469612d636f6e74656e74__enc.302e302e31 | tenant: public | md5: 7085078e0a9219a102f6f3115cab547c
2026-10-02 12:00:55,247|opType: publish | rt: 9ms | status: success | requestIp: null | dataId: resource_config_AGENTS__md.json | group: agentspec__enc.73616c65732d70726f706f73616c2d73747261746567697374__enc.302e302e31 | tenant: public | md5: f27387522b9c16687bca1cf8149116e3
2026-10-02 12:00:55,258|opType: publish | rt: 9ms | status: success | requestIp: null | dataId: resource_config_SOUL__md.json | group: agentspec__enc.73616c65732d70726f706f73616c2d73747261746567697374__enc.302e302e31 | tenant: public | md5: e98174d1f4345a95f109caa691baba84
2026-10-02 12:00:55,260|opType: publish | rt: 9ms | status: success | requestIp: null | dataId: SKILL.md | group: skill_enc.61692d766964656f2d67656e65726174696f6e__enc.302e302e31 | tenant: public | md5: 130b1f9aec7284d7cb3708eab36793a6
2026-10-02 12:00:55,268|opType: publish | rt: 10ms | status: success | requestIp: null | dataId: resource_config_MEMORY__md.json | group: agentspec__enc.73616c65732d70726f706f73616c2d73747261746567697374__enc.302e302e31 | tenant: public | md5: a445aaccaf2368bad3554ead285e44be
2026-10-02 12:00:55,284|opType: publish | rt: 14ms | status: success | requestIp: null | dataId: manifest.json | group: agentspec__enc.7370656369616c697a65642d61692d706f6c6963792d777269746572__enc.302e302e31 | tenant: public | md5: ca4ed8f4804118c66d169cf4e92ccdca
2026-10-02 12:00:55,286|opType: publish | rt: 11ms | status: success | requestIp: null | dataId: skill_index.json | group: skill_ai-product-photography | tenant: public | md5: a954ba25a6022882637d1312aa486859
2026-10-02 12:00:55,295|opType: publish | rt: 11ms | status: success | requestIp: null | dataId: resource_crons_jobs__json.json | group: agentspec__enc.7370656369616c697a65642d61692d706f6c6963792d777269746572__enc.302e302e31 | tenant: public | md5: 932ce0839fb81496d3f7358eb4790ba4
2026-10-02 12:00:55,300|opType: publish | rt: 11ms | status: success | requestIp: null | dataId: resource_config_IDENTITY__md.json | group: agentspec__enc.7370656369616c697a65642d61692d706f6c6963792d777269746572__enc.302e302e31 | tenant: public | md5: 2db9b923d8df370e548c5489ccc8a39b
2026-10-02 12:00:55,303|opType: publish | rt: 11ms | status: success | requestIp: null | dataId: resource_tool-analysis_tool-analysis__json.json | group: agentspec__enc.7370656369616c697a65642d61692d706f6c6963792d777269746572__enc.302e302e31 | tenant: public | md5: c13a7b179d15077607e7536ddebc5119
2026-10-02 12:00:55,306|opType: publish | rt: 9ms | status: success | requestIp: null | dataId: resource_config_AGENTS__md.json | group: agentspec__enc.7370656369616c697a65642d61692d706f6c6963792d777269746572__enc.302e302e31 | tenant: public | md5: c715ea4bdee26b074cb5c4e97a04a8d5
2026-10-02 12:00:55,321|opType: publish | rt: 6ms | status: success | requestIp: null | dataId: resource_config_SOUL__md.json | group: agentspec__enc.7370656369616c697a65642d61692d706f6c6963792d777269746572__enc.302e302e31 | tenant: public | md5: 6bb76949bd453c5399463eb72f9487ad
2026-10-02 12:00:55,333|opType: publish | rt: 8ms | status: success | requestIp: null | dataId: resource_config_MEMORY__md.json | group: agentspec__enc.7370656369616c697a65642d61692d706f6c6963792d777269746572__enc.302e302e31 | tenant: public | md5: 8383c0c9e6629cd414ede04fd4560d8a
2026-10-02 12:00:55,361|opType: publish | rt: 19ms | status: success | requestIp: null | dataId: manifest.json | group: agentspec__enc.7370656369616c697a65642d63756c747572616c2d696e74656c6c6967656e63652d73747261746567697374__enc.302e302e31 | tenant: public | md5: 9c12ec8080d91f15f30c4843a0848d6a
2026-10-02 12:00:55,363|opType: publish | rt: 18ms | status: success | requestIp: null | dataId: resource_crons_jobs__json.json | group: agentspec__enc.7370656369616c697a65642d63756c747572616c2d696e74656c6c6967656e63652d73747261746567697374__enc.302e302e31 | tenant: public | md5: 1dcf22ca0d2d75c3d82f1a0ef1b52307
2026-10-02 12:00:55,369|opType: publish | rt: 19ms | status: success | requestIp: null | dataId: resource_config_IDENTITY__md.json | group: agentspec__enc.7370656369616c697a65642d63756c747572616c2d696e74656c6c6967656e63652d73747261746567697374__enc.302e302e31 | tenant: public | md5: 42416cb5c747af4230629285b0bee545
2026-10-02 12:00:55,377|opType: publish | rt: 11ms | status: success | requestIp: null | dataId: resource_tool-analysis_tool-analysis__json.json | group: agentspec__enc.7370656369616c697a65642d63756c747572616c2d696e74656c6c6967656e63652d73747261746567697374__enc.302e302e31 | tenant: public | md5: 76cd40d2c6a9a66f7bc0322311020206
2026-10-02 12:00:55,384|opType: publish | rt: 13ms | status: success | requestIp: null | dataId: resource_config_SOUL__md.json | group: agentspec__enc.7370656369616c697a65642d63756c747572616c2d696e74656c6c6967656e63652d73747261746567697374__enc.302e302e31 | tenant: public | md5: b03a1298091729f9c405e6a3c36e36bd
2026-10-02 12:00:55,426|opType: publish | rt: 49ms | status: success | requestIp: null | dataId: resource_config_AGENTS__md.json | group: agentspec__enc.7370656369616c697a65642d63756c747572616c2d696e74656c6c6967656e63652d73747261746567697374__enc.302e302e31 | tenant: public | md5: 18a3127c22cc7c3f71cf48f7a6878dbc
2026-10-02 12:00:55,461|opType: publish | rt: 78ms | status: success | requestIp: null | dataId: resource_config_MEMORY__md.json | group: agentspec__enc.7370656369616c697a65642d63756c747572616c2d696e74656c6c6967656e63652d73747261746567697374__enc.302e302e31 | tenant: public | md5: 90167e5f9be677cd20363207fffb75c9
2026-10-02 12:00:55,505|opType: publish | rt: 41ms | status: success | requestIp: null | dataId: skill_index.json | group: skill_ai-rag-pipeline | tenant: public | md5: a954ba25a6022882637d1312aa486859
2026-10-02 12:00:55,542|opType: publish | rt: 43ms | status: success | requestIp: null | dataId: manifest.json | group: agentspec__enc.7370656369616c697a65642d646576656c6f7065722d6164766f63617465__enc.302e302e31 | tenant: public | md5: e09ebcf351f5dc40b89f752491054cef
2026-10-02 12:00:55,578|opType: publish | rt: 73ms | status: success | requestIp: null | dataId: resource_config_IDENTITY__md.json | group: agentspec__enc.7370656369616c697a65642d646576656c6f7065722d6164766f63617465__enc.302e302e31 | tenant: public | md5: b4c5abdc635b5791f744a5cc9472b145
2026-10-02 12:00:55,614|opType: publish | rt: 71ms | status: success | requestIp: null | dataId: resource_crons_jobs__json.json | group: agentspec__enc.7370656369616c697a65642d646576656c6f7065722d6164766f63617465__enc.302e302e31 | tenant: public | md5: dde91f0cc53464e978255f2e0d07b397
2026-10-02 12:00:55,619|opType: publish | rt: 41ms | status: success | requestIp: null | dataId: resource_tool-analysis_tool-analysis__json.json | group: agentspec__enc.7370656369616c697a65642d646576656c6f7065722d6164766f63617465__enc.302e302e31 | tenant: public | md5: ed7afb14b25d11dcdb51d7acc22d5044
2026-10-02 12:00:55,739|opType: publish | rt: 120ms | status: success | requestIp: null | dataId: resource_config_SOUL__md.json | group: agentspec__enc.7370656369616c697a65642d646576656c6f7065722d6164766f63617465__enc.302e302e31 | tenant: public | md5: 5be68aaf9d2d0335e478e8b3914eabd4
2026-10-02 12:00:55,739|opType: publish | rt: 125ms | status: success | requestIp: null | dataId: resource_config_AGENTS__md.json | group: agentspec__enc.7370656369616c697a65642d646576656c6f7065722d6164766f63617465__enc.302e302e31 | tenant: public | md5: 65f25e79fd8945140749f8cd0f5b5511
2026-10-02 12:00:55,742|opType: publish | rt: 119ms | status: success | requestIp: null | dataId: resource_config_MEMORY__md.json | group: agentspec__enc.7370656369616c697a65642d646576656c6f7065722d6164766f63617465__enc.302e302e31 | tenant: public | md5: 1a7e2507adb022b468955d22332a3114
2026-10-02 12:00:55,746|opType: publish | rt: 7ms | status: success | requestIp: null | dataId: SKILL.md | group: skill_enc.61692d766f6963652d636c6f6e696e67__enc.302e302e31 | tenant: public | md5: fca58e4a23e743991f2752841f1e77c5
2026-10-02 12:00:55,782|opType: publish | rt: 40ms | status: success | requestIp: null | dataId: skill_index.json | group: skill_ai-video-generation | tenant: public | md5: a954ba25a6022882637d1312aa486859
2026-10-02 12:00:55,817|opType: publish | rt: 71ms | status: success | requestIp: null | dataId: resource_config_MEMORY__md.json | group: agentspec__enc.7370656369616c697a65642d646f63756d656e742d67656e657261746f72__enc.302e302e31 | tenant: public | md5: b417086d347a1f801df4e4f4c81cf4c6
2026-10-02 12:00:55,852|opType: publish | rt: 71ms | status: success | requestIp: null | dataId: manifest.json | group: agentspec__enc.7370656369616c697a65642d646f63756d656e742d67656e657261746f72__enc.302e302e31 | tenant: public | md5: 6f3d2833df6bb06160912a11e005b923
2026-10-02 12:00:55,857|opType: publish | rt: 41ms | status: success | requestIp: null | dataId: skill_index.json | group: skill_ai-social-media-content | tenant: public | md5: a954ba25a6022882637d1312aa486859
2026-10-02 12:00:55,867|opType: publish | rt: 16ms | status: success | requestIp: null | dataId: resource_config_IDENTITY__md.json | group: agentspec__enc.7370656369616c697a65642d646f63756d656e742d67656e657261746f72__enc.302e302e31 | tenant: public | md5: 6c14f5329855db29f5632403c4de4f5b
2026-10-02 12:00:55,903|opType: publish | rt: 46ms | status: success | requestIp: null | dataId: resource_tool-analysis_tool-analysis__json.json | group: agentspec__enc.7370656369616c697a65642d646f63756d656e742d67656e657261746f72__enc.302e302e31 | tenant: public | md5: 1e79ec092576863dfcf1aec76f4c1a0e
2026-10-02 12:00:55,907|opType: publish | rt: 40ms | status: success | requestIp: null | dataId: resource_config_AGENTS__md.json | group: agentspec__enc.7370656369616c697a65642d646f63756d656e742d67656e657261746f72__enc.302e302e31 | tenant: public | md5: 312bcb96cc4bce23775e946417d6845a
2026-10-02 12:00:55,912|opType: publish | rt: 9ms | status: success | requestIp: null | dataId: resource_crons_jobs__json.json | group: agentspec__enc.7370656369616c697a65642d646f63756d656e742d67656e657261746f72__enc.302e302e31 | tenant: public | md5: b9b191d5e14a5de269246d4ad72a00c2
2026-10-02 12:00:55,918|opType: publish | rt: 11ms | status: success | requestIp: null | dataId: manifest.json | group: agentspec__enc.7370656369616c697a65642d6672656e63682d636f6e73756c74696e672d6d61726b6574__enc.302e302e31 | tenant: public | md5: e2bed70eebf50f94759b123b3f7631dc
2026-10-02 12:00:55,922|opType: publish | rt: 10ms | status: success | requestIp: null | dataId: resource_crons_jobs__json.json | group: agentspec__enc.7370656369616c697a65642d6672656e63682d636f6e73756c74696e672d6d61726b6574__enc.302e302e31 | tenant: public | md5: e9a56ea085e2c98e4e759ea99869d204
2026-10-02 12:00:55,957|opType: publish | rt: 40ms | status: success | requestIp: null | dataId: resource_config_IDENTITY__md.json | group: agentspec__enc.7370656369616c697a65642d6672656e63682d636f6e73756c74696e672d6d61726b6574__enc.302e302e31 | tenant: public | md5: dec5c87f67a29708db180d63dc0e8ab8
2026-10-02 12:00:55,992|opType: publish | rt: 70ms | status: success | requestIp: null | dataId: resource_tool-analysis_tool-analysis__json.json | group: agentspec__enc.7370656369616c697a65642d6672656e63682d636f6e73756c74696e672d6d61726b6574__enc.302e302e31 | tenant: public | md5: e41c90a39dd464bc79aab272016fb422
2026-10-02 12:00:55,997|opType: publish | rt: 40ms | status: success | requestIp: null | dataId: resource_config_SOUL__md.json | group: agentspec__enc.7370656369616c697a65642d646f63756d656e742d67656e657261746f72__enc.302e302e31 | tenant: public | md5: 8c8d2d420a63e9d829ea049a783c30e5
2026-10-02 12:00:56,001|opType: publish | rt: 9ms | status: success | requestIp: null | dataId: resource_config_AGENTS__md.json | group: agentspec__enc.7370656369616c697a65642d6672656e63682d636f6e73756c74696e672d6d61726b6574__enc.302e302e31 | tenant: public | md5: 376fb8f0e40af5aaba50d619735f208f
2026-10-02 12:00:56,006|opType: publish | rt: 9ms | status: success | requestIp: null | dataId: resource_config_SOUL__md.json | group: agentspec__enc.7370656369616c697a65642d6672656e63682d636f6e73756c74696e672d6d61726b6574__enc.302e302e31 | tenant: public | md5: 0be6e72bebb6d44f574f32f102975b5e
2026-10-02 12:00:56,010|opType: publish | rt: 9ms | status: success | requestIp: null | dataId: resource_crons_jobs__json.json | group: agentspec__enc.7370656369616c697a65642d6b6f7265616e2d627573696e6573732d6e6176696761746f72__enc.302e302e31 | tenant: public | md5: ffa681b5c4ccf3dbdb200a4808330255
2026-10-02 12:00:56,015|opType: publish | rt: 9ms | status: success | requestIp: null | dataId: resource_config_MEMORY__md.json | group: agentspec__enc.7370656369616c697a65642d6672656e63682d636f6e73756c74696e672d6d61726b6574__enc.302e302e31 | tenant: public | md5: 39158c0f743d48a2ed287aed098fedab
2026-10-02 12:00:56,050|opType: publish | rt: 40ms | status: success | requestIp: null | dataId: manifest.json | group: agentspec__enc.7370656369616c697a65642d6b6f7265616e2d627573696e6573732d6e6176696761746f72__enc.302e302e31 | tenant: public | md5: dba3b13f236209a23ef744947213f25a
2026-10-02 12:00:56,054|opType: publish | rt: 39ms | status: success | requestIp: null | dataId: SKILL.md | group: skill_enc.6170702d73746f72652d73637265656e73686f7473__enc.302e302e31 | tenant: public | md5: ae759c1bdb5340a3f07559f01c3437db
2026-10-02 12:00:56,059|opType: publish | rt: 9ms | status: success | requestIp: null | dataId: resource_config_IDENTITY__md.json | group: agentspec__enc.7370656369616c697a65642d6b6f7265616e2d627573696e6573732d6e6176696761746f72__enc.302e302e31 | tenant: public | md5: 26d2b649de8e93632c29323b50fc504d
2026-10-02 12:00:56,064|opType: publish | rt: 10ms | status: success | requestIp: null | dataId: resource_config_AGENTS__md.json | group: agentspec__enc.7370656369616c697a65642d6b6f7265616e2d627573696e6573732d6e6176696761746f72__enc.302e302e31 | tenant: public | md5: 1baa283e4f9cf37ed7638c7283795ddb
2026-10-02 12:00:56,099|opType: publish | rt: 40ms | status: success | requestIp: null | dataId: resource_tool-analysis_tool-analysis__json.json | group: agentspec__enc.7370656369616c697a65642d6b6f7265616e2d627573696e6573732d6e6176696761746f72__enc.302e302e31 | tenant: public | md5: bdb8404e77ebc477ae2379fadf5ce3ed
2026-10-02 12:00:56,134|opType: publish | rt: 70ms | status: success | requestIp: null | dataId: resource_config_MEMORY__md.json | group: agentspec__enc.7370656369616c697a65642d6b6f7265616e2d627573696e6573732d6e6176696761746f72__enc.302e302e31 | tenant: public | md5: cf922713afacc931e83c7aa05e17614a
2026-10-02 12:00:56,139|opType: publish | rt: 41ms | status: success | requestIp: null | dataId: resource_config_SOUL__md.json | group: agentspec__enc.7370656369616c697a65642d6b6f7265616e2d627573696e6573732d6e6176696761746f72__enc.302e302e31 | tenant: public | md5: 790c20a311c55ca293a92477cff60b76
2026-10-02 12:00:56,174|opType: publish | rt: 40ms | status: success | requestIp: null | dataId: SKILL.md | group: skill_enc.6261636b67726f756e642d72656d6f76616c__enc.302e302e31 | tenant: public | md5: cabf829df8ea89bc8b55dd9ec52e0848
2026-10-02 12:00:56,209|opType: publish | rt: 71ms | status: success | requestIp: null | dataId: skill_index.json | group: skill_ai-voice-cloning | tenant: public | md5: a954ba25a6022882637d1312aa486859
2026-10-02 12:00:56,244|opType: publish | rt: 70ms | status: success | requestIp: null | dataId: manifest.json | group: agentspec__enc.7370656369616c697a65642d6d63702d6275696c646572__enc.302e302e31 | tenant: public | md5: 21280409c44626a7668aec1e5cad8d5b
2026-10-02 12:00:56,249|opType: publish | rt: 40ms | status: success | requestIp: null | dataId: resource_crons_jobs__json.json | group: agentspec__enc.7370656369616c697a65642d6d63702d6275696c646572__enc.302e302e31 | tenant: public | md5: 9ad6943a3150612e389278e80ddcd07f
2026-10-02 12:00:56,284|opType: publish | rt: 40ms | status: success | requestIp: null | dataId: resource_config_IDENTITY__md.json | group: agentspec__enc.7370656369616c697a65642d6d63702d6275696c646572__enc.302e302e31 | tenant: public | md5: 4bd7684e41ebc8ee1f0bafac897476a2
2026-10-02 12:00:56,319|opType: publish | rt: 70ms | status: success | requestIp: null | dataId: SKILL.md | group: skill_enc.626f6f6b2d636f7665722d64657369676e__enc.302e302e31 | tenant: public | md5: dacc863f66cfdd3d853bf62e736a7746
2026-10-02 12:00:56,354|opType: publish | rt: 71ms | status: success | requestIp: null | dataId: resource_tool-analysis_tool-analysis__json.json | group: agentspec__enc.7370656369616c697a65642d6d63702d6275696c646572__enc.302e302e31 | tenant: public | md5: 7f6847ed22b02998adb062c56f40ccde
2026-10-02 12:00:56,359|opType: publish | rt: 40ms | status: success | requestIp: null | dataId: resource_config_SOUL__md.json | group: agentspec__enc.7370656369616c697a65642d6d63702d6275696c646572__enc.302e302e31 | tenant: public | md5: 4da1eeee166ba511884e045274c435f2
2026-10-02 12:00:56,395|opType: publish | rt: 41ms | status: success | requestIp: null | dataId: resource_config_AGENTS__md.json | group: agentspec__enc.7370656369616c697a65642d6d63702d6275696c646572__enc.302e302e31 | tenant: public | md5: 883c35ddf90ed536783992122ad47a55
2026-10-02 12:00:56,429|opType: publish | rt: 70ms | status: success | requestIp: null | dataId: resource_config_MEMORY__md.json | group: agentspec__enc.7370656369616c697a65642d6d63702d6275696c646572__enc.302e302e31 | tenant: public | md5: 42052fcc03e5aca36245cc104336a3e3
2026-10-02 12:00:56,611|opType: publish | rt: 220ms | status: success | requestIp: null | dataId: manifest.json | group: agentspec__enc.7370656369616c697a65642d6d656574696e672d617373697374616e74__enc.302e302e31 | tenant: public | md5: f0b014a1ade83e175885545eda6bc538
2026-10-02 12:00:56,685|opType: publish | rt: 258ms | status: success | requestIp: null | dataId: resource_config_MEMORY__md.json | group: agentspec__enc.7370656369616c697a65642d6d656574696e672d617373697374616e74__enc.302e302e31 | tenant: public | md5: c177e7e08445d32e733a0e644ed69b71
2026-10-02 12:00:56,694|opType: publish | rt: 34ms | status: success | requestIp: null | dataId: resource_tool-analysis_tool-analysis__json.json | group: agentspec__enc.7370656369616c697a65642d6d6f64656c2d7161__enc.302e302e31 | tenant: public | md5: 88ead5e30e4178a042bf3c7e388ddf4a
2026-10-02 12:00:56,699|opType: publish | rt: 163ms | status: success | requestIp: null | dataId: resource_config_AGENTS__md.json | group: agentspec__enc.7370656369616c697a65642d6d656574696e672d617373697374616e74__enc.302e302e31 | tenant: public | md5: 2fab7803ec082bce4a3e3045e8687469
2026-10-02 12:00:56,699|opType: publish | rt: 30ms | status: success | requestIp: null | dataId: resource_config_MEMORY__md.json | group: agentspec__enc.7370656369616c697a65642d6d6f64656c2d7161__enc.302e302e31 | tenant: public | md5: bf78d737b02f12d49ae52594d68947b5
2026-10-02 12:00:56,699|opType: publish | rt: 48ms | status: success | requestIp: null | dataId: resource_crons_jobs__json.json | group: agentspec__enc.7370656369616c697a65642d6d6f64656c2d7161__enc.302e302e31 | tenant: public | md5: 4ce8c027bda9fc79c27b55b864c25822
2026-10-02 12:00:56,700|opType: publish | rt: 124ms | status: success | requestIp: null | dataId: resource_crons_jobs__json.json | group: agentspec__enc.7370656369616c697a65642d6d656574696e672d617373697374616e74__enc.302e302e31 | tenant: public | md5: 77ac86ff084a3a67797be0ecba1cfbfe
2026-10-02 12:00:56,700|opType: publish | rt: 89ms | status: success | requestIp: null | dataId: manifest.json | group: agentspec__enc.7370656369616c697a65642d6d6f64656c2d7161__enc.302e302e31 | tenant: public | md5: b1108420d79a027e6b60ae7131622b9e
2026-10-02 12:00:56,700|opType: publish | rt: 233ms | status: success | requestIp: null | dataId: resource_config_IDENTITY__md.json | group: agentspec__enc.7370656369616c697a65642d6d656574696e672d617373697374616e74__enc.302e302e31 | tenant: public | md5: 390be6a55e8d8b10d7bf49c374a65f15
2026-10-02 12:00:56,705|opType: publish | rt: 59ms | status: success | requestIp: null | dataId: resource_config_IDENTITY__md.json | group: agentspec__enc.7370656369616c697a65642d6d6f64656c2d7161__enc.302e302e31 | tenant: public | md5: db5d5f340541a629fe2a3663e6b03c80
2026-10-02 12:00:56,705|opType: publish | rt: 204ms | status: success | requestIp: null | dataId: resource_tool-analysis_tool-analysis__json.json | group: agentspec__enc.7370656369616c697a65642d6d656574696e672d617373697374616e74__enc.302e302e31 | tenant: public | md5: 8c319b44470e03dde55e4af1b6fd831c
2026-10-02 12:00:56,705|opType: publish | rt: 164ms | status: success | requestIp: null | dataId: resource_config_SOUL__md.json | group: agentspec__enc.7370656369616c697a65642d6d656574696e672d617373697374616e74__enc.302e302e31 | tenant: public | md5: 740bdf81563c0fafa1c8cd2d743f8564
2026-10-02 12:00:56,705|opType: publish | rt: 40ms | status: success | requestIp: null | dataId: resource_config_SOUL__md.json | group: agentspec__enc.7370656369616c697a65642d6d6f64656c2d7161__enc.302e302e31 | tenant: public | md5: ed610c26fbbe3b691e90ec536fdb475a
2026-10-02 12:00:56,715|opType: publish | rt: 35ms | status: success | requestIp: null | dataId: skill_index.json | group: skill_app-store-screenshots | tenant: public | md5: a954ba25a6022882637d1312aa486859
2026-10-02 12:00:56,715|opType: publish | rt: 60ms | status: success | requestIp: null | dataId: resource_config_AGENTS__md.json | group: agentspec__enc.7370656369616c697a65642d6d6f64656c2d7161__enc.302e302e31 | tenant: public | md5: 94d2575a2985590a9771a2a6d1d51df2
2026-10-02 12:00:56,722|opType: publish | rt: 47ms | status: success | requestIp: null | dataId: manifest.json | group: agentspec__enc.7370656369616c697a65642d70726963696e672d6f7074696d697a6572__enc.302e302e31 | tenant: public | md5: 25c95b17ee0f62f86bb11ef4e099c34f
2026-10-02 12:00:56,722|opType: publish | rt: 28ms | status: success | requestIp: null | dataId: enc.7265666572656e6365732f636c692e6d64 | group: skill_enc.6275696c64696e672d696e666572656e636573682d61707073__enc.302e302e31 | tenant: public | md5: a2904733fdd07ac89c7eacc627c0b324
2026-10-02 12:00:56,722|opType: publish | rt: 37ms | status: success | requestIp: null | dataId: SKILL.md | group: skill_enc.6275696c64696e672d696e666572656e636573682d61707073__enc.302e302e31 | tenant: public | md5: 18e9a3ef1df1c57467630b23917b9f8e
2026-10-02 12:00:56,722|opType: publish | rt: 33ms | status: success | requestIp: null | dataId: enc.7265666572656e6365732f6e6f64652d736563726574732d6f617574682e6d64 | group: skill_enc.6275696c64696e672d696e666572656e636573682d61707073__enc.302e302e31 | tenant: public | md5: 1b736e65eca833601cc0fae9ae685cb5
2026-10-02 12:00:56,724|opType: publish | rt: 20ms | status: success | requestIp: null | dataId: enc.7265666572656e6365732f707974686f6e2d736563726574732d6f617574682e6d64 | group: skill_enc.6275696c64696e672d696e666572656e636573682d61707073__enc.302e302e31 | tenant: public | md5: 0ceb8db6e5a731fac1f820a6610bfaa5
2026-10-02 12:00:56,727|opType: publish | rt: 15ms | status: success | requestIp: null | dataId: enc.7265666572656e6365732f707974686f6e2d747261636b696e672e6d64 | group: skill_enc.6275696c64696e672d696e666572656e636573682d61707073__enc.302e302e31 | tenant: public | md5: eac714732daf814f073e305e33df37f6
2026-10-02 12:00:56,727|opType: publish | rt: 28ms | status: success | requestIp: null | dataId: enc.7265666572656e6365732f6e6f64652d7061747465726e732e6d64 | group: skill_enc.6275696c64696e672d696e666572656e636573682d61707073__enc.302e302e31 | tenant: public | md5: 1571e0654eede1bccb1ba7fd23932ce8
2026-10-02 12:00:56,732|opType: publish | rt: 13ms | status: success | requestIp: null | dataId: enc.7265666572656e6365732f6e6f64652d6170702d6c6f6769632e6d64 | group: skill_enc.6275696c64696e672d696e666572656e636573682d61707073__enc.302e302e31 | tenant: public | md5: 3abb30dfa78590d4b1c874d22f4ad792
2026-10-02 12:00:56,734|opType: publish | rt: 10ms | status: success | requestIp: null | dataId: enc.7265666572656e6365732f707974686f6e2d7061747465726e732e6d64 | group: skill_enc.6275696c64696e672d696e666572656e636573682d61707073__enc.302e302e31 | tenant: public | md5: 9466427e48aff023f939ce045e1759ad
2026-10-02 12:00:56,739|opType: publish | rt: 10ms | status: success | requestIp: null | dataId: enc.7265666572656e6365732f6e6f64652d747261636b696e672e6d64 | group: skill_enc.6275696c64696e672d696e666572656e636573682d61707073__enc.302e302e31 | tenant: public | md5: bfa162c1a88f7652b6764b9a03de2747
2026-10-02 12:00:56,744|opType: publish | rt: 10ms | status: success | requestIp: null | dataId: resource_config_AGENTS__md.json | group: agentspec__enc.7370656369616c697a65642d70726963696e672d6f7074696d697a6572__enc.302e302e31 | tenant: public | md5: 6dedd9034b58ff2d653008f7470428be
2026-10-02 12:00:56,746|opType: publish | rt: 10ms | status: success | requestIp: null | dataId: enc.7265666572656e6365732f707974686f6e2d6170702d6c6f6769632e6d64 | group: skill_enc.6275696c64696e672d696e666572656e636573682d61707073__enc.302e302e31 | tenant: public | md5: 8af71a4ff2aef7382e453c8433c36781
2026-10-02 12:00:56,751|opType: publish | rt: 10ms | status: success | requestIp: null | dataId: resource_crons_jobs__json.json | group: agentspec__enc.7370656369616c697a65642d70726963696e672d6f7074696d697a6572__enc.302e302e31 | tenant: public | md5: a8cf40207fb57cfd94619c5250a10adf
2026-10-02 12:00:56,755|opType: publish | rt: 9ms | status: success | requestIp: null | dataId: resource_config_SOUL__md.json | group: agentspec__enc.7370656369616c697a65642d70726963696e672d6f7074696d697a6572__enc.302e302e31 | tenant: public | md5: 880881643ed8b2649f75b6dcd6994b36
2026-10-02 12:00:56,761|opType: publish | rt: 10ms | status: success | requestIp: null | dataId: skill_index.json | group: skill_background-removal | tenant: public | md5: a954ba25a6022882637d1312aa486859
2026-10-02 12:00:56,765|opType: publish | rt: 10ms | status: success | requestIp: null | dataId: resource_config_MEMORY__md.json | group: agentspec__enc.7370656369616c697a65642d70726963696e672d6f7074696d697a6572__enc.302e302e31 | tenant: public | md5: ed90b1bd906537598f56ed6bb0da7039
2026-10-02 12:00:56,769|opType: publish | rt: 8ms | status: success | requestIp: null | dataId: resource_config_IDENTITY__md.json | group: agentspec__enc.7370656369616c697a65642d70726963696e672d6f7074696d697a6572__enc.302e302e31 | tenant: public | md5: 260e285db6094b3540dac64e49764498
2026-10-02 12:00:56,773|opType: publish | rt: 8ms | status: success | requestIp: null | dataId: resource_tool-analysis_tool-analysis__json.json | group: agentspec__enc.7370656369616c697a65642d70726963696e672d6f7074696d697a6572__enc.302e302e31 | tenant: public | md5: 70a60d23dffad32b718e1e4a7fd549da
2026-10-02 12:00:56,778|opType: publish | rt: 9ms | status: success | requestIp: null | dataId: manifest.json | group: agentspec__enc.7370656369616c697a65642d7269736b2d6173736573736f72__enc.302e302e31 | tenant: public | md5: 22c73a2580abe9770752a54ad3722138
2026-10-02 12:00:56,780|opType: publish | rt: 9ms | status: success | requestIp: null | dataId: skill_index.json | group: skill_book-cover-design | tenant: public | md5: a954ba25a6022882637d1312aa486859
2026-10-02 12:00:56,849|opType: publish | rt: 6ms | status: success | requestIp: null | dataId: resource_crons_jobs__json.json | group: agentspec__enc.7370656369616c697a65642d7269736b2d6173736573736f72__enc.302e302e31 | tenant: public | md5: 31e5fbf376f9f4d2b91afbdb4674578d
2026-10-02 12:00:56,924|opType: publish | rt: 10ms | status: success | requestIp: null | dataId: resource_config_IDENTITY__md.json | group: agentspec__enc.7370656369616c697a65642d7269736b2d6173736573736f72__enc.302e302e31 | tenant: public | md5: 38a6df0f6ef8465f5be0affd0fd6a2f3
2026-10-02 12:00:56,929|opType: publish | rt: 10ms | status: success | requestIp: null | dataId: resource_tool-analysis_tool-analysis__json.json | group: agentspec__enc.7370656369616c697a65642d7269736b2d6173736573736f72__enc.302e302e31 | tenant: public | md5: 780b34c6dbf16d236d9712e6ca677924
2026-10-02 12:00:56,934|opType: publish | rt: 10ms | status: success | requestIp: null | dataId: resource_config_AGENTS__md.json | group: agentspec__enc.7370656369616c697a65642d7269736b2d6173736573736f72__enc.302e302e31 | tenant: public | md5: 62a4d38d711dcdd329477e8fe971053e
2026-10-02 12:00:56,939|opType: publish | rt: 10ms | status: success | requestIp: null | dataId: resource_config_SOUL__md.json | group: agentspec__enc.7370656369616c697a65642d7269736b2d6173736573736f72__enc.302e302e31 | tenant: public | md5: 4a3c71918f7af91354abf24f9db17f12
2026-10-02 12:00:56,947|opType: publish | rt: 13ms | status: success | requestIp: null | dataId: resource_config_MEMORY__md.json | group: agentspec__enc.7370656369616c697a65642d7269736b2d6173736573736f72__enc.302e302e31 | tenant: public | md5: ef160125fa9dc7ca2b51961ddc9ae1ad
2026-10-02 12:00:56,952|opType: publish | rt: 13ms | status: success | requestIp: null | dataId: SKILL.md | group: skill_enc.636173652d73747564792d77726974696e67__enc.302e302e31 | tenant: public | md5: c1c55849383689b1614dc3c7e5017cb9
2026-10-02 12:00:56,957|opType: publish | rt: 10ms | status: success | requestIp: null | dataId: manifest.json | group: agentspec__enc.7370656369616c697a65642d73616c6573666f7263652d617263686974656374__enc.302e302e31 | tenant: public | md5: 57f6d31d9f22a025980559be8ff5c7a5
2026-10-02 12:00:56,961|opType: publish | rt: 9ms | status: success | requestIp: null | dataId: resource_config_SOUL__md.json | group: agentspec__enc.7370656369616c697a65642d73616c6573666f7263652d617263686974656374__enc.302e302e31 | tenant: public | md5: f9caf570d8d03d23f9839d3830f231c5
2026-10-02 12:00:56,966|opType: publish | rt: 10ms | status: success | requestIp: null | dataId: resource_crons_jobs__json.json | group: agentspec__enc.7370656369616c697a65642d73616c6573666f7263652d617263686974656374__enc.302e302e31 | tenant: public | md5: 3906ee4ed25f9140b399d63351fce478
2026-10-02 12:00:56,971|opType: publish | rt: 10ms | status: success | requestIp: null | dataId: resource_config_IDENTITY__md.json | group: agentspec__enc.7370656369616c697a65642d73616c6573666f7263652d617263686974656374__enc.302e302e31 | tenant: public | md5: 561ab78b78a701e776cd7a221b3969ec
2026-10-02 12:00:56,978|opType: publish | rt: 12ms | status: success | requestIp: null | dataId: resource_config_AGENTS__md.json | group: agentspec__enc.7370656369616c697a65642d73616c6573666f7263652d617263686974656374__enc.302e302e31 | tenant: public | md5: 6d08abb98614b4d2e8b9fede809eefb0
2026-10-02 12:00:56,983|opType: publish | rt: 12ms | status: success | requestIp: null | dataId: resource_config_MEMORY__md.json | group: agentspec__enc.7370656369616c697a65642d73616c6573666f7263652d617263686974656374__enc.302e302e31 | tenant: public | md5: b559a32c54701375bde4cf01ce2b1db7
2026-10-02 12:00:56,988|opType: publish | rt: 10ms | status: success | requestIp: null | dataId: resource_tool-analysis_tool-analysis__json.json | group: agentspec__enc.7370656369616c697a65642d73616c6573666f7263652d617263686974656374__enc.302e302e31 | tenant: public | md5: ceff5a27d94f3fe35571146c66f3f785
2026-10-02 12:00:56,993|opType: publish | rt: 10ms | status: success | requestIp: null | dataId: manifest.json | group: agentspec__enc.7370656369616c697a65642d776f726b666c6f772d617263686974656374__enc.302e302e31 | tenant: public | md5: c8a25e36bd9f5b6810169a7fa4ed84f5
2026-10-02 12:00:56,999|opType: publish | rt: 11ms | status: success | requestIp: null | dataId: resource_crons_jobs__json.json | group: agentspec__enc.7370656369616c697a65642d776f726b666c6f772d617263686974656374__enc.302e302e31 | tenant: public | md5: dca696f7930afd5a026f7389373b6f82
2026-10-02 12:00:57,005|opType: publish | rt: 12ms | status: success | requestIp: null | dataId: resource_config_IDENTITY__md.json | group: agentspec__enc.7370656369616c697a65642d776f726b666c6f772d617263686974656374__enc.302e302e31 | tenant: public | md5: 29f89d820f4d47e5fe9096087deb58c2
2026-10-02 12:00:57,011|opType: publish | rt: 12ms | status: success | requestIp: null | dataId: resource_tool-analysis_tool-analysis__json.json | group: agentspec__enc.7370656369616c697a65642d776f726b666c6f772d617263686974656374__enc.302e302e31 | tenant: public | md5: 114c1ed8e927496c4b8d2a05c66e228d
2026-10-02 12:00:57,017|opType: publish | rt: 12ms | status: success | requestIp: null | dataId: resource_config_AGENTS__md.json | group: agentspec__enc.7370656369616c697a65642d776f726b666c6f772d617263686974656374__enc.302e302e31 | tenant: public | md5: 1f8d78a042d2f4c97e46548aedc88bc0
2026-10-02 12:00:57,022|opType: publish | rt: 11ms | status: success | requestIp: null | dataId: skill_index.json | group: skill_building-inferencesh-apps | tenant: public | md5: 218fad1301a66358423f86653ac9cbfb
2026-10-02 12:00:57,027|opType: publish | rt: 10ms | status: success | requestIp: null | dataId: SKILL.md | group: skill_enc.6368617261637465722d64657369676e2d7368656574__enc.302e302e31 | tenant: public | md5: 34271f6819a3907fe6f3124bef236bf7
2026-10-02 12:00:57,032|opType: publish | rt: 10ms | status: success | requestIp: null | dataId: resource_config_SOUL__md.json | group: agentspec__enc.7370656369616c697a65642d776f726b666c6f772d617263686974656374__enc.302e302e31 | tenant: public | md5: 7d9ffb0508148c148bc84fcd0bead2bb
2026-10-02 12:00:57,037|opType: publish | rt: 10ms | status: success | requestIp: null | dataId: resource_config_MEMORY__md.json | group: agentspec__enc.7370656369616c697a65642d776f726b666c6f772d617263686974656374__enc.302e302e31 | tenant: public | md5: fd5bb283e63c61b55f2e5641e5cdcdc6
2026-10-02 12:00:57,041|opType: publish | rt: 9ms | status: success | requestIp: null | dataId: SKILL.md | group: skill_enc.636861742d7569__enc.302e302e31 | tenant: public | md5: afd2cae589c3fb183fcb56a43b11d97c
2026-10-02 12:00:57,046|opType: publish | rt: 10ms | status: success | requestIp: null | dataId: manifest.json | group: agentspec__enc.73747564792d6162726f61642d61647669736f72__enc.302e302e31 | tenant: public | md5: a4d392facd2dfb881699482a00768081
2026-10-02 12:00:57,048|opType: publish | rt: 9ms | status: success | requestIp: null | dataId: resource_crons_jobs__json.json | group: agentspec__enc.73747564792d6162726f61642d61647669736f72__enc.302e302e31 | tenant: public | md5: 8f9c415ea3352ce6dfc14e3f811edad5
2026-10-02 12:00:57,059|opType: publish | rt: 5ms | status: success | requestIp: null | dataId: resource_config_IDENTITY__md.json | group: agentspec__enc.73747564792d6162726f61642d61647669736f72__enc.302e302e31 | tenant: public | md5: c90d16aa1a5e956683494102a446b236
2026-10-02 12:00:57,166|opType: publish | rt: 16ms | status: success | requestIp: null | dataId: resource_tool-analysis_tool-analysis__json.json | group: agentspec__enc.73747564792d6162726f61642d61647669736f72__enc.302e302e31 | tenant: public | md5: bb4fd944e111f64f1d347f72fef7618d
2026-10-02 12:00:57,191|opType: publish | rt: 36ms | status: success | requestIp: null | dataId: resource_config_AGENTS__md.json | group: agentspec__enc.73747564792d6162726f61642d61647669736f72__enc.302e302e31 | tenant: public | md5: ccf3ff42259fa611ce0197e92ca44ae9
2026-10-02 12:00:57,195|opType: publish | rt: 29ms | status: success | requestIp: null | dataId: resource_config_SOUL__md.json | group: agentspec__enc.73747564792d6162726f61642d61647669736f72__enc.302e302e31 | tenant: public | md5: eaaeb6d6c42eba7d8fc2b82468b2792d
2026-10-02 12:00:57,200|opType: publish | rt: 9ms | status: success | requestIp: null | dataId: resource_config_MEMORY__md.json | group: agentspec__enc.73747564792d6162726f61642d61647669736f72__enc.302e302e31 | tenant: public | md5: 85354ef88648654497c60bb0cfee6781
2026-10-02 12:00:57,205|opType: publish | rt: 10ms | status: success | requestIp: null | dataId: manifest.json | group: agentspec__enc.737570706c792d636861696e2d696e76656e746f72792d666f7265636173746572__enc.302e302e31 | tenant: public | md5: ff2d2922d10e0a164de4c6a6f3304dc9
2026-10-02 12:00:57,210|opType: publish | rt: 10ms | status: success | requestIp: null | dataId: resource_crons_jobs__json.json | group: agentspec__enc.737570706c792d636861696e2d696e76656e746f72792d666f7265636173746572__enc.302e302e31 | tenant: public | md5: 4db40b0492b073cb97f9557291928be7
2026-10-02 12:00:57,212|opType: publish | rt: 9ms | status: success | requestIp: null | dataId: resource_config_IDENTITY__md.json | group: agentspec__enc.737570706c792d636861696e2d696e76656e746f72792d666f7265636173746572__enc.302e302e31 | tenant: public | md5: 30589efac53d2948e20f1c1c3c73df05
2026-10-02 12:00:57,219|opType: publish | rt: 9ms | status: success | requestIp: null | dataId: resource_tool-analysis_tool-analysis__json.json | group: agentspec__enc.737570706c792d636861696e2d696e76656e746f72792d666f7265636173746572__enc.302e302e31 | tenant: public | md5: a6b20289d6b30ccdedb403336d73fb53
2026-10-02 12:00:57,224|opType: publish | rt: 10ms | status: success | requestIp: null | dataId: skill_index.json | group: skill_case-study-writing | tenant: public | md5: a954ba25a6022882637d1312aa486859
2026-10-02 12:00:57,229|opType: publish | rt: 10ms | status: success | requestIp: null | dataId: resource_config_SOUL__md.json | group: agentspec__enc.737570706c792d636861696e2d696e76656e746f72792d666f7265636173746572__enc.302e302e31 | tenant: public | md5: 80ee5508968fa2e478960ca935a9ce2e
2026-10-02 12:00:57,234|opType: publish | rt: 10ms | status: success | requestIp: null | dataId: resource_config_IDENTITY__md.json | group: agentspec__enc.737570706c792d636861696e2d726f7574652d6f7074696d697a6572__enc.302e302e31 | tenant: public | md5: 33b3629674560a848ad7788a63477dbd
2026-10-02 12:00:57,248|opType: publish | rt: 19ms | status: success | requestIp: null | dataId: resource_config_AGENTS__md.json | group: agentspec__enc.737570706c792d636861696e2d696e76656e746f72792d666f7265636173746572__enc.302e302e31 | tenant: public | md5: f089dfb3dde63474724ec64475923ed0
2026-10-02 12:00:57,253|opType: publish | rt: 19ms | status: success | requestIp: null | dataId: manifest.json | group: agentspec__enc.737570706c792d636861696e2d726f7574652d6f7074696d697a6572__enc.302e302e31 | tenant: public | md5: 2a3dd887628a7018a7a7e3d27175976a
2026-10-02 12:00:57,258|opType: publish | rt: 10ms | status: success | requestIp: null | dataId: resource_crons_jobs__json.json | group: agentspec__enc.737570706c792d636861696e2d726f7574652d6f7074696d697a6572__enc.302e302e31 | tenant: public | md5: 71b9f6b3dc1dead092c74570f672bf06
2026-10-02 12:00:57,263|opType: publish | rt: 10ms | status: success | requestIp: null | dataId: resource_config_MEMORY__md.json | group: agentspec__enc.737570706c792d636861696e2d696e76656e746f72792d666f7265636173746572__enc.302e302e31 | tenant: public | md5: e65a4fedba3d1ecdb0696c7718ef6002
2026-10-02 12:00:57,267|opType: publish | rt: 9ms | status: success | requestIp: null | dataId: resource_tool-analysis_tool-analysis__json.json | group: agentspec__enc.737570706c792d636861696e2d726f7574652d6f7074696d697a6572__enc.302e302e31 | tenant: public | md5: 668b4e7398bb3973c4c1cf94597da80a
2026-10-02 12:00:57,272|opType: publish | rt: 10ms | status: success | requestIp: null | dataId: resource_config_AGENTS__md.json | group: agentspec__enc.737570706c792d636861696e2d726f7574652d6f7074696d697a6572__enc.302e302e31 | tenant: public | md5: 29ca04219dc0e4b1d0fe8f13822cf144
2026-10-02 12:00:57,277|opType: publish | rt: 10ms | status: success | requestIp: null | dataId: resource_config_SOUL__md.json | group: agentspec__enc.737570706c792d636861696e2d726f7574652d6f7074696d697a6572__enc.302e302e31 | tenant: public | md5: 3e98bd487d83a5f93f736e9daff592a0
2026-10-02 12:00:57,282|opType: publish | rt: 10ms | status: success | requestIp: null | dataId: SKILL.md | group: skill_enc.636f6d70657469746f722d74656172646f776e__enc.302e302e31 | tenant: public | md5: 4d7a889663b5e25ec46fd0a3eed93c65
2026-10-02 12:00:57,288|opType: publish | rt: 11ms | status: success | requestIp: null | dataId: resource_config_MEMORY__md.json | group: agentspec__enc.737570706c792d636861696e2d726f7574652d6f7074696d697a6572__enc.302e302e31 | tenant: public | md5: 7aba7b3cea084d5fc4679e21c8c81296
2026-10-02 12:00:57,293|opType: publish | rt: 12ms | status: success | requestIp: null | dataId: skill_index.json | group: skill_character-design-sheet | tenant: public | md5: a954ba25a6022882637d1312aa486859
2026-10-02 12:00:57,298|opType: publish | rt: 10ms | status: success | requestIp: null | dataId: skill_index.json | group: skill_chat-ui | tenant: public | md5: a954ba25a6022882637d1312aa486859
2026-10-02 12:00:57,305|opType: publish | rt: 12ms | status: success | requestIp: null | dataId: manifest.json | group: agentspec__enc.737570706c792d636861696e2d73747261746567697374__enc.302e302e31 | tenant: public | md5: 22b517c87f1e8e99f06c63ea77de30e4
2026-10-02 12:00:57,310|opType: publish | rt: 12ms | status: success | requestIp: null | dataId: resource_config_IDENTITY__md.json | group: agentspec__enc.737570706c792d636861696e2d73747261746567697374__enc.302e302e31 | tenant: public | md5: b66dd4f62b38b8a223e096f84e077659
2026-10-02 12:00:57,316|opType: publish | rt: 11ms | status: success | requestIp: null | dataId: resource_crons_jobs__json.json | group: agentspec__enc.737570706c792d636861696e2d73747261746567697374__enc.302e302e31 | tenant: public | md5: 8a74a3ddc3dd4750a147b84bbf86e774
2026-10-02 12:00:57,318|opType: publish | rt: 11ms | status: success | requestIp: null | dataId: resource_tool-analysis_tool-analysis__json.json | group: agentspec__enc.737570706c792d636861696e2d73747261746567697374__enc.302e302e31 | tenant: public | md5: 65d4f5fdd6df923572b97e1350d83560
2026-10-02 12:00:57,404|opType: publish | rt: 10ms | status: success | requestIp: null | dataId: resource_config_AGENTS__md.json | group: agentspec__enc.737570706c792d636861696e2d73747261746567697374__enc.302e302e31 | tenant: public | md5: a5714c8a78a37e859fe1df08cb9c62fd
2026-10-02 12:00:57,411|opType: publish | rt: 10ms | status: success | requestIp: null | dataId: resource_config_SOUL__md.json | group: agentspec__enc.737570706c792d636861696e2d73747261746567697374__enc.302e302e31 | tenant: public | md5: 24acfbabcca7804002197f2a66cee43c
2026-10-02 12:00:57,415|opType: publish | rt: 9ms | status: success | requestIp: null | dataId: resource_config_MEMORY__md.json | group: agentspec__enc.737570706c792d636861696e2d73747261746567697374__enc.302e302e31 | tenant: public | md5: ceee32683624c3259e08a4ee303ba2f1
2026-10-02 12:00:57,436|opType: publish | rt: 18ms | status: success | requestIp: null | dataId: manifest.json | group: agentspec__enc.737570706c792d636861696e2d76656e646f722d6576616c7561746f72__enc.302e302e31 | tenant: public | md5: 097d1a027b771d9604b8d6e616b69027
2026-10-02 12:00:57,441|opType: publish | rt: 17ms | status: success | requestIp: null | dataId: resource_crons_jobs__json.json | group: agentspec__enc.737570706c792d636861696e2d76656e646f722d6576616c7561746f72__enc.302e302e31 | tenant: public | md5: 4f63b976dd4ef640e4b74d3776ac97f6
2026-10-02 12:00:57,446|opType: publish | rt: 11ms | status: success | requestIp: null | dataId: resource_config_IDENTITY__md.json | group: agentspec__enc.737570706c792d636861696e2d76656e646f722d6576616c7561746f72__enc.302e302e31 | tenant: public | md5: 3f8eb23a484bc9a2ee0ea0b167719bcc
2026-10-02 12:00:57,451|opType: publish | rt: 10ms | status: success | requestIp: null | dataId: resource_tool-analysis_tool-analysis__json.json | group: agentspec__enc.737570706c792d636861696e2d76656e646f722d6576616c7561746f72__enc.302e302e31 | tenant: public | md5: 29d2aec3734960feb2a236165fcc0c2c
2026-10-02 12:00:57,456|opType: publish | rt: 10ms | status: success | requestIp: null | dataId: resource_config_AGENTS__md.json | group: agentspec__enc.737570706c792d636861696e2d76656e646f722d6576616c7561746f72__enc.302e302e31 | tenant: public | md5: 25a02db66272daa635cfd2c89d5ed9f1
2026-10-02 12:00:57,461|opType: publish | rt: 10ms | status: success | requestIp: null | dataId: SKILL.md | group: skill_enc.636f6e74656e742d7265707572706f73696e67__enc.302e302e31 | tenant: public | md5: 1f07df12a477654c21594a69cb329507
2026-10-02 12:00:57,469|opType: publish | rt: 11ms | status: success | requestIp: null | dataId: resource_config_MEMORY__md.json | group: agentspec__enc.737570706c792d636861696e2d76656e646f722d6576616c7561746f72__enc.302e302e31 | tenant: public | md5: 441f8414cb8ba83b0c43d9432c8dacdd
2026-10-02 12:00:57,469|opType: publish | rt: 13ms | status: success | requestIp: null | dataId: resource_config_SOUL__md.json | group: agentspec__enc.737570706c792d636861696e2d76656e646f722d6576616c7561746f72__enc.302e302e31 | tenant: public | md5: 32d74576ee1036a6eb2e4635671509ea
2026-10-02 12:00:57,488|opType: publish | rt: 10ms | status: success | requestIp: null | dataId: manifest.json | group: agentspec__enc.737570706f72742d616e616c79746963732d7265706f72746572__enc.302e302e31 | tenant: public | md5: 8c39791bd3837d9c88cedd3635d9202d
2026-10-02 12:00:57,496|opType: publish | rt: 11ms | status: success | requestIp: null | dataId: resource_config_IDENTITY__md.json | group: agentspec__enc.737570706f72742d616e616c79746963732d7265706f72746572__enc.302e302e31 | tenant: public | md5: f20339b918482da73c2d2e20c30b2a00
2026-10-02 12:00:57,501|opType: publish | rt: 10ms | status: success | requestIp: null | dataId: resource_config_AGENTS__md.json | group: agentspec__enc.737570706f72742d616e616c79746963732d7265706f72746572__enc.302e302e31 | tenant: public | md5: 57eba4f265723b857589afd3eff37b0b
2026-10-02 12:00:57,506|opType: publish | rt: 11ms | status: success | requestIp: null | dataId: resource_crons_jobs__json.json | group: agentspec__enc.737570706f72742d616e616c79746963732d7265706f72746572__enc.302e302e31 | tenant: public | md5: 58cbeb50d675618821ab29870506e1c9
2026-10-02 12:00:57,511|opType: publish | rt: 11ms | status: success | requestIp: null | dataId: resource_tool-analysis_tool-analysis__json.json | group: agentspec__enc.737570706f72742d616e616c79746963732d7265706f72746572__enc.302e302e31 | tenant: public | md5: 1cb1021b7cb528cb33ee948661ec530b
2026-10-02 12:00:57,513|opType: publish | rt: 10ms | status: success | requestIp: null | dataId: resource_config_SOUL__md.json | group: agentspec__enc.737570706f72742d616e616c79746963732d7265706f72746572__enc.302e302e31 | tenant: public | md5: 3a9e23470b54bfb1d1ee177d9fd136bb
2026-10-02 12:00:57,520|opType: publish | rt: 9ms | status: success | requestIp: null | dataId: skill_index.json | group: skill_competitor-teardown | tenant: public | md5: a954ba25a6022882637d1312aa486859
2026-10-02 12:00:57,526|opType: publish | rt: 10ms | status: success | requestIp: null | dataId: resource_config_MEMORY__md.json | group: agentspec__enc.737570706f72742d616e616c79746963732d7265706f72746572__enc.302e302e31 | tenant: public | md5: 88f19d6af4d12cf3943cb52d2c06b7b0
2026-10-02 12:00:57,532|opType: publish | rt: 12ms | status: success | requestIp: null | dataId: SKILL.md | group: skill_enc.637573746f6d65722d706572736f6e61__enc.302e302e31 | tenant: public | md5: e430c090518a293465b5c60f26ababb6
2026-10-02 12:00:57,538|opType: publish | rt: 13ms | status: success | requestIp: null | dataId: manifest.json | group: agentspec__enc.737570706f72742d6578656375746976652d73756d6d6172792d67656e657261746f72__enc.302e302e31 | tenant: public | md5: 171b2f4b938bc2d60835b36706232bd9
2026-10-02 12:00:57,545|opType: publish | rt: 13ms | status: success | requestIp: null | dataId: SKILL.md | group: skill_enc.646174612d76697375616c697a6174696f6e__enc.302e302e31 | tenant: public | md5: 792c7e89052cd3e02551d3a81a42ed43
2026-10-02 12:00:57,550|opType: publish | rt: 12ms | status: success | requestIp: null | dataId: resource_crons_jobs__json.json | group: agentspec__enc.737570706f72742d6578656375746976652d73756d6d6172792d67656e657261746f72__enc.302e302e31 | tenant: public | md5: 9b6e7cc9086bdff2abb57f456dc7e481
2026-10-02 12:00:57,555|opType: publish | rt: 10ms | status: success | requestIp: null | dataId: resource_config_IDENTITY__md.json | group: agentspec__enc.737570706f72742d6578656375746976652d73756d6d6172792d67656e657261746f72__enc.302e302e31 | tenant: public | md5: c06309fbed8789c51983e3ce8ab32c84
2026-10-02 12:00:57,561|opType: publish | rt: 11ms | status: success | requestIp: null | dataId: resource_tool-analysis_tool-analysis__json.json | group: agentspec__enc.737570706f72742d6578656375746976652d73756d6d6172792d67656e657261746f72__enc.302e302e31 | tenant: public | md5: 7ad633f449d0a25816488d386cd190ce
2026-10-02 12:00:57,563|opType: publish | rt: 11ms | status: success | requestIp: null | dataId: resource_config_AGENTS__md.json | group: agentspec__enc.737570706f72742d6578656375746976652d73756d6d6172792d67656e657261746f72__enc.302e302e31 | tenant: public | md5: 5d0519fb0ffd4830287ec14f52ef9ff6
2026-10-02 12:00:57,651|opType: publish | rt: 11ms | status: success | requestIp: null | dataId: resource_config_SOUL__md.json | group: agentspec__enc.737570706f72742d6578656375746976652d73756d6d6172792d67656e657261746f72__enc.302e302e31 | tenant: public | md5: 623108aa80db8a96ca69a8692497ae85
2026-10-02 12:00:57,656|opType: publish | rt: 11ms | status: success | requestIp: null | dataId: resource_config_MEMORY__md.json | group: agentspec__enc.737570706f72742d6578656375746976652d73756d6d6172792d67656e657261746f72__enc.302e302e31 | tenant: public | md5: 00c75097db7339b5545513df0bc281a2
2026-10-02 12:00:57,664|opType: publish | rt: 11ms | status: success | requestIp: null | dataId: manifest.json | group: agentspec__enc.737570706f72742d66696e616e63652d747261636b6572__enc.302e302e31 | tenant: public | md5: 5c3b879534b2ffe60d0668d4ba1bffa0
2026-10-02 12:00:57,668|opType: publish | rt: 10ms | status: success | requestIp: null | dataId: resource_crons_jobs__json.json | group: agentspec__enc.737570706f72742d66696e616e63652d747261636b6572__enc.302e302e31 | tenant: public | md5: e923c3bedaafde232bb97c64dc43cea7
2026-10-02 12:00:57,674|opType: publish | rt: 11ms | status: success | requestIp: null | dataId: resource_config_IDENTITY__md.json | group: agentspec__enc.737570706f72742d66696e616e63652d747261636b6572__enc.302e302e31 | tenant: public | md5: ee0ed282fd66eadce8112f27a3c4605f
2026-10-02 12:00:57,680|opType: publish | rt: 12ms | status: success | requestIp: null | dataId: resource_tool-analysis_tool-analysis__json.json | group: agentspec__enc.737570706f72742d66696e616e63652d747261636b6572__enc.302e302e31 | tenant: public | md5: a70ba2805c8ecacd8d415a9d015e3c64
2026-10-02 12:00:57,684|opType: publish | rt: 10ms | status: success | requestIp: null | dataId: resource_config_AGENTS__md.json | group: agentspec__enc.737570706f72742d66696e616e63652d747261636b6572__enc.302e302e31 | tenant: public | md5: 48606de9262cf213926df91f318469e5
2026-10-02 12:00:57,689|opType: publish | rt: 9ms | status: success | requestIp: null | dataId: resource_config_SOUL__md.json | group: agentspec__enc.737570706f72742d66696e616e63652d747261636b6572__enc.302e302e31 | tenant: public | md5: 68dd80cbcc3880a83f84b0972ffb0460
2026-10-02 12:00:57,694|opType: publish | rt: 10ms | status: success | requestIp: null | dataId: resource_config_MEMORY__md.json | group: agentspec__enc.737570706f72742d66696e616e63652d747261636b6572__enc.302e302e31 | tenant: public | md5: 7158a1227fb028c9a08c13e94d32fccb
2026-10-02 12:00:57,699|opType: publish | rt: 10ms | status: success | requestIp: null | dataId: skill_index.json | group: skill_content-repurposing | tenant: public | md5: a954ba25a6022882637d1312aa486859
2026-10-02 12:00:57,701|opType: publish | rt: 9ms | status: success | requestIp: null | dataId: manifest.json | group: agentspec__enc.737570706f72742d696e6672617374727563747572652d6d61696e7461696e6572__enc.302e302e31 | tenant: public | md5: a3b10e069a0b1313fdf059001f2a2355
2026-10-02 12:00:57,707|opType: publish | rt: 9ms | status: success | requestIp: null | dataId: resource_crons_jobs__json.json | group: agentspec__enc.737570706f72742d696e6672617374727563747572652d6d61696e7461696e6572__enc.302e302e31 | tenant: public | md5: 560806c6ececc6701269024f8d5eccfd
2026-10-02 12:00:57,714|opType: publish | rt: 9ms | status: success | requestIp: null | dataId: resource_config_IDENTITY__md.json | group: agentspec__enc.737570706f72742d696e6672617374727563747572652d6d61696e7461696e6572__enc.302e302e31 | tenant: public | md5: b90f4013960753330c844146ebea23dd
2026-10-02 12:00:57,719|opType: publish | rt: 10ms | status: success | requestIp: null | dataId: resource_tool-analysis_tool-analysis__json.json | group: agentspec__enc.737570706f72742d696e6672617374727563747572652d6d61696e7461696e6572__enc.302e302e31 | tenant: public | md5: c50ede79733c7fc84eea653959b32a0d
2026-10-02 12:00:57,721|opType: publish | rt: 9ms | status: success | requestIp: null | dataId: resource_config_AGENTS__md.json | group: agentspec__enc.737570706f72742d696e6672617374727563747572652d6d61696e7461696e6572__enc.302e302e31 | tenant: public | md5: dbba1936b898c11748319b2d5916e26a
2026-10-02 12:00:57,728|opType: publish | rt: 10ms | status: success | requestIp: null | dataId: resource_config_SOUL__md.json | group: agentspec__enc.737570706f72742d696e6672617374727563747572652d6d61696e7461696e6572__enc.302e302e31 | tenant: public | md5: 1d7f4c2388736a666563970215cc724f
2026-10-02 12:00:57,732|opType: publish | rt: 9ms | status: success | requestIp: null | dataId: resource_config_MEMORY__md.json | group: agentspec__enc.737570706f72742d696e6672617374727563747572652d6d61696e7461696e6572__enc.302e302e31 | tenant: public | md5: d0ee3f59e59243d6bd31baac557699cd
2026-10-02 12:00:57,739|opType: publish | rt: 9ms | status: success | requestIp: null | dataId: SKILL.md | group: skill_enc.6469616c6f6775652d617564696f__enc.302e302e31 | tenant: public | md5: 78c3eb5b93dc9638aa5f23cab2e7b335
2026-10-02 12:00:57,753|opType: publish | rt: 9ms | status: success | requestIp: null | dataId: manifest.json | group: agentspec__enc.737570706f72742d6c6567616c2d636f6d706c69616e63652d636865636b6572__enc.302e302e31 | tenant: public | md5: 3829a069bc0ee255d5ec7ccb77f37b7a
2026-10-02 12:00:57,758|opType: publish | rt: 9ms | status: success | requestIp: null | dataId: resource_crons_jobs__json.json | group: agentspec__enc.737570706f72742d6c6567616c2d636f6d706c69616e63652d636865636b6572__enc.302e302e31 | tenant: public | md5: f883272ac637c029d2020a12d97b3012
2026-10-02 12:00:57,760|opType: publish | rt: 9ms | status: success | requestIp: null | dataId: skill_index.json | group: skill_customer-persona | tenant: public | md5: a954ba25a6022882637d1312aa486859
2026-10-02 12:00:57,768|opType: publish | rt: 11ms | status: success | requestIp: null | dataId: resource_config_IDENTITY__md.json | group: agentspec__enc.737570706f72742d6c6567616c2d636f6d706c69616e63652d636865636b6572__enc.302e302e31 | tenant: public | md5: d3671454713e7eaeaf4d8e4309263fb1
2026-10-02 12:00:57,773|opType: publish | rt: 10ms | status: success | requestIp: null | dataId: skill_index.json | group: skill_data-visualization | tenant: public | md5: a954ba25a6022882637d1312aa486859
2026-10-02 12:00:57,775|opType: publish | rt: 10ms | status: success | requestIp: null | dataId: resource_tool-analysis_tool-analysis__json.json | group: agentspec__enc.737570706f72742d6c6567616c2d636f6d706c69616e63652d636865636b6572__enc.302e302e31 | tenant: public | md5: 475dfd27819450c87f0b8370ff1e7375
2026-10-02 12:00:57,781|opType: publish | rt: 8ms | status: success | requestIp: null | dataId: resource_config_AGENTS__md.json | group: agentspec__enc.737570706f72742d6c6567616c2d636f6d706c69616e63652d636865636b6572__enc.302e302e31 | tenant: public | md5: cb3bb93ab7ff40815fcba90be67634d8
2026-10-02 12:00:57,786|opType: publish | rt: 9ms | status: success | requestIp: null | dataId: resource_config_SOUL__md.json | group: agentspec__enc.737570706f72742d6c6567616c2d636f6d706c69616e63652d636865636b6572__enc.302e302e31 | tenant: public | md5: 24e3958aaf03eb943a7aa9ba1b4a7b68
2026-10-02 12:00:57,890|opType: publish | rt: 10ms | status: success | requestIp: null | dataId: resource_config_MEMORY__md.json | group: agentspec__enc.737570706f72742d6c6567616c2d636f6d706c69616e63652d636865636b6572__enc.302e302e31 | tenant: public | md5: 8f693df945753d078331e767b6d69111
2026-10-02 12:00:57,902|opType: publish | rt: 10ms | status: success | requestIp: null | dataId: manifest.json | group: agentspec__enc.737570706f72742d726563727569746d656e742d7370656369616c697374__enc.302e302e31 | tenant: public | md5: 5ef519fb06d452b9319b1fe30b47897f
2026-10-02 12:00:57,908|opType: publish | rt: 11ms | status: success | requestIp: null | dataId: resource_crons_jobs__json.json | group: agentspec__enc.737570706f72742d726563727569746d656e742d7370656369616c697374__enc.302e302e31 | tenant: public | md5: 737b754d07aa3d0ccceccb531259d704
2026-10-02 12:00:57,914|opType: publish | rt: 12ms | status: success | requestIp: null | dataId: resource_config_AGENTS__md.json | group: agentspec__enc.737570706f72742d726563727569746d656e742d7370656369616c697374__enc.302e302e31 | tenant: public | md5: fce5f5327ff0c3da85866290d3d55e09
2026-10-02 12:00:57,919|opType: publish | rt: 12ms | status: success | requestIp: null | dataId: resource_tool-analysis_tool-analysis__json.json | group: agentspec__enc.737570706f72742d726563727569746d656e742d7370656369616c697374__enc.302e302e31 | tenant: public | md5: ad0e0a678845a5f8554f0e4ec83e5c4c
2026-10-02 12:00:57,923|opType: publish | rt: 9ms | status: success | requestIp: null | dataId: resource_config_IDENTITY__md.json | group: agentspec__enc.737570706f72742d726563727569746d656e742d7370656369616c697374__enc.302e302e31 | tenant: public | md5: 64ad6d1af42d32d06f43942c4eaeb578
2026-10-02 12:00:57,929|opType: publish | rt: 10ms | status: success | requestIp: null | dataId: resource_config_SOUL__md.json | group: agentspec__enc.737570706f72742d726563727569746d656e742d7370656369616c697374__enc.302e302e31 | tenant: public | md5: c85510676d78699e321efec7a933e5de
2026-10-02 12:00:57,933|opType: publish | rt: 10ms | status: success | requestIp: null | dataId: resource_config_MEMORY__md.json | group: agentspec__enc.737570706f72742d726563727569746d656e742d7370656369616c697374__enc.302e302e31 | tenant: public | md5: b9a66672d663bbd8e0ec48ef32829b92
2026-10-02 12:00:57,939|opType: publish | rt: 11ms | status: success | requestIp: null | dataId: SKILL.md | group: skill_enc.656c6576656e6c6162732d6469616c6f677565__enc.302e302e31 | tenant: public | md5: 6d0070290670d889492e3e7d91df26c7
2026-10-02 12:00:57,946|opType: publish | rt: 13ms | status: success | requestIp: null | dataId: manifest.json | group: agentspec__enc.737570706f72742d737570706c792d636861696e2d73747261746567697374__enc.302e302e31 | tenant: public | md5: 692f83bbec70e974431ff94e831cc1b2
2026-10-02 12:00:57,950|opType: publish | rt: 11ms | status: success | requestIp: null | dataId: resource_crons_jobs__json.json | group: agentspec__enc.737570706f72742d737570706c792d636861696e2d73747261746567697374__enc.302e302e31 | tenant: public | md5: 8452a804f4b6817cc49846be0dbd8c3c
2026-10-02 12:00:57,954|opType: publish | rt: 8ms | status: success | requestIp: null | dataId: resource_tool-analysis_tool-analysis__json.json | group: agentspec__enc.737570706f72742d737570706c792d636861696e2d73747261746567697374__enc.302e302e31 | tenant: public | md5: c24eeb3cb2e53efedc99ebca9749f93b
2026-10-02 12:00:57,961|opType: publish | rt: 11ms | status: success | requestIp: null | dataId: resource_config_IDENTITY__md.json | group: agentspec__enc.737570706f72742d737570706c792d636861696e2d73747261746567697374__enc.302e302e31 | tenant: public | md5: 135c85de7c45df2ac341292f37fe5aad
2026-10-02 12:00:57,965|opType: publish | rt: 11ms | status: success | requestIp: null | dataId: resource_config_AGENTS__md.json | group: agentspec__enc.737570706f72742d737570706c792d636861696e2d73747261746567697374__enc.302e302e31 | tenant: public | md5: 70880cabff87b08baaae73f214c2473b
2026-10-02 12:00:57,970|opType: publish | rt: 10ms | status: success | requestIp: null | dataId: resource_config_SOUL__md.json | group: agentspec__enc.737570706f72742d737570706c792d636861696e2d73747261746567697374__enc.302e302e31 | tenant: public | md5: eb62694f7d4c233a7fbf063b01936ac6
2026-10-02 12:00:57,975|opType: publish | rt: 10ms | status: success | requestIp: null | dataId: resource_config_MEMORY__md.json | group: agentspec__enc.737570706f72742d737570706c792d636861696e2d73747261746567697374__enc.302e302e31 | tenant: public | md5: fffde809b6b3faec5e645103beb722ec
2026-10-02 12:00:57,979|opType: publish | rt: 9ms | status: success | requestIp: null | dataId: resource_crons_jobs__json.json | group: agentspec__enc.737570706f72742d737570706f72742d726573706f6e646572__enc.302e302e31 | tenant: public | md5: afdd184686faaf413853cd9776ece691
2026-10-02 12:00:57,985|opType: publish | rt: 11ms | status: success | requestIp: null | dataId: manifest.json | group: agentspec__enc.737570706f72742d737570706f72742d726573706f6e646572__enc.302e302e31 | tenant: public | md5: 1a637237a2d239b75df516f437aa0de5
2026-10-02 12:00:57,990|opType: publish | rt: 11ms | status: success | requestIp: null | dataId: skill_index.json | group: skill_dialogue-audio | tenant: public | md5: a954ba25a6022882637d1312aa486859
2026-10-02 12:00:57,995|opType: publish | rt: 10ms | status: success | requestIp: null | dataId: resource_config_IDENTITY__md.json | group: agentspec__enc.737570706f72742d737570706f72742d726573706f6e646572__enc.302e302e31 | tenant: public | md5: 717717f3a2d617ca2976793c25ec5c98
2026-10-02 12:00:58,000|opType: publish | rt: 10ms | status: success | requestIp: null | dataId: resource_tool-analysis_tool-analysis__json.json | group: agentspec__enc.737570706f72742d737570706f72742d726573706f6e646572__enc.302e302e31 | tenant: public | md5: 5673e804ca205860f688d61402de6dc1
2026-10-02 12:00:58,006|opType: publish | rt: 11ms | status: success | requestIp: null | dataId: SKILL.md | group: skill_enc.656c6576656e6c6162732d64756262696e67__enc.302e302e31 | tenant: public | md5: 2a3f899042bf2da8d2861dc3ad0cfbce
2026-10-02 12:00:58,012|opType: publish | rt: 12ms | status: success | requestIp: null | dataId: SKILL.md | group: skill_enc.656c6576656e6c6162732d6d75736963__enc.302e302e31 | tenant: public | md5: 7fd5cf45519fbec1eee7fd30f43d4111
2026-10-02 12:00:58,017|opType: publish | rt: 11ms | status: success | requestIp: null | dataId: resource_config_AGENTS__md.json | group: agentspec__enc.737570706f72742d737570706f72742d726573706f6e646572__enc.302e302e31 | tenant: public | md5: 62044147df4f11b3bcc6fa152c76dbff
2026-10-02 12:00:58,023|opType: publish | rt: 11ms | status: success | requestIp: null | dataId: resource_config_SOUL__md.json | group: agentspec__enc.737570706f72742d737570706f72742d726573706f6e646572__enc.302e302e31 | tenant: public | md5: 580bf9b192077e2c18316735c8a526a5
2026-10-02 12:00:58,025|opType: publish | rt: 11ms | status: success | requestIp: null | dataId: resource_config_MEMORY__md.json | group: agentspec__enc.737570706f72742d737570706f72742d726573706f6e646572__enc.302e302e31 | tenant: public | md5: b77d6902ec71c5035c05eedb821041bc
2026-10-02 12:00:58,129|opType: publish | rt: 12ms | status: success | requestIp: null | dataId: manifest.json | group: agentspec__enc.746563686e6963616c2d617274697374__enc.302e302e31 | tenant: public | md5: 02e06adfbeec2d7b5259e83bb445e486
2026-10-02 12:00:58,135|opType: publish | rt: 12ms | status: success | requestIp: null | dataId: resource_crons_jobs__json.json | group: agentspec__enc.746563686e6963616c2d617274697374__enc.302e302e31 | tenant: public | md5: 8b9c00420f3f4e0459435da9f34aede7
2026-10-02 12:00:58,140|opType: publish | rt: 11ms | status: success | requestIp: null | dataId: resource_config_IDENTITY__md.json | group: agentspec__enc.746563686e6963616c2d617274697374__enc.302e302e31 | tenant: public | md5: 415fe62c0a65021673deb80d4856e869
2026-10-02 12:00:58,146|opType: publish | rt: 11ms | status: success | requestIp: null | dataId: resource_tool-analysis_tool-analysis__json.json | group: agentspec__enc.746563686e6963616c2d617274697374__enc.302e302e31 | tenant: public | md5: da5c0b39fa42cbbd9d589875bec6a0ee
2026-10-02 12:00:58,178|opType: publish | rt: 37ms | status: success | requestIp: null | dataId: resource_config_AGENTS__md.json | group: agentspec__enc.746563686e6963616c2d617274697374__enc.302e302e31 | tenant: public | md5: 2dd688fbfa99abf416ddf4fe0ea32b13
2026-10-02 12:00:58,183|opType: publish | rt: 37ms | status: success | requestIp: null | dataId: resource_config_SOUL__md.json | group: agentspec__enc.746563686e6963616c2d617274697374__enc.302e302e31 | tenant: public | md5: 176d49b893742f9973dbb092a9e13f69
2026-10-02 12:00:58,187|opType: publish | rt: 9ms | status: success | requestIp: null | dataId: resource_config_MEMORY__md.json | group: agentspec__enc.746563686e6963616c2d617274697374__enc.302e302e31 | tenant: public | md5: f9632f6b3213d0a0037bf69a1f99c13a
2026-10-02 12:00:58,192|opType: publish | rt: 9ms | status: success | requestIp: null | dataId: manifest.json | group: agentspec__enc.7465726d696e616c2d696e746567726174696f6e2d7370656369616c697374__enc.302e302e31 | tenant: public | md5: ab07187e6e3d66d27d829b2ce5dc7d0b
2026-10-02 12:00:58,197|opType: publish | rt: 10ms | status: success | requestIp: null | dataId: resource_crons_jobs__json.json | group: agentspec__enc.7465726d696e616c2d696e746567726174696f6e2d7370656369616c697374__enc.302e302e31 | tenant: public | md5: 2ce810a326c4e548d31e3459f03f10d0
2026-10-02 12:00:58,199|opType: publish | rt: 9ms | status: success | requestIp: null | dataId: resource_config_IDENTITY__md.json | group: agentspec__enc.7465726d696e616c2d696e746567726174696f6e2d7370656369616c697374__enc.302e302e31 | tenant: public | md5: 8f219a774420ee5c4e73d77b064c07a9
2026-10-02 12:00:58,204|opType: publish | rt: 10ms | status: success | requestIp: null | dataId: resource_tool-analysis_tool-analysis__json.json | group: agentspec__enc.7465726d696e616c2d696e746567726174696f6e2d7370656369616c697374__enc.302e302e31 | tenant: public | md5: 4d25ed58f6d9ff43e3558ee789677169
2026-10-02 12:00:58,210|opType: publish | rt: 11ms | status: success | requestIp: null | dataId: resource_config_AGENTS__md.json | group: agentspec__enc.7465726d696e616c2d696e746567726174696f6e2d7370656369616c697374__enc.302e302e31 | tenant: public | md5: 2341ba37c14a793aff514327ddb39561
2026-10-02 12:00:58,214|opType: publish | rt: 10ms | status: success | requestIp: null | dataId: resource_config_SOUL__md.json | group: agentspec__enc.7465726d696e616c2d696e746567726174696f6e2d7370656369616c697374__enc.302e302e31 | tenant: public | md5: b9306c7967cda7fbc8ef932f8de72180
2026-10-02 12:00:58,219|opType: publish | rt: 10ms | status: success | requestIp: null | dataId: resource_config_MEMORY__md.json | group: agentspec__enc.7465726d696e616c2d696e746567726174696f6e2d7370656369616c697374__enc.302e302e31 | tenant: public | md5: f55ec8b40762c1d50389e75db213ea40
2026-10-02 12:00:58,225|opType: publish | rt: 11ms | status: success | requestIp: null | dataId: skill_index.json | group: skill_elevenlabs-dialogue | tenant: public | md5: a954ba25a6022882637d1312aa486859
2026-10-02 12:00:58,229|opType: publish | rt: 11ms | status: success | requestIp: null | dataId: manifest.json | group: agentspec__enc.74657374696e672d6163636573736962696c6974792d61756469746f72__enc.302e302e31 | tenant: public | md5: bda4f86864d0ce8fa0f3885dccf77e9b
2026-10-02 12:00:58,234|opType: publish | rt: 9ms | status: success | requestIp: null | dataId: resource_crons_jobs__json.json | group: agentspec__enc.74657374696e672d6163636573736962696c6974792d61756469746f72__enc.302e302e31 | tenant: public | md5: a1623df2a2f05404c52370c2ac38aea6
2026-10-02 12:00:58,240|opType: publish | rt: 11ms | status: success | requestIp: null | dataId: resource_config_AGENTS__md.json | group: agentspec__enc.74657374696e672d6163636573736962696c6974792d61756469746f72__enc.302e302e31 | tenant: public | md5: 73c3ead40071c7b66b3920ff54fee23d
2026-10-02 12:00:58,244|opType: publish | rt: 10ms | status: success | requestIp: null | dataId: resource_config_IDENTITY__md.json | group: agentspec__enc.74657374696e672d6163636573736962696c6974792d61756469746f72__enc.302e302e31 | tenant: public | md5: 280b67106d9a3edfdc022178e57f401f
2026-10-02 12:00:58,251|opType: publish | rt: 12ms | status: success | requestIp: null | dataId: SKILL.md | group: skill_enc.656c6576656e6c6162732d736f756e642d65666665637473__enc.302e302e31 | tenant: public | md5: 9f9bc6261f6c234eb107a5af4f19ad68
2026-10-02 12:00:58,255|opType: publish | rt: 11ms | status: success | requestIp: null | dataId: resource_tool-analysis_tool-analysis__json.json | group: agentspec__enc.74657374696e672d6163636573736962696c6974792d61756469746f72__enc.302e302e31 | tenant: public | md5: e6ee35802da2742757f8a6c28e6ea794
2026-10-02 12:00:58,260|opType: publish | rt: 10ms | status: success | requestIp: null | dataId: skill_index.json | group: skill_elevenlabs-dubbing | tenant: public | md5: a954ba25a6022882637d1312aa486859
2026-10-02 12:00:58,265|opType: publish | rt: 10ms | status: success | requestIp: null | dataId: resource_config_SOUL__md.json | group: agentspec__enc.74657374696e672d6163636573736962696c6974792d61756469746f72__enc.302e302e31 | tenant: public | md5: 6f7af1cd8273b2e66e3b2d70064c9bf2
2026-10-02 12:00:58,270|opType: publish | rt: 10ms | status: success | requestIp: null | dataId: skill_index.json | group: skill_elevenlabs-music | tenant: public | md5: a954ba25a6022882637d1312aa486859
2026-10-02 12:00:58,275|opType: publish | rt: 10ms | status: success | requestIp: null | dataId: resource_config_MEMORY__md.json | group: agentspec__enc.74657374696e672d6163636573736962696c6974792d61756469746f72__enc.302e302e31 | tenant: public | md5: 0388e3006a155d2caee9fc25eb9f1742
2026-10-02 12:00:58,277|opType: publish | rt: 9ms | status: success | requestIp: null | dataId: manifest.json | group: agentspec__enc.74657374696e672d6170692d746573746572__enc.302e302e31 | tenant: public | md5: 08039b3136b80b026143324fcaf1585b
2026-10-02 12:00:58,374|opType: publish | rt: 11ms | status: success | requestIp: null | dataId: resource_crons_jobs__json.json | group: agentspec__enc.74657374696e672d6170692d746573746572__enc.302e302e31 | tenant: public | md5: 192379cc5d9b1a8dbd73c4458e13f6d6
2026-10-02 12:00:58,379|opType: publish | rt: 11ms | status: success | requestIp: null | dataId: resource_config_AGENTS__md.json | group: agentspec__enc.74657374696e672d6170692d746573746572__enc.302e302e31 | tenant: public | md5: 14b3cc2285a37a15a5295da6e6e9bf13
2026-10-02 12:00:58,385|opType: publish | rt: 12ms | status: success | requestIp: null | dataId: resource_tool-analysis_tool-analysis__json.json | group: agentspec__enc.74657374696e672d6170692d746573746572__enc.302e302e31 | tenant: public | md5: 3c203d9ab69cb05584f459e387b05f8f
2026-10-02 12:00:58,391|opType: publish | rt: 14ms | status: success | requestIp: null | dataId: resource_config_IDENTITY__md.json | group: agentspec__enc.74657374696e672d6170692d746573746572__enc.302e302e31 | tenant: public | md5: aace6cc686c2aa69390ce57a5db32459
2026-10-02 12:00:58,414|opType: publish | rt: 19ms | status: success | requestIp: null | dataId: resource_config_SOUL__md.json | group: agentspec__enc.74657374696e672d6170692d746573746572__enc.302e302e31 | tenant: public | md5: 068323fd8b8596632ddc344a19bd4bf7
2026-10-02 12:00:58,417|opType: publish | rt: 18ms | status: success | requestIp: null | dataId: resource_config_MEMORY__md.json | group: agentspec__enc.74657374696e672d6170692d746573746572__enc.302e302e31 | tenant: public | md5: f70adbc6dc2f711b9891861053ffd2a3
2026-10-02 12:00:58,438|opType: publish | rt: 16ms | status: success | requestIp: null | dataId: manifest.json | group: agentspec__enc.74657374696e672d656d6265646465642d71612d656e67696e656572__enc.302e302e31 | tenant: public | md5: 8b2929d0664d78e4f78e1a8ec0fbc305
2026-10-02 12:00:58,447|opType: publish | rt: 17ms | status: success | requestIp: null | dataId: resource_crons_jobs__json.json | group: agentspec__enc.74657374696e672d656d6265646465642d71612d656e67696e656572__enc.302e302e31 | tenant: public | md5: e44a20055685675f7d9887fc38a68df9
2026-10-02 12:00:58,457|opType: publish | rt: 19ms | status: success | requestIp: null | dataId: resource_config_IDENTITY__md.json | group: agentspec__enc.74657374696e672d656d6265646465642d71612d656e67696e656572__enc.302e302e31 | tenant: public | md5: d4bed2c1206302a70bbdb63a56a7ecd6
2026-10-02 12:00:58,462|opType: publish | rt: 19ms | status: success | requestIp: null | dataId: resource_tool-analysis_tool-analysis__json.json | group: agentspec__enc.74657374696e672d656d6265646465642d71612d656e67696e656572__enc.302e302e31 | tenant: public | md5: 06bcf1913d439f4c9adc6b85cd9f4ff5
2026-10-02 12:00:58,474|opType: publish | rt: 17ms | status: success | requestIp: null | dataId: resource_config_AGENTS__md.json | group: agentspec__enc.74657374696e672d656d6265646465642d71612d656e67696e656572__enc.302e302e31 | tenant: public | md5: a92556123301b9962c6cc7e7c8e20d4e
2026-10-02 12:00:58,483|opType: publish | rt: 18ms | status: success | requestIp: null | dataId: resource_config_SOUL__md.json | group: agentspec__enc.74657374696e672d656d6265646465642d71612d656e67696e656572__enc.302e302e31 | tenant: public | md5: e05029b0801a9f821dc65b1e6d8981c4
2026-10-02 12:00:58,491|opType: publish | rt: 17ms | status: success | requestIp: null | dataId: SKILL.md | group: skill_enc.656c6576656e6c6162732d737474__enc.302e302e31 | tenant: public | md5: 711a05b8980a095122f1d8c213ea8c28
2026-10-02 12:00:58,499|opType: publish | rt: 16ms | status: success | requestIp: null | dataId: resource_config_MEMORY__md.json | group: agentspec__enc.74657374696e672d656d6265646465642d71612d656e67696e656572__enc.302e302e31 | tenant: public | md5: 3ace9e170cd1dc17b8b97d1ea08db4f2
2026-10-02 12:00:58,507|opType: publish | rt: 16ms | status: success | requestIp: null | dataId: manifest.json | group: agentspec__enc.74657374696e672d65766964656e63652d636f6c6c6563746f72__enc.302e302e31 | tenant: public | md5: ad6e1f71edc80d1a9a76b6cd1799181f
2026-10-02 12:00:58,516|opType: publish | rt: 18ms | status: success | requestIp: null | dataId: resource_crons_jobs__json.json | group: agentspec__enc.74657374696e672d65766964656e63652d636f6c6c6563746f72__enc.302e302e31 | tenant: public | md5: 748605054761da386ebe745146e1acf8
2026-10-02 12:00:58,553|opType: publish | rt: 46ms | status: success | requestIp: null | dataId: resource_config_IDENTITY__md.json | group: agentspec__enc.74657374696e672d65766964656e63652d636f6c6c6563746f72__enc.302e302e31 | tenant: public | md5: 0dcebf0ab7f9f2e0122d0e3f4a1bb227
2026-10-02 12:00:58,563|opType: publish | rt: 47ms | status: success | requestIp: null | dataId: resource_tool-analysis_tool-analysis__json.json | group: agentspec__enc.74657374696e672d65766964656e63652d636f6c6c6563746f72__enc.302e302e31 | tenant: public | md5: 5e2cacf48826d11ca7a763f4e15c37e1
2026-10-02 12:00:58,563|opType: publish | rt: 22ms | status: success | requestIp: null | dataId: resource_config_AGENTS__md.json | group: agentspec__enc.74657374696e672d65766964656e63652d636f6c6c6563746f72__enc.302e302e31 | tenant: public | md5: 90c1b5ab216109372e4cf23d1721c6aa
2026-10-02 12:00:58,567|opType: publish | rt: 18ms | status: success | requestIp: null | dataId: resource_config_SOUL__md.json | group: agentspec__enc.74657374696e672d65766964656e63652d636f6c6c6563746f72__enc.302e302e31 | tenant: public | md5: 981b847287814f611566c19a662c7863
2026-10-02 12:00:58,576|opType: publish | rt: 19ms | status: success | requestIp: null | dataId: SKILL.md | group: skill_enc.656c6576656e6c6162732d747473__enc.302e302e31 | tenant: public | md5: 1b8d3c45343923d2570a3ecbd38f25c2
2026-10-02 12:00:58,585|opType: publish | rt: 18ms | status: success | requestIp: null | dataId: resource_config_MEMORY__md.json | group: agentspec__enc.74657374696e672d65766964656e63652d636f6c6c6563746f72__enc.302e302e31 | tenant: public | md5: 0ad84f200eaa9bebf018ecc94f1c3bd9
2026-10-02 12:00:58,592|opType: publish | rt: 16ms | status: success | requestIp: null | dataId: skill_index.json | group: skill_elevenlabs-sound-effects | tenant: public | md5: a954ba25a6022882637d1312aa486859
2026-10-02 12:00:58,598|opType: publish | rt: 13ms | status: success | requestIp: null | dataId: SKILL.md | group: skill_enc.656c6576656e6c6162732d766f6963652d6368616e676572__enc.302e302e31 | tenant: public | md5: 1bf141e942ad86e2c42e37b71eec891c
2026-10-02 12:00:58,605|opType: publish | rt: 13ms | status: success | requestIp: null | dataId: manifest.json | group: agentspec__enc.74657374696e672d706572666f726d616e63652d62656e63686d61726b6572__enc.302e302e31 | tenant: public | md5: b528b027e05c4e3971d5e2b73c83e7a3
2026-10-02 12:00:58,610|opType: publish | rt: 12ms | status: success | requestIp: null | dataId: resource_crons_jobs__json.json | group: agentspec__enc.74657374696e672d706572666f726d616e63652d62656e63686d61726b6572__enc.302e302e31 | tenant: public | md5: 77666a9e5648f4e3162ad2dd3e119654
2026-10-02 12:00:58,620|opType: publish | rt: 15ms | status: success | requestIp: null | dataId: resource_tool-analysis_tool-analysis__json.json | group: agentspec__enc.74657374696e672d706572666f726d616e63652d62656e63686d61726b6572__enc.302e302e31 | tenant: public | md5: bbe062b0d6e6b43ecf4ad84d3737a1d0
2026-10-02 12:00:58,629|opType: publish | rt: 19ms | status: success | requestIp: null | dataId: resource_config_AGENTS__md.json | group: agentspec__enc.74657374696e672d706572666f726d616e63652d62656e63686d61726b6572__enc.302e302e31 | tenant: public | md5: 932f290ceeedff5c4647d94a7d1573ef
2026-10-02 12:00:58,633|opType: publish | rt: 13ms | status: success | requestIp: null | dataId: resource_config_IDENTITY__md.json | group: agentspec__enc.74657374696e672d706572666f726d616e63652d62656e63686d61726b6572__enc.302e302e31 | tenant: public | md5: 004b2dadb0aec6588bdfecca5f50f975
2026-10-02 12:00:58,644|opType: publish | rt: 15ms | status: success | requestIp: null | dataId: resource_config_SOUL__md.json | group: agentspec__enc.74657374696e672d706572666f726d616e63652d62656e63686d61726b6572__enc.302e302e31 | tenant: public | md5: 4af3fc162f3bf77a46f82b96ecf0f589
2026-10-02 12:00:58,650|opType: publish | rt: 17ms | status: success | requestIp: null | dataId: resource_config_MEMORY__md.json | group: agentspec__enc.74657374696e672d706572666f726d616e63652d62656e63686d61726b6572__enc.302e302e31 | tenant: public | md5: ee393bf3a3d401e765c2a98b18956d3f
2026-10-02 12:00:58,674|opType: publish | rt: 20ms | status: success | requestIp: null | dataId: manifest.json | group: agentspec__enc.74657374696e672d7265616c6974792d636865636b6572__enc.302e302e31 | tenant: public | md5: 980c8787039d8dcc8fecd37b3d4649dd
2026-10-02 12:00:58,685|opType: publish | rt: 25ms | status: success | requestIp: null | dataId: resource_crons_jobs__json.json | group: agentspec__enc.74657374696e672d7265616c6974792d636865636b6572__enc.302e302e31 | tenant: public | md5: 3e5750a92543d4133c791abc3edbe63c
2026-10-02 12:00:58,697|opType: publish | rt: 23ms | status: success | requestIp: null | dataId: resource_config_IDENTITY__md.json | group: agentspec__enc.74657374696e672d7265616c6974792d636865636b6572__enc.302e302e31 | tenant: public | md5: 1c897564c05f266c1311d3f65b59b3b9
2026-10-02 12:00:58,703|opType: publish | rt: 13ms | status: success | requestIp: null | dataId: resource_tool-analysis_tool-analysis__json.json | group: agentspec__enc.74657374696e672d7265616c6974792d636865636b6572__enc.302e302e31 | tenant: public | md5: 2375a69628685c68602bed83e410637c
2026-10-02 12:00:58,707|opType: publish | rt: 13ms | status: success | requestIp: null | dataId: resource_config_AGENTS__md.json | group: agentspec__enc.74657374696e672d7265616c6974792d636865636b6572__enc.302e302e31 | tenant: public | md5: fea5900ee1ea4e88fd7dfc3a17095864
2026-10-02 12:00:58,719|opType: publish | rt: 16ms | status: success | requestIp: null | dataId: resource_config_SOUL__md.json | group: agentspec__enc.74657374696e672d7265616c6974792d636865636b6572__enc.302e302e31 | tenant: public | md5: 0a99243f433f8d07938cb641bdff2655
2026-10-02 12:00:58,725|opType: publish | rt: 14ms | status: success | requestIp: null | dataId: resource_config_MEMORY__md.json | group: agentspec__enc.74657374696e672d7265616c6974792d636865636b6572__enc.302e302e31 | tenant: public | md5: 328a0f3525f46690c0c8ad34eb8f164d
2026-10-02 12:00:58,734|opType: publish | rt: 10ms | status: success | requestIp: null | dataId: skill_index.json | group: skill_elevenlabs-stt | tenant: public | md5: a954ba25a6022882637d1312aa486859
2026-10-02 12:00:58,739|opType: publish | rt: 10ms | status: success | requestIp: null | dataId: manifest.json | group: agentspec__enc.74657374696e672d746573742d726573756c74732d616e616c797a6572__enc.302e302e31 | tenant: public | md5: 2471472b20f14adf0f350b95fe76da32
2026-10-02 12:00:58,744|opType: publish | rt: 10ms | status: success | requestIp: null | dataId: resource_crons_jobs__json.json | group: agentspec__enc.74657374696e672d746573742d726573756c74732d616e616c797a6572__enc.302e302e31 | tenant: public | md5: 3ab5325cd2bcefd8f05709ece5ccc414
2026-10-02 12:00:58,746|opType: publish | rt: 10ms | status: success | requestIp: null | dataId: resource_config_IDENTITY__md.json | group: agentspec__enc.74657374696e672d746573742d726573756c74732d616e616c797a6572__enc.302e302e31 | tenant: public | md5: 69b85189000df4a1348bd6c0d8b39fa8
2026-10-02 12:00:58,766|opType: publish | rt: 6ms | status: success | requestIp: null | dataId: resource_tool-analysis_tool-analysis__json.json | group: agentspec__enc.74657374696e672d746573742d726573756c74732d616e616c797a6572__enc.302e302e31 | tenant: public | md5: aa6215a2504eddec56a1faa06c3b377a
2026-10-02 12:00:58,784|opType: publish | rt: 13ms | status: success | requestIp: null | dataId: resource_config_AGENTS__md.json | group: agentspec__enc.74657374696e672d746573742d726573756c74732d616e616c797a6572__enc.302e302e31 | tenant: public | md5: 7609c1b1e80f4091111c135883a8385c
2026-10-02 12:00:58,790|opType: publish | rt: 14ms | status: success | requestIp: null | dataId: resource_config_MEMORY__md.json | group: agentspec__enc.74657374696e672d746573742d726573756c74732d616e616c797a6572__enc.302e302e31 | tenant: public | md5: 51be2b8143ff8dc54b64d5c037dbd5ab
2026-10-02 12:00:58,792|opType: publish | rt: 10ms | status: success | requestIp: null | dataId: resource_config_SOUL__md.json | group: agentspec__enc.74657374696e672d746573742d726573756c74732d616e616c797a6572__enc.302e302e31 | tenant: public | md5: 4995a02335e2eb4ec4bf11a9b7b44b2a
2026-10-02 12:00:58,807|opType: publish | rt: 10ms | status: success | requestIp: null | dataId: skill_index.json | group: skill_elevenlabs-tts | tenant: public | md5: a954ba25a6022882637d1312aa486859
2026-10-02 12:00:58,815|opType: publish | rt: 10ms | status: success | requestIp: null | dataId: SKILL.md | group: skill_enc.656c6576656e6c6162732d766f6963652d69736f6c61746f72__enc.302e302e31 | tenant: public | md5: 60ffacba8f8a050c572412632b9b70fe
2026-10-02 12:00:58,820|opType: publish | rt: 11ms | status: success | requestIp: null | dataId: manifest.json | group: agentspec__enc.74657374696e672d746f6f6c2d6576616c7561746f72__enc.302e302e31 | tenant: public | md5: 2356d8be1bf50f4b82b39b16d75fccb3
2026-10-02 12:00:58,822|opType: publish | rt: 10ms | status: success | requestIp: null | dataId: resource_crons_jobs__json.json | group: agentspec__enc.74657374696e672d746f6f6c2d6576616c7561746f72__enc.302e302e31 | tenant: public | md5: bfa41d208d6285148b8cd6ad9a96dc8e
2026-10-02 12:00:58,828|opType: publish | rt: 9ms | status: success | requestIp: null | dataId: skill_index.json | group: skill_elevenlabs-voice-changer | tenant: public | md5: a954ba25a6022882637d1312aa486859
2026-10-02 12:00:58,833|opType: publish | rt: 9ms | status: success | requestIp: null | dataId: resource_config_IDENTITY__md.json | group: agentspec__enc.74657374696e672d746f6f6c2d6576616c7561746f72__enc.302e302e31 | tenant: public | md5: 3decf6106a9e262f1a343faf6421ca26
2026-10-02 12:00:58,835|opType: publish | rt: 9ms | status: success | requestIp: null | dataId: resource_tool-analysis_tool-analysis__json.json | group: agentspec__enc.74657374696e672d746f6f6c2d6576616c7561746f72__enc.302e302e31 | tenant: public | md5: d77e1d3f84e1e6d1ce1989ca008137c0
2026-10-02 12:00:58,846|opType: publish | rt: 9ms | status: success | requestIp: null | dataId: resource_config_AGENTS__md.json | group: agentspec__enc.74657374696e672d746f6f6c2d6576616c7561746f72__enc.302e302e31 | tenant: public | md5: fe794c87e54b8a86d9cc8a40bf581f45
2026-10-02 12:00:58,848|opType: publish | rt: 8ms | status: success | requestIp: null | dataId: resource_config_SOUL__md.json | group: agentspec__enc.74657374696e672d746f6f6c2d6576616c7561746f72__enc.302e302e31 | tenant: public | md5: 6091baabd0a4590d2a0327deac2744e1
2026-10-02 12:00:58,861|opType: publish | rt: 10ms | status: success | requestIp: null | dataId: resource_config_MEMORY__md.json | group: agentspec__enc.74657374696e672d746f6f6c2d6576616c7561746f72__enc.302e302e31 | tenant: public | md5: 880e454f8ab20a932364eea3f98c7469
2026-10-02 12:00:58,871|opType: publish | rt: 5ms | status: success | requestIp: null | dataId: manifest.json | group: agentspec__enc.74657374696e672d776f726b666c6f772d6f7074696d697a6572__enc.302e302e31 | tenant: public | md5: 58ca872076ce09a499109597d79f661b
2026-10-02 12:00:58,886|opType: publish | rt: 7ms | status: success | requestIp: null | dataId: resource_crons_jobs__json.json | group: agentspec__enc.74657374696e672d776f726b666c6f772d6f7074696d697a6572__enc.302e302e31 | tenant: public | md5: 9c3243462bc49c240e42de5459758b05
2026-10-02 12:00:58,900|opType: publish | rt: 8ms | status: success | requestIp: null | dataId: resource_config_IDENTITY__md.json | group: agentspec__enc.74657374696e672d776f726b666c6f772d6f7074696d697a6572__enc.302e302e31 | tenant: public | md5: dfa74e0cd029869ec057157d990ea4c9
2026-10-02 12:00:58,914|opType: publish | rt: 9ms | status: success | requestIp: null | dataId: resource_tool-analysis_tool-analysis__json.json | group: agentspec__enc.74657374696e672d776f726b666c6f772d6f7074696d697a6572__enc.302e302e31 | tenant: public | md5: fcc34431879bcb7e5c4d2f70040bee7d
2026-10-02 12:00:58,923|opType: publish | rt: 11ms | status: success | requestIp: null | dataId: resource_config_AGENTS__md.json | group: agentspec__enc.74657374696e672d776f726b666c6f772d6f7074696d697a6572__enc.302e302e31 | tenant: public | md5: cfd25b1f9c8633902e25e1d1cbffe009
2026-10-02 12:00:58,925|opType: publish | rt: 8ms | status: success | requestIp: null | dataId: resource_config_SOUL__md.json | group: agentspec__enc.74657374696e672d776f726b666c6f772d6f7074696d697a6572__enc.302e302e31 | tenant: public | md5: 5c93517ad59d2a45a42424b7734189e4
2026-10-02 12:00:58,937|opType: publish | rt: 9ms | status: success | requestIp: null | dataId: resource_config_MEMORY__md.json | group: agentspec__enc.74657374696e672d776f726b666c6f772d6f7074696d697a6572__enc.302e302e31 | tenant: public | md5: ab177a6f8844ad32cf563981fbb1b266
2026-10-02 12:00:58,951|opType: publish | rt: 10ms | status: success | requestIp: null | dataId: manifest.json | group: agentspec__enc.756e6974792d617263686974656374__enc.302e302e31 | tenant: public | md5: 82e5257e9b22aad13803d26f7c9bec73
2026-10-02 12:00:58,958|opType: publish | rt: 10ms | status: success | requestIp: null | dataId: SKILL.md | group: skill_enc.656d61696c2d64657369676e__enc.302e302e31 | tenant: public | md5: 42b57239c0e628babf130a379e344f11
2026-10-02 12:00:58,962|opType: publish | rt: 9ms | status: success | requestIp: null | dataId: resource_crons_jobs__json.json | group: agentspec__enc.756e6974792d617263686974656374__enc.302e302e31 | tenant: public | md5: 292dc0f3c8813c7d7d451d7501157e48
2026-10-02 12:00:58,967|opType: publish | rt: 9ms | status: success | requestIp: null | dataId: resource_config_IDENTITY__md.json | group: agentspec__enc.756e6974792d617263686974656374__enc.302e302e31 | tenant: public | md5: 200d1210f97370f5ccf4f5ea901e5718
2026-10-02 12:00:58,969|opType: publish | rt: 9ms | status: success | requestIp: null | dataId: resource_tool-analysis_tool-analysis__json.json | group: agentspec__enc.756e6974792d617263686974656374__enc.302e302e31 | tenant: public | md5: ccf7b930b2dd2604ddf144acd14af602
2026-10-02 12:00:58,978|opType: publish | rt: 7ms | status: success | requestIp: null | dataId: resource_config_AGENTS__md.json | group: agentspec__enc.756e6974792d617263686974656374__enc.302e302e31 | tenant: public | md5: 6ea6e23ac9740e9ef3c42d12d09eb783
2026-10-02 12:00:59,002|opType: publish | rt: 10ms | status: success | requestIp: null | dataId: resource_config_SOUL__md.json | group: agentspec__enc.756e6974792d617263686974656374__enc.302e302e31 | tenant: public | md5: bfdf9bf96a59859c9513a9414758e116
2026-10-02 12:00:59,009|opType: publish | rt: 9ms | status: success | requestIp: null | dataId: resource_config_MEMORY__md.json | group: agentspec__enc.756e6974792d617263686974656374__enc.302e302e31 | tenant: public | md5: b6d9ad09b9d4b3fd5ffc8db392c71528
2026-10-02 12:00:59,021|opType: publish | rt: 9ms | status: success | requestIp: null | dataId: manifest.json | group: agentspec__enc.756e6974792d656469746f722d746f6f6c2d646576656c6f706572__enc.302e302e31 | tenant: public | md5: 72af930f78dfe524bda87c8b5b1101ba
2026-10-02 12:00:59,029|opType: publish | rt: 10ms | status: success | requestIp: null | dataId: SKILL.md | group: skill_enc.6578706c61696e65722d766964656f2d6775696465__enc.302e302e31 | tenant: public | md5: 82412baffff80c651d55c54afe4af58a
2026-10-02 12:00:59,039|opType: publish | rt: 10ms | status: success | requestIp: null | dataId: resource_crons_jobs__json.json | group: agentspec__enc.756e6974792d656469746f722d746f6f6c2d646576656c6f706572__enc.302e302e31 | tenant: public | md5: b8f17482bd5c0a3765614df7abf562ba
2026-10-02 12:00:59,044|opType: publish | rt: 10ms | status: success | requestIp: null | dataId: resource_config_IDENTITY__md.json | group: agentspec__enc.756e6974792d656469746f722d746f6f6c2d646576656c6f706572__enc.302e302e31 | tenant: public | md5: 699a2ce50e2dc81544491df17a1e9727
2026-10-02 12:00:59,049|opType: publish | rt: 10ms | status: success | requestIp: null | dataId: skill_index.json | group: skill_elevenlabs-voice-isolator | tenant: public | md5: a954ba25a6022882637d1312aa486859
2026-10-02 12:00:59,056|opType: publish | rt: 13ms | status: success | requestIp: null | dataId: SKILL.md | group: skill_enc.666c75782d696d616765__enc.302e302e31 | tenant: public | md5: 0d2492590536af71f78ffe99421cc56e
2026-10-02 12:00:59,062|opType: publish | rt: 13ms | status: success | requestIp: null | dataId: resource_tool-analysis_tool-analysis__json.json | group: agentspec__enc.756e6974792d656469746f722d746f6f6c2d646576656c6f706572__enc.302e302e31 | tenant: public | md5: 87ff164ceafec56d0f7844ef4d2b056c
2026-10-02 12:00:59,067|opType: publish | rt: 11ms | status: success | requestIp: null | dataId: resource_config_AGENTS__md.json | group: agentspec__enc.756e6974792d656469746f722d746f6f6c2d646576656c6f706572__enc.302e302e31 | tenant: public | md5: 84ba8bc7f2ae2d7aedf20a7577346b8e
2026-10-02 12:00:59,071|opType: publish | rt: 9ms | status: success | requestIp: null | dataId: resource_config_SOUL__md.json | group: agentspec__enc.756e6974792d656469746f722d746f6f6c2d646576656c6f706572__enc.302e302e31 | tenant: public | md5: 5dcc9b16ecf1663f59d68c1686dca10e
2026-10-02 12:00:59,073|opType: publish | rt: 9ms | status: success | requestIp: null | dataId: resource_config_MEMORY__md.json | group: agentspec__enc.756e6974792d656469746f722d746f6f6c2d646576656c6f706572__enc.302e302e31 | tenant: public | md5: a8a1e35a34d5bc32516ddfc67fd4e498
2026-10-02 12:00:59,115|opType: publish | rt: 36ms | status: success | requestIp: null | dataId: manifest.json | group: agentspec__enc.756e6974792d6d756c7469706c617965722d656e67696e656572__enc.302e302e31 | tenant: public | md5: e14405d03e9dfe24db0cd58a5f8dd515
2026-10-02 12:00:59,115|opType: publish | rt: 34ms | status: success | requestIp: null | dataId: resource_crons_jobs__json.json | group: agentspec__enc.756e6974792d6d756c7469706c617965722d656e67696e656572__enc.302e302e31 | tenant: public | md5: abc0c0736de11c30b02b49b2b0200504
2026-10-02 12:00:59,126|opType: publish | rt: 9ms | status: success | requestIp: null | dataId: resource_config_IDENTITY__md.json | group: agentspec__enc.756e6974792d6d756c7469706c617965722d656e67696e656572__enc.302e302e31 | tenant: public | md5: 80357d59bce1e2473e36c13da1e17296
2026-10-02 12:00:59,133|opType: publish | rt: 9ms | status: success | requestIp: null | dataId: resource_tool-analysis_tool-analysis__json.json | group: agentspec__enc.756e6974792d6d756c7469706c617965722d656e67696e656572__enc.302e302e31 | tenant: public | md5: 26531a0d50e15fde38cc4a014bdf9067
2026-10-02 12:00:59,138|opType: publish | rt: 10ms | status: success | requestIp: null | dataId: resource_config_AGENTS__md.json | group: agentspec__enc.756e6974792d6d756c7469706c617965722d656e67696e656572__enc.302e302e31 | tenant: public | md5: 4d0f528ff032571651e6ff11e5f8a39b
2026-10-02 12:00:59,143|opType: publish | rt: 10ms | status: success | requestIp: null | dataId: resource_config_SOUL__md.json | group: agentspec__enc.756e6974792d6d756c7469706c617965722d656e67696e656572__enc.302e302e31 | tenant: public | md5: 978817ff223d2cd5e04cb5cd39e5ce5c
2026-10-02 12:00:59,145|opType: publish | rt: 9ms | status: success | requestIp: null | dataId: resource_config_MEMORY__md.json | group: agentspec__enc.756e6974792d6d756c7469706c617965722d656e67696e656572__enc.302e302e31 | tenant: public | md5: a591c9a2f2b55ab119784ba91e7e9c9d
2026-10-02 12:00:59,158|opType: publish | rt: 7ms | status: success | requestIp: null | dataId: manifest.json | group: agentspec__enc.756e6974792d7368616465722d67726170682d617274697374__enc.302e302e31 | tenant: public | md5: 7fc677d6ad3c67639a3d496a3e74ee3d
2026-10-02 12:00:59,171|opType: publish | rt: 11ms | status: success | requestIp: null | dataId: resource_crons_jobs__json.json | group: agentspec__enc.756e6974792d7368616465722d67726170682d617274697374__enc.302e302e31 | tenant: public | md5: 24f00c6d913993488c6c008baa729380
2026-10-02 12:00:59,189|opType: publish | rt: 16ms | status: success | requestIp: null | dataId: resource_config_IDENTITY__md.json | group: agentspec__enc.756e6974792d7368616465722d67726170682d617274697374__enc.302e302e31 | tenant: public | md5: 8348c637bab345c961dee26afd310a69
2026-10-02 12:00:59,192|opType: publish | rt: 17ms | status: success | requestIp: null | dataId: resource_tool-analysis_tool-analysis__json.json | group: agentspec__enc.756e6974792d7368616465722d67726170682d617274697374__enc.302e302e31 | tenant: public | md5: b1c7f114aa19f05028002b6c73714a93
2026-10-02 12:00:59,203|opType: publish | rt: 14ms | status: success | requestIp: null | dataId: skill_index.json | group: skill_email-design | tenant: public | md5: a954ba25a6022882637d1312aa486859
2026-10-02 12:00:59,209|opType: publish | rt: 15ms | status: success | requestIp: null | dataId: resource_config_AGENTS__md.json | group: agentspec__enc.756e6974792d7368616465722d67726170682d617274697374__enc.302e302e31 | tenant: public | md5: f3d8ab767fffda9e472896f2b52f3fb2
2026-10-02 12:00:59,212|opType: publish | rt: 11ms | status: success | requestIp: null | dataId: resource_config_SOUL__md.json | group: agentspec__enc.756e6974792d7368616465722d67726170682d617274697374__enc.302e302e31 | tenant: public | md5: fd8dc43cd1c184d7ac31b5a87891b1f9
2026-10-02 12:00:59,224|opType: publish | rt: 10ms | status: success | requestIp: null | dataId: resource_config_MEMORY__md.json | group: agentspec__enc.756e6974792d7368616465722d67726170682d617274697374__enc.302e302e31 | tenant: public | md5: 0d900b727b593655bb15dd8b1254c921
2026-10-02 12:00:59,237|opType: publish | rt: 11ms | status: success | requestIp: null | dataId: manifest.json | group: agentspec__enc.756e7265616c2d6d756c7469706c617965722d617263686974656374__enc.302e302e31 | tenant: public | md5: deaf48ba438fcb5772c67a1defe5cadd
2026-10-02 12:00:59,239|opType: publish | rt: 10ms | status: success | requestIp: null | dataId: resource_crons_jobs__json.json | group: agentspec__enc.756e7265616c2d6d756c7469706c617965722d617263686974656374__enc.302e302e31 | tenant: public | md5: 1706e7bc995956e35e6f69295005a5f4
2026-10-02 12:00:59,257|opType: publish | rt: 10ms | status: success | requestIp: null | dataId: skill_index.json | group: skill_explainer-video-guide | tenant: public | md5: a954ba25a6022882637d1312aa486859
2026-10-02 12:00:59,262|opType: publish | rt: 10ms | status: success | requestIp: null | dataId: resource_config_IDENTITY__md.json | group: agentspec__enc.756e7265616c2d6d756c7469706c617965722d617263686974656374__enc.302e302e31 | tenant: public | md5: 2f5e9c1e0692c19119a8a7653a6e590e
2026-10-02 12:00:59,267|opType: publish | rt: 10ms | status: success | requestIp: null | dataId: resource_tool-analysis_tool-analysis__json.json | group: agentspec__enc.756e7265616c2d6d756c7469706c617965722d617263686974656374__enc.302e302e31 | tenant: public | md5: 096d17b052e0b97d9df4dd1ee4bfa8d4
2026-10-02 12:00:59,273|opType: publish | rt: 14ms | status: success | requestIp: null | dataId: SKILL.md | group: skill_enc.676f6f676c652d76656f__enc.302e302e31 | tenant: public | md5: 17253de034e7e1bf3b2a1eda3ed2be55
2026-10-02 12:00:59,289|opType: publish | rt: 12ms | status: success | requestIp: null | dataId: resource_config_AGENTS__md.json | group: agentspec__enc.756e7265616c2d6d756c7469706c617965722d617263686974656374__enc.302e302e31 | tenant: public | md5: 8b77e744eba8e56b4238f0239111d025
2026-10-02 12:00:59,294|opType: publish | rt: 11ms | status: success | requestIp: null | dataId: resource_config_SOUL__md.json | group: agentspec__enc.756e7265616c2d6d756c7469706c617965722d617263686974656374__enc.302e302e31 | tenant: public | md5: d0e8b8144200b74f06c1306e29dda7c3
2026-10-02 12:00:59,300|opType: publish | rt: 12ms | status: success | requestIp: null | dataId: resource_config_MEMORY__md.json | group: agentspec__enc.756e7265616c2d6d756c7469706c617965722d617263686974656374__enc.302e302e31 | tenant: public | md5: 47eaabeb5d10d62f3a456352d216d72b
2026-10-02 12:00:59,303|opType: publish | rt: 12ms | status: success | requestIp: null | dataId: skill_index.json | group: skill_flux-image | tenant: public | md5: a954ba25a6022882637d1312aa486859
2026-10-02 12:00:59,307|opType: publish | rt: 10ms | status: success | requestIp: null | dataId: manifest.json | group: agentspec__enc.756e7265616c2d73797374656d732d656e67696e656572__enc.302e302e31 | tenant: public | md5: 0767ce4e43c6fd77e6a45cc5ad4db021
2026-10-02 12:00:59,335|opType: publish | rt: 11ms | status: success | requestIp: null | dataId: resource_crons_jobs__json.json | group: agentspec__enc.756e7265616c2d73797374656d732d656e67696e656572__enc.302e302e31 | tenant: public | md5: 46da79f49ba42b29bdffd8288029d7e4
2026-10-02 12:00:59,337|opType: publish | rt: 10ms | status: success | requestIp: null | dataId: resource_config_IDENTITY__md.json | group: agentspec__enc.756e7265616c2d73797374656d732d656e67696e656572__enc.302e302e31 | tenant: public | md5: 33b47bcaab7ff3f013f7bef2d3aa0e89
2026-10-02 12:00:59,350|opType: publish | rt: 13ms | status: success | requestIp: null | dataId: resource_tool-analysis_tool-analysis__json.json | group: agentspec__enc.756e7265616c2d73797374656d732d656e67696e656572__enc.302e302e31 | tenant: public | md5: 6627a810ed7a9873322cbac4889e3bc7
2026-10-02 12:00:59,353|opType: publish | rt: 12ms | status: success | requestIp: null | dataId: resource_config_AGENTS__md.json | group: agentspec__enc.756e7265616c2d73797374656d732d656e67696e656572__enc.302e302e31 | tenant: public | md5: 1d650ca6f3d4113825205b246154fe0a
2026-10-02 12:00:59,358|opType: publish | rt: 9ms | status: success | requestIp: null | dataId: resource_config_SOUL__md.json | group: agentspec__enc.756e7265616c2d73797374656d732d656e67696e656572__enc.302e302e31 | tenant: public | md5: fe896fbea6dded671d841f3c768aa71f
2026-10-02 12:00:59,366|opType: publish | rt: 11ms | status: success | requestIp: null | dataId: resource_config_MEMORY__md.json | group: agentspec__enc.756e7265616c2d73797374656d732d656e67696e656572__enc.302e302e31 | tenant: public | md5: f262321e5d7d6e9a6cd4e8da77456bed
2026-10-02 12:00:59,372|opType: publish | rt: 9ms | status: success | requestIp: null | dataId: manifest.json | group: agentspec__enc.756e7265616c2d746563686e6963616c2d617274697374__enc.302e302e31 | tenant: public | md5: b2398c24c7dfa87527aaa528bf08354e
2026-10-02 12:00:59,381|opType: publish | rt: 12ms | status: success | requestIp: null | dataId: resource_crons_jobs__json.json | group: agentspec__enc.756e7265616c2d746563686e6963616c2d617274697374__enc.302e302e31 | tenant: public | md5: e77b39e5199a6c6c0437f7879baf4985
2026-10-02 12:00:59,391|opType: publish | rt: 8ms | status: success | requestIp: null | dataId: resource_config_IDENTITY__md.json | group: agentspec__enc.756e7265616c2d746563686e6963616c2d617274697374__enc.302e302e31 | tenant: public | md5: ac98cc6a96042fed401397855829ef67
2026-10-02 12:00:59,410|opType: publish | rt: 9ms | status: success | requestIp: null | dataId: resource_tool-analysis_tool-analysis__json.json | group: agentspec__enc.756e7265616c2d746563686e6963616c2d617274697374__enc.302e302e31 | tenant: public | md5: 3fc045fd3c65bad59fbc1aaf0eac63c2
2026-10-02 12:00:59,412|opType: publish | rt: 9ms | status: success | requestIp: null | dataId: resource_config_AGENTS__md.json | group: agentspec__enc.756e7265616c2d746563686e6963616c2d617274697374__enc.302e302e31 | tenant: public | md5: ea1a524034068ac434bbd4605e657722
2026-10-02 12:00:59,426|opType: publish | rt: 11ms | status: success | requestIp: null | dataId: SKILL.md | group: skill_enc.696d6167652d746f2d766964656f__enc.302e302e31 | tenant: public | md5: 719157b4fb208a9ba1de075b85fd8026
2026-10-02 12:00:59,433|opType: publish | rt: 16ms | status: success | requestIp: null | dataId: resource_config_SOUL__md.json | group: agentspec__enc.756e7265616c2d746563686e6963616c2d617274697374__enc.302e302e31 | tenant: public | md5: a2a452eba5c116fbbcd00977703ba88d
2026-10-02 12:00:59,439|opType: publish | rt: 17ms | status: success | requestIp: null | dataId: resource_config_MEMORY__md.json | group: agentspec__enc.756e7265616c2d746563686e6963616c2d617274697374__enc.302e302e31 | tenant: public | md5: 461a1340acf88bfa73de9fb7775747d3
2026-10-02 12:00:59,454|opType: publish | rt: 9ms | status: success | requestIp: null | dataId: manifest.json | group: agentspec__enc.756e7265616c2d776f726c642d6275696c646572__enc.302e302e31 | tenant: public | md5: 58134ed95e8019d633039cb033b6e11a
2026-10-02 12:00:59,460|opType: publish | rt: 8ms | status: success | requestIp: null | dataId: resource_config_IDENTITY__md.json | group: agentspec__enc.756e7265616c2d776f726c642d6275696c646572__enc.302e302e31 | tenant: public | md5: 9e3bb3af5832016e799d0e50e388e904
2026-10-02 12:00:59,467|opType: publish | rt: 10ms | status: success | requestIp: null | dataId: resource_crons_jobs__json.json | group: agentspec__enc.756e7265616c2d776f726c642d6275696c646572__enc.302e302e31 | tenant: public | md5: cc9644619a8ed6fea38fa4a0bcfb40ea
2026-10-02 12:00:59,474|opType: publish | rt: 9ms | status: success | requestIp: null | dataId: SKILL.md | group: skill_enc.696d6167652d75707363616c696e67__enc.302e302e31 | tenant: public | md5: 8d1e4d67e510f88e55540079580bf2fc
2026-10-02 12:00:59,483|opType: publish | rt: 12ms | status: success | requestIp: null | dataId: resource_tool-analysis_tool-analysis__json.json | group: agentspec__enc.756e7265616c2d776f726c642d6275696c646572__enc.302e302e31 | tenant: public | md5: a31ef5a81129b05a04d74c31997432f1
2026-10-02 12:00:59,487|opType: publish | rt: 11ms | status: success | requestIp: null | dataId: resource_config_AGENTS__md.json | group: agentspec__enc.756e7265616c2d776f726c642d6275696c646572__enc.302e302e31 | tenant: public | md5: da203f552212f31e0fddaebc2faa6d8d
2026-10-02 12:00:59,503|opType: publish | rt: 11ms | status: success | requestIp: null | dataId: skill_index.json | group: skill_google-veo | tenant: public | md5: a954ba25a6022882637d1312aa486859
2026-10-02 12:00:59,512|opType: publish | rt: 12ms | status: success | requestIp: null | dataId: resource_config_SOUL__md.json | group: agentspec__enc.756e7265616c2d776f726c642d6275696c646572__enc.302e302e31 | tenant: public | md5: bca6c78cf3346d4df86aca6f4e6b3c42
2026-10-02 12:00:59,518|opType: publish | rt: 13ms | status: success | requestIp: null | dataId: resource_config_MEMORY__md.json | group: agentspec__enc.756e7265616c2d776f726c642d6275696c646572__enc.302e302e31 | tenant: public | md5: 9b2869656e982b963393a4baccd32825
2026-10-02 12:00:59,525|opType: publish | rt: 11ms | status: success | requestIp: null | dataId: SKILL.md | group: skill_enc.696e6673682d636c69__enc.302e302e31 | tenant: public | md5: a562dbcf1e9e2340ae155767089cd360
2026-10-02 12:00:59,532|opType: publish | rt: 10ms | status: success | requestIp: null | dataId: enc.7265666572656e6365732f72756e6e696e672d617070732e6d64 | group: skill_enc.696e6673682d636c69__enc.302e302e31 | tenant: public | md5: fd689c450695dec66cdf013741d66273
2026-10-02 12:00:59,537|opType: publish | rt: 10ms | status: success | requestIp: null | dataId: enc.7265666572656e6365732f61757468656e7469636174696f6e2e6d64 | group: skill_enc.696e6673682d636c69__enc.302e302e31 | tenant: public | md5: deb0ec845ad1813c3e54906b4a952b88
2026-10-02 12:00:59,542|opType: publish | rt: 10ms | status: success | requestIp: null | dataId: enc.7265666572656e6365732f6170702d646973636f766572792e6d64 | group: skill_enc.696e6673682d636c69__enc.302e302e31 | tenant: public | md5: d9f79e2efd476655587f07121b20b8e0
2026-10-02 12:00:59,546|opType: publish | rt: 10ms | status: success | requestIp: null | dataId: enc.7265666572656e6365732f636c692d7265666572656e63652e6d64 | group: skill_enc.696e6673682d636c69__enc.302e302e31 | tenant: public | md5: b0c112393310a53890afa25fa4a74632
2026-10-02 12:00:59,551|opType: publish | rt: 10ms | status: success | requestIp: null | dataId: resource_crons_jobs__json.json | group: agentspec__enc.766973696f6e6f732d7370617469616c2d656e67696e656572__enc.302e302e31 | tenant: public | md5: 69454050da61245f1316de36345ae9e6
2026-10-02 12:00:59,555|opType: publish | rt: 9ms | status: success | requestIp: null | dataId: manifest.json | group: agentspec__enc.766973696f6e6f732d7370617469616c2d656e67696e656572__enc.302e302e31 | tenant: public | md5: b636ba0264f23abb340b76519455c7e9
2026-10-02 12:00:59,560|opType: publish | rt: 10ms | status: success | requestIp: null | dataId: resource_config_IDENTITY__md.json | group: agentspec__enc.766973696f6e6f732d7370617469616c2d656e67696e656572__enc.302e302e31 | tenant: public | md5: c95a84c5385c2491a470508c83d7d29f
2026-10-02 12:00:59,562|opType: publish | rt: 9ms | status: success | requestIp: null | dataId: resource_tool-analysis_tool-analysis__json.json | group: agentspec__enc.766973696f6e6f732d7370617469616c2d656e67696e656572__enc.302e302e31 | tenant: public | md5: 2adc64707a0679eca0a2132fd45fe14d
2026-10-02 12:00:59,569|opType: publish | rt: 9ms | status: success | requestIp: null | dataId: resource_config_AGENTS__md.json | group: agentspec__enc.766973696f6e6f732d7370617469616c2d656e67696e656572__enc.302e302e31 | tenant: public | md5: d2e3390a04e699aeffe7e2721563dd5c
2026-10-02 12:00:59,576|opType: publish | rt: 12ms | status: success | requestIp: null | dataId: resource_config_SOUL__md.json | group: agentspec__enc.766973696f6e6f732d7370617469616c2d656e67696e656572__enc.302e302e31 | tenant: public | md5: fa8e1aa7bb7229cc11b8bc8ff05abf01
2026-10-02 12:00:59,578|opType: publish | rt: 11ms | status: success | requestIp: null | dataId: resource_config_MEMORY__md.json | group: agentspec__enc.766973696f6e6f732d7370617469616c2d656e67696e656572__enc.302e302e31 | tenant: public | md5: 53437110b9b1e4983549940a4754add4
2026-10-02 12:00:59,596|opType: publish | rt: 12ms | status: success | requestIp: null | dataId: manifest.json | group: agentspec__enc.78722d636f636b7069742d696e746572616374696f6e2d7370656369616c697374__enc.302e302e31 | tenant: public | md5: 1ec2021b437e06dfc48ef304e5c926a8
2026-10-02 12:00:59,605|opType: publish | rt: 12ms | status: success | requestIp: null | dataId: resource_crons_jobs__json.json | group: agentspec__enc.78722d636f636b7069742d696e746572616374696f6e2d7370656369616c697374__enc.302e302e31 | tenant: public | md5: 3ac167a89950fb809c7fbc80e78646ee
2026-10-02 12:00:59,610|opType: publish | rt: 11ms | status: success | requestIp: null | dataId: resource_config_IDENTITY__md.json | group: agentspec__enc.78722d636f636b7069742d696e746572616374696f6e2d7370656369616c697374__enc.302e302e31 | tenant: public | md5: e0ced6d83f2ced3a51c4e8cd167f2340
2026-10-02 12:00:59,612|opType: publish | rt: 11ms | status: success | requestIp: null | dataId: resource_tool-analysis_tool-analysis__json.json | group: agentspec__enc.78722d636f636b7069742d696e746572616374696f6e2d7370656369616c697374__enc.302e302e31 | tenant: public | md5: 086588cb8b21f8ec0dcc6e9710adb9ce
2026-10-02 12:00:59,630|opType: publish | rt: 11ms | status: success | requestIp: null | dataId: resource_config_AGENTS__md.json | group: agentspec__enc.78722d636f636b7069742d696e746572616374696f6e2d7370656369616c697374__enc.302e302e31 | tenant: public | md5: 253495195b44789bdc0e791c4ab3826b
2026-10-02 12:00:59,633|opType: publish | rt: 12ms | status: success | requestIp: null | dataId: resource_config_SOUL__md.json | group: agentspec__enc.78722d636f636b7069742d696e746572616374696f6e2d7370656369616c697374__enc.302e302e31 | tenant: public | md5: 76151ae1339754859b0c9aa102257cfb
2026-10-02 12:00:59,650|opType: publish | rt: 10ms | status: success | requestIp: null | dataId: resource_config_MEMORY__md.json | group: agentspec__enc.78722d636f636b7069742d696e746572616374696f6e2d7370656369616c697374__enc.302e302e31 | tenant: public | md5: 96c90d5a589cac64fab118b446f7ebf9
2026-10-02 12:00:59,657|opType: publish | rt: 10ms | status: success | requestIp: null | dataId: skill_index.json | group: skill_image-to-video | tenant: public | md5: a954ba25a6022882637d1312aa486859
2026-10-02 12:00:59,665|opType: publish | rt: 11ms | status: success | requestIp: null | dataId: manifest.json | group: agentspec__enc.78722d696d6d6572736976652d646576656c6f706572__enc.302e302e31 | tenant: public | md5: 103da8192148c59b466f1459db56fb7f
2026-10-02 12:00:59,674|opType: publish | rt: 12ms | status: success | requestIp: null | dataId: resource_crons_jobs__json.json | group: agentspec__enc.78722d696d6d6572736976652d646576656c6f706572__enc.302e302e31 | tenant: public | md5: f9f4343e8b08a576d9e774045c2e8f5d
2026-10-02 12:00:59,681|opType: publish | rt: 11ms | status: success | requestIp: null | dataId: resource_config_IDENTITY__md.json | group: agentspec__enc.78722d696d6d6572736976652d646576656c6f706572__enc.302e302e31 | tenant: public | md5: 9f4501426500760f31d0580c0fa15c1a
2026-10-02 12:00:59,688|opType: publish | rt: 10ms | status: success | requestIp: null | dataId: resource_tool-analysis_tool-analysis__json.json | group: agentspec__enc.78722d696d6d6572736976652d646576656c6f706572__enc.302e302e31 | tenant: public | md5: 2f56c689f1a9dd34753666b25605d2ef
2026-10-02 12:00:59,699|opType: publish | rt: 8ms | status: success | requestIp: null | dataId: resource_config_AGENTS__md.json | group: agentspec__enc.78722d696d6d6572736976652d646576656c6f706572__enc.302e302e31 | tenant: public | md5: fc0a71e8c21a5dc47ccd3d7d8cb97a36
2026-10-02 12:00:59,702|opType: publish | rt: 9ms | status: success | requestIp: null | dataId: skill_index.json | group: skill_image-upscaling | tenant: public | md5: a954ba25a6022882637d1312aa486859
2026-10-02 12:00:59,704|opType: publish | rt: 6ms | status: success | requestIp: null | dataId: resource_config_SOUL__md.json | group: agentspec__enc.78722d696d6d6572736976652d646576656c6f706572__enc.302e302e31 | tenant: public | md5: 3d8798daacc93a3cab62ec7003e0feaf
2026-10-02 12:00:59,722|opType: publish | rt: 9ms | status: success | requestIp: null | dataId: SKILL.md | group: skill_enc.6a6176617363726970742d73646b__enc.302e302e31 | tenant: public | md5: 2ce5746f4d257babd73cf343011bc489
2026-10-02 12:00:59,731|opType: publish | rt: 11ms | status: success | requestIp: null | dataId: enc.7265666572656e6365732f66696c65732e6d64 | group: skill_enc.6a6176617363726970742d73646b__enc.302e302e31 | tenant: public | md5: 71ed26b265b0dbc4ad0a30091c38b20f
2026-10-02 12:00:59,736|opType: publish | rt: 11ms | status: success | requestIp: null | dataId: enc.7265666572656e6365732f7365727665722d70726f78792e6d64 | group: skill_enc.6a6176617363726970742d73646b__enc.302e302e31 | tenant: public | md5: cd49f0c23694c8cb6fd0f772bde701f3
2026-10-02 12:00:59,740|opType: publish | rt: 10ms | status: success | requestIp: null | dataId: enc.7265666572656e6365732f746f6f6c2d6275696c6465722e6d64 | group: skill_enc.6a6176617363726970742d73646b__enc.302e302e31 | tenant: public | md5: 9431f7995b4f437b57fff83a5aac3bad
2026-10-02 12:00:59,745|opType: publish | rt: 10ms | status: success | requestIp: null | dataId: enc.7265666572656e6365732f6167656e742d7061747465726e732e6d64 | group: skill_enc.6a6176617363726970742d73646b__enc.302e302e31 | tenant: public | md5: 9571831c0eac806c720437d0c51a062c
2026-10-02 12:00:59,750|opType: publish | rt: 10ms | status: success | requestIp: null | dataId: enc.7265666572656e6365732f73657373696f6e732e6d64 | group: skill_enc.6a6176617363726970742d73646b__enc.302e302e31 | tenant: public | md5: 4154f96ff10bb26d062ce743adb3b770
2026-10-02 12:00:59,756|opType: publish | rt: 11ms | status: success | requestIp: null | dataId: enc.7265666572656e6365732f747970657363726970742e6d64 | group: skill_enc.6a6176617363726970742d73646b__enc.302e302e31 | tenant: public | md5: 2623683992c3702e418126693eb70916
2026-10-02 12:00:59,762|opType: publish | rt: 12ms | status: success | requestIp: null | dataId: enc.7265666572656e6365732f73747265616d696e672e6d64 | group: skill_enc.6a6176617363726970742d73646b__enc.302e302e31 | tenant: public | md5: f3e8151078261bc6ea5cf6251314a4bd
2026-10-02 12:00:59,767|opType: publish | rt: 11ms | status: success | requestIp: null | dataId: enc.7265666572656e6365732f72656163742d696e746567726174696f6e2e6d64 | group: skill_enc.6a6176617363726970742d73646b__enc.302e302e31 | tenant: public | md5: ce7de67327c8cf4a399a9f8139fc5c13
2026-10-02 12:00:59,772|opType: publish | rt: 10ms | status: success | requestIp: null | dataId: resource_config_MEMORY__md.json | group: agentspec__enc.78722d696d6d6572736976652d646576656c6f706572__enc.302e302e31 | tenant: public | md5: 664c3ee417e32aa5a97d059b290faa8e
2026-10-02 12:00:59,778|opType: publish | rt: 11ms | status: success | requestIp: null | dataId: manifest.json | group: agentspec__enc.78722d696e746572666163652d617263686974656374__enc.302e302e31 | tenant: public | md5: 7ed06914b6d0faa1452fa59db99d5c82
2026-10-02 12:00:59,783|opType: publish | rt: 11ms | status: success | requestIp: null | dataId: skill_index.json | group: skill_infsh-cli | tenant: public | md5: 165e9bf1b31b15cb0e75e7e5953f2a9a
2026-10-02 12:00:59,788|opType: publish | rt: 11ms | status: success | requestIp: null | dataId: resource_config_IDENTITY__md.json | group: agentspec__enc.78722d696e746572666163652d617263686974656374__enc.302e302e31 | tenant: public | md5: a66611396910cb9d3bb69a98eac4c15d
2026-10-02 12:00:59,793|opType: publish | rt: 10ms | status: success | requestIp: null | dataId: resource_crons_jobs__json.json | group: agentspec__enc.78722d696e746572666163652d617263686974656374__enc.302e302e31 | tenant: public | md5: eb4ec2a2063de8f7fc57616b39c211f4
2026-10-02 12:00:59,798|opType: publish | rt: 10ms | status: success | requestIp: null | dataId: resource_tool-analysis_tool-analysis__json.json | group: agentspec__enc.78722d696e746572666163652d617263686974656374__enc.302e302e31 | tenant: public | md5: 23ee0f27ac85c94b94a0a91393a9fb0d
2026-10-02 12:00:59,803|opType: publish | rt: 10ms | status: success | requestIp: null | dataId: resource_config_AGENTS__md.json | group: agentspec__enc.78722d696e746572666163652d617263686974656374__enc.302e302e31 | tenant: public | md5: 90876ad0a1da78dc6b1d7696d319519f
2026-10-02 12:00:59,808|opType: publish | rt: 10ms | status: success | requestIp: null | dataId: resource_config_SOUL__md.json | group: agentspec__enc.78722d696e746572666163652d617263686974656374__enc.302e302e31 | tenant: public | md5: b8825000777cff113826f165a5d5cc91
2026-10-02 12:00:59,812|opType: publish | rt: 9ms | status: success | requestIp: null | dataId: resource_config_MEMORY__md.json | group: agentspec__enc.78722d696e746572666163652d617263686974656374__enc.302e302e31 | tenant: public | md5: 9ace5b8380bd2d75d03294879795eb49
2026-10-02 12:00:59,817|opType: publish | rt: 9ms | status: success | requestIp: null | dataId: manifest.json | group: agentspec__enc.7a6b2d73746577617264__enc.302e302e31 | tenant: public | md5: e9ca1417b93402e795408fef0e681064
2026-10-02 12:00:59,821|opType: publish | rt: 9ms | status: success | requestIp: null | dataId: resource_crons_jobs__json.json | group: agentspec__enc.7a6b2d73746577617264__enc.302e302e31 | tenant: public | md5: 8f2d3d6e5aef43f1e6d9fa20dee65f8f
2026-10-02 12:00:59,826|opType: publish | rt: 9ms | status: success | requestIp: null | dataId: resource_config_IDENTITY__md.json | group: agentspec__enc.7a6b2d73746577617264__enc.302e302e31 | tenant: public | md5: 3ca636cbc0f377ef6cc5af7cbc3adb3e
2026-10-02 12:00:59,832|opType: publish | rt: 11ms | status: success | requestIp: null | dataId: resource_tool-analysis_tool-analysis__json.json | group: agentspec__enc.7a6b2d73746577617264__enc.302e302e31 | tenant: public | md5: 5fba310c0ac4232caa3ba78cac6b06ce
2026-10-02 12:00:59,834|opType: publish | rt: 11ms | status: success | requestIp: null | dataId: resource_config_AGENTS__md.json | group: agentspec__enc.7a6b2d73746577617264__enc.302e302e31 | tenant: public | md5: 3a869887574a6fea2c0a0a1dd7fd1885
2026-10-02 12:00:59,847|opType: publish | rt: 11ms | status: success | requestIp: null | dataId: resource_config_SOUL__md.json | group: agentspec__enc.7a6b2d73746577617264__enc.302e302e31 | tenant: public | md5: 45a9b6616f35c52b0cd75e9907fc672b
2026-10-02 12:00:59,852|opType: publish | rt: 9ms | status: success | requestIp: null | dataId: resource_config_MEMORY__md.json | group: agentspec__enc.7a6b2d73746577617264__enc.302e302e31 | tenant: public | md5: f3b546095fb0630371922559fa56f19f
2026-10-02 12:00:59,871|opType: publish | rt: 6ms | status: success | requestIp: null | dataId: SKILL.md | group: skill_enc.6c616e64696e672d706167652d64657369676e__enc.302e302e31 | tenant: public | md5: dad943aec23913ea93e0ec96da8efdba
2026-10-02 12:00:59,950|opType: publish | rt: 6ms | status: success | requestIp: null | dataId: SKILL.md | group: skill_enc.6c696e6b6564696e2d636f6e74656e74__enc.302e302e31 | tenant: public | md5: 3c9947eaf7d63a9aa41f402eb1f614db
2026-10-02 12:00:59,982|opType: publish | rt: 3ms | status: success | requestIp: null | dataId: skill_index.json | group: skill_javascript-sdk | tenant: public | md5: b6ecbf76e5f2b8d5365ec7680c51ed53
2026-10-02 12:00:59,994|opType: publish | rt: 6ms | status: success | requestIp: null | dataId: SKILL.md | group: skill_enc.6c6c6d2d6d6f64656c73__enc.302e302e31 | tenant: public | md5: 00959d9f17eadfa31c9ba63be0008fb8
2026-10-02 12:01:00,096|opType: publish | rt: 11ms | status: success | requestIp: null | dataId: skill_index.json | group: skill_landing-page-design | tenant: public | md5: a954ba25a6022882637d1312aa486859
2026-10-02 12:01:00,110|opType: delete | rt: 17ms | status: success | requestIp: null | dataId: nacos.ai.agentspec.bootstrap | group: nacos_internal | tenant: public | md5: 8ff73bdbe5b94d4b27617cb22208353c
2026-10-02 12:01:00,196|opType: publish | rt: 12ms | status: success | requestIp: null | dataId: skill_index.json | group: skill_linkedin-content | tenant: public | md5: a954ba25a6022882637d1312aa486859
2026-10-02 12:01:00,231|opType: publish | rt: 37ms | status: success | requestIp: null | dataId: SKILL.md | group: skill_enc.6c6f676f2d64657369676e2d6775696465__enc.302e302e31 | tenant: public | md5: f8a33e8cc7136c7709f4fd0a8057f499
2026-10-02 12:01:00,244|opType: publish | rt: 6ms | status: success | requestIp: null | dataId: skill_index.json | group: skill_llm-models | tenant: public | md5: a954ba25a6022882637d1312aa486859
2026-10-02 12:01:00,340|opType: publish | rt: 8ms | status: success | requestIp: null | dataId: SKILL.md | group: skill_enc.6e616e6f2d62616e616e61__enc.302e302e31 | tenant: public | md5: 3eae5844d16d201f21a64ac001a55608
2026-10-02 12:01:00,434|opType: publish | rt: 6ms | status: success | requestIp: null | dataId: SKILL.md | group: skill_enc.6e616e6f2d62616e616e612d32__enc.302e302e31 | tenant: public | md5: 1e130716f6ce28023fd3f4bdd6b085be
2026-10-02 12:01:00,459|opType: publish | rt: 9ms | status: success | requestIp: null | dataId: skill_index.json | group: skill_logo-design-guide | tenant: public | md5: a954ba25a6022882637d1312aa486859
2026-10-02 12:01:00,462|opType: publish | rt: 10ms | status: success | requestIp: null | dataId: SKILL.md | group: skill_enc.6e6577736c65747465722d6375726174696f6e__enc.302e302e31 | tenant: public | md5: b05a53dce522d261dd5420af6d4f64ca
2026-10-02 12:01:00,564|opType: publish | rt: 6ms | status: success | requestIp: null | dataId: skill_index.json | group: skill_nano-banana | tenant: public | md5: a954ba25a6022882637d1312aa486859
2026-10-02 12:01:00,663|opType: publish | rt: 6ms | status: success | requestIp: null | dataId: skill_index.json | group: skill_nano-banana-2 | tenant: public | md5: a954ba25a6022882637d1312aa486859
2026-10-02 12:01:00,702|opType: publish | rt: 12ms | status: success | requestIp: null | dataId: SKILL.md | group: skill_enc.6f672d696d6167652d64657369676e__enc.302e302e31 | tenant: public | md5: 13d4f39b39646a73ab0595c0a8b9e906
2026-10-02 12:01:00,709|opType: publish | rt: 6ms | status: success | requestIp: null | dataId: skill_index.json | group: skill_newsletter-curation | tenant: public | md5: a954ba25a6022882637d1312aa486859
2026-10-02 12:01:00,778|opType: publish | rt: 6ms | status: success | requestIp: null | dataId: SKILL.md | group: skill_enc.702d696d616765__enc.302e302e31 | tenant: public | md5: 143ed6de611dc1b674595d4c7ecc867b
2026-10-02 12:01:00,898|opType: publish | rt: 7ms | status: success | requestIp: null | dataId: SKILL.md | group: skill_enc.702d766964656f__enc.302e302e31 | tenant: public | md5: 8e48416f1f3c703106b7f96bee1cf21f
2026-10-02 12:01:00,933|opType: publish | rt: 11ms | status: success | requestIp: null | dataId: skill_index.json | group: skill_og-image-design | tenant: public | md5: a954ba25a6022882637d1312aa486859
2026-10-02 12:01:00,935|opType: publish | rt: 10ms | status: success | requestIp: null | dataId: SKILL.md | group: skill_enc.70697463682d6465636b2d76697375616c73__enc.302e302e31 | tenant: public | md5: 93d538292b645783a283a89ede43ff23
2026-10-02 12:01:01,017|opType: publish | rt: 6ms | status: success | requestIp: null | dataId: skill_index.json | group: skill_p-image | tenant: public | md5: a954ba25a6022882637d1312aa486859
2026-10-02 12:01:01,159|opType: publish | rt: 10ms | status: success | requestIp: null | dataId: SKILL.md | group: skill_enc.70726573732d72656c656173652d77726974696e67__enc.302e302e31 | tenant: public | md5: 3ecd6eab5610f77c8c16d8f63445e04c
2026-10-02 12:01:01,166|opType: publish | rt: 10ms | status: success | requestIp: null | dataId: skill_index.json | group: skill_p-video | tenant: public | md5: a954ba25a6022882637d1312aa486859
2026-10-02 12:01:01,168|opType: publish | rt: 7ms | status: success | requestIp: null | dataId: skill_index.json | group: skill_pitch-deck-visuals | tenant: public | md5: a954ba25a6022882637d1312aa486859
2026-10-02 12:01:01,258|opType: publish | rt: 7ms | status: success | requestIp: null | dataId: SKILL.md | group: skill_enc.70726f647563742d6368616e67656c6f67__enc.302e302e31 | tenant: public | md5: 932ebff5ace958015fa12f9de5f78307
2026-10-02 12:01:01,393|opType: publish | rt: 10ms | status: success | requestIp: null | dataId: SKILL.md | group: skill_enc.70726f647563742d68756e742d6c61756e6368__enc.302e302e31 | tenant: public | md5: 908edb6cb1f041007c49d151154090fb
2026-10-02 12:01:01,398|opType: publish | rt: 10ms | status: success | requestIp: null | dataId: SKILL.md | group: skill_enc.70726f647563742d70686f746f677261706879__enc.302e302e31 | tenant: public | md5: f162dec04391dea867e922e6976666a9
2026-10-02 12:01:01,400|opType: publish | rt: 10ms | status: success | requestIp: null | dataId: skill_index.json | group: skill_press-release-writing | tenant: public | md5: a954ba25a6022882637d1312aa486859
2026-10-02 12:01:01,491|opType: publish | rt: 5ms | status: success | requestIp: null | dataId: skill_index.json | group: skill_product-changelog | tenant: public | md5: a954ba25a6022882637d1312aa486859
2026-10-02 12:01:01,628|opType: publish | rt: 13ms | status: success | requestIp: null | dataId: SKILL.md | group: skill_enc.70726f6d70742d656e67696e656572696e67__enc.302e302e31 | tenant: public | md5: 319e837f5766ef7ddc6a664200b8c794
2026-10-02 12:01:01,636|opType: publish | rt: 10ms | status: success | requestIp: null | dataId: skill_index.json | group: skill_product-hunt-launch | tenant: public | md5: a954ba25a6022882637d1312aa486859
2026-10-02 12:01:01,638|opType: publish | rt: 7ms | status: success | requestIp: null | dataId: skill_index.json | group: skill_product-photography | tenant: public | md5: a954ba25a6022882637d1312aa486859
2026-10-02 12:01:01,730|opType: publish | rt: 5ms | status: success | requestIp: null | dataId: SKILL.md | group: skill_enc.707974686f6e2d6578656375746f72__enc.302e302e31 | tenant: public | md5: 639f89c6d8704b76c29bd47683052f81
2026-10-02 12:01:01,864|opType: publish | rt: 9ms | status: success | requestIp: null | dataId: SKILL.md | group: skill_enc.707974686f6e2d73646b__enc.302e302e31 | tenant: public | md5: 979c3ad1c26f83506c3bae164374ed5f
2026-10-02 12:01:01,870|opType: publish | rt: 11ms | status: success | requestIp: null | dataId: enc.7265666572656e6365732f746f6f6c2d6275696c6465722e6d64 | group: skill_enc.707974686f6e2d73646b__enc.302e302e31 | tenant: public | md5: b98d081c424aafde836b63cdf640ed4f
2026-10-02 12:01:01,874|opType: publish | rt: 10ms | status: success | requestIp: null | dataId: enc.7265666572656e6365732f6167656e742d7061747465726e732e6d64 | group: skill_enc.707974686f6e2d73646b__enc.302e302e31 | tenant: public | md5: de5a4508c3d3aa59debb4dcdc324d7c2
2026-10-02 12:01:01,879|opType: publish | rt: 9ms | status: success | requestIp: null | dataId: enc.7265666572656e6365732f73657373696f6e732e6d64 | group: skill_enc.707974686f6e2d73646b__enc.302e302e31 | tenant: public | md5: e90d7169b6ecf884459a76ce28e72caf
2026-10-02 12:01:01,886|opType: publish | rt: 12ms | status: success | requestIp: null | dataId: enc.7265666572656e6365732f66696c65732e6d64 | group: skill_enc.707974686f6e2d73646b__enc.302e302e31 | tenant: public | md5: 152508beebc75fd185d774a9d39d8cdb
2026-10-02 12:01:01,892|opType: publish | rt: 13ms | status: success | requestIp: null | dataId: enc.7265666572656e6365732f73747265616d696e672e6d64 | group: skill_enc.707974686f6e2d73646b__enc.302e302e31 | tenant: public | md5: bff63bb4b67403ce9d04add732cf5258
2026-10-02 12:01:01,898|opType: publish | rt: 12ms | status: success | requestIp: null | dataId: enc.7265666572656e6365732f6173796e632d7061747465726e732e6d64 | group: skill_enc.707974686f6e2d73646b__enc.302e302e31 | tenant: public | md5: ac0f180ce6c86f9a5f90165a568579fc
2026-10-02 12:01:01,903|opType: publish | rt: 11ms | status: success | requestIp: null | dataId: SKILL.md | group: skill_enc.7177656e2d696d6167652d32__enc.302e302e31 | tenant: public | md5: 9831b25a4945d328f1e15ac05a9d0fd2
2026-10-02 12:01:01,905|opType: publish | rt: 10ms | status: success | requestIp: null | dataId: skill_index.json | group: skill_prompt-engineering | tenant: public | md5: a954ba25a6022882637d1312aa486859
2026-10-02 12:01:01,970|opType: publish | rt: 6ms | status: success | requestIp: null | dataId: skill_index.json | group: skill_python-executor | tenant: public | md5: a954ba25a6022882637d1312aa486859
2026-10-02 12:01:02,148|opType: publish | rt: 12ms | status: success | requestIp: null | dataId: SKILL.md | group: skill_enc.7177656e2d696d6167652d322d70726f__enc.302e302e31 | tenant: public | md5: dbda7bc12f15c39053dfdad54cf7c0d9
2026-10-02 12:01:02,164|opType: publish | rt: 17ms | status: success | requestIp: null | dataId: skill_index.json | group: skill_python-sdk | tenant: public | md5: 2b785075509cd5cad9535c985aa3fd61
2026-10-02 12:01:02,166|opType: publish | rt: 16ms | status: success | requestIp: null | dataId: skill_index.json | group: skill_qwen-image-2 | tenant: public | md5: a954ba25a6022882637d1312aa486859
2026-10-02 12:01:02,180|opType: publish | rt: 5ms | status: success | requestIp: null | dataId: SKILL.md | group: skill_enc.72656c617465642d736b696c6c__enc.302e302e31 | tenant: public | md5: a9be7c18202003a6e4fbac9338d1be28
2026-10-02 12:01:02,385|opType: publish | rt: 9ms | status: success | requestIp: null | dataId: SKILL.md | group: skill_enc.72656d6f74696f6e2d72656e646572__enc.302e302e31 | tenant: public | md5: 12175d08b9746a3516747936a75933f4
2026-10-02 12:01:02,393|opType: publish | rt: 11ms | status: success | requestIp: null | dataId: skill_index.json | group: skill_qwen-image-2-pro | tenant: public | md5: a954ba25a6022882637d1312aa486859
2026-10-02 12:01:02,398|opType: publish | rt: 10ms | status: success | requestIp: null | dataId: SKILL.md | group: skill_enc.73656f2d636f6e74656e742d6272696566__enc.302e302e31 | tenant: public | md5: 05cf45909af7a24fc5c9140b556f6fb3
2026-10-02 12:01:02,406|opType: publish | rt: 6ms | status: success | requestIp: null | dataId: skill_index.json | group: skill_related-skill | tenant: public | md5: a954ba25a6022882637d1312aa486859
2026-10-02 12:01:02,625|opType: publish | rt: 13ms | status: success | requestIp: null | dataId: SKILL.md | group: skill_enc.736f6369616c2d6d656469612d6361726f7573656c__enc.302e302e31 | tenant: public | md5: 098fc9bcf174145ea30b6df9b6fed58b
2026-10-02 12:01:02,630|opType: publish | rt: 11ms | status: success | requestIp: null | dataId: SKILL.md | group: skill_enc.7370656563682d746f2d74657874__enc.302e302e31 | tenant: public | md5: 2996a918aa7577a758b988c3453e9458
2026-10-02 12:01:02,634|opType: publish | rt: 9ms | status: success | requestIp: null | dataId: skill_index.json | group: skill_remotion-render | tenant: public | md5: a954ba25a6022882637d1312aa486859
2026-10-02 12:01:02,637|opType: publish | rt: 10ms | status: success | requestIp: null | dataId: skill_index.json | group: skill_seo-content-brief | tenant: public | md5: a954ba25a6022882637d1312aa486859
2026-10-02 12:01:02,880|opType: publish | rt: 12ms | status: success | requestIp: null | dataId: SKILL.md | group: skill_enc.73746f7279626f6172642d6372656174696f6e__enc.302e302e31 | tenant: public | md5: 41eaddc49f979a2b33f194a73a79d27c
2026-10-02 12:01:02,882|opType: publish | rt: 11ms | status: success | requestIp: null | dataId: SKILL.md | group: skill_enc.74616c6b696e672d686561642d70726f64756374696f6e__enc.302e302e31 | tenant: public | md5: 55fa070654fa9bfd113d7239cfe72136
2026-10-02 12:01:02,891|opType: publish | rt: 11ms | status: success | requestIp: null | dataId: skill_index.json | group: skill_social-media-carousel | tenant: public | md5: a954ba25a6022882637d1312aa486859
2026-10-02 12:01:02,894|opType: publish | rt: 9ms | status: success | requestIp: null | dataId: skill_index.json | group: skill_speech-to-text | tenant: public | md5: a954ba25a6022882637d1312aa486859
2026-10-02 12:01:03,132|opType: publish | rt: 11ms | status: success | requestIp: null | dataId: SKILL.md | group: skill_enc.746563686e6963616c2d626c6f672d77726974696e67__enc.302e302e31 | tenant: public | md5: e836421bc342048a45ddb6924404974a
2026-10-02 12:01:03,135|opType: publish | rt: 11ms | status: success | requestIp: null | dataId: SKILL.md | group: skill_enc.746578742d746f2d737065656368__enc.302e302e31 | tenant: public | md5: 335556cf18f7699a8ba8f5b050461afe
2026-10-02 12:01:03,142|opType: publish | rt: 10ms | status: success | requestIp: null | dataId: skill_index.json | group: skill_storyboard-creation | tenant: public | md5: a954ba25a6022882637d1312aa486859
2026-10-02 12:01:03,144|opType: publish | rt: 7ms | status: success | requestIp: null | dataId: skill_index.json | group: skill_talking-head-production | tenant: public | md5: a954ba25a6022882637d1312aa486859
2026-10-02 12:01:03,363|opType: publish | rt: 10ms | status: success | requestIp: null | dataId: SKILL.md | group: skill_enc.746f6f6c732d7569__enc.302e302e31 | tenant: public | md5: 080264f1ec8841072b71d589ff7f4bea
2026-10-02 12:01:03,365|opType: publish | rt: 10ms | status: success | requestIp: null | dataId: SKILL.md | group: skill_enc.747769747465722d6175746f6d6174696f6e__enc.302e302e31 | tenant: public | md5: b214cc96a5eb4481575ec2693e5abcc8
2026-10-02 12:01:03,373|opType: publish | rt: 10ms | status: success | requestIp: null | dataId: skill_index.json | group: skill_technical-blog-writing | tenant: public | md5: a954ba25a6022882637d1312aa486859
2026-10-02 12:01:03,375|opType: publish | rt: 8ms | status: success | requestIp: null | dataId: skill_index.json | group: skill_text-to-speech | tenant: public | md5: a954ba25a6022882637d1312aa486859
2026-10-02 12:01:03,603|opType: publish | rt: 24ms | status: success | requestIp: null | dataId: skill_index.json | group: skill_tools-ui | tenant: public | md5: a954ba25a6022882637d1312aa486859
2026-10-02 12:01:03,611|opType: publish | rt: 12ms | status: success | requestIp: null | dataId: SKILL.md | group: skill_enc.747769747465722d7468726561642d6372656174696f6e__enc.302e302e31 | tenant: public | md5: 91e3017e47ff56baa67c4327eccaf299
2026-10-02 12:01:03,616|opType: publish | rt: 10ms | status: success | requestIp: null | dataId: SKILL.md | group: skill_enc.766964656f2d61642d7370656373__enc.302e302e31 | tenant: public | md5: 2f4dde6a7ff5d50df6223c052fd592fc
2026-10-02 12:01:03,618|opType: publish | rt: 10ms | status: success | requestIp: null | dataId: skill_index.json | group: skill_twitter-automation | tenant: public | md5: a954ba25a6022882637d1312aa486859
2026-10-02 12:01:03,819|opType: publish | rt: 8ms | status: success | requestIp: null | dataId: SKILL.md | group: skill_enc.766964656f2d70726f6d7074696e672d6775696465__enc.302e302e31 | tenant: public | md5: 65fa95c3ddde4f5458e698e508e7d5e4
2026-10-02 12:01:03,839|opType: publish | rt: 10ms | status: success | requestIp: null | dataId: SKILL.md | group: skill_enc.7765622d736561726368__enc.302e302e31 | tenant: public | md5: 84e3a03449082a744363c139378cd41b
2026-10-02 12:01:03,841|opType: publish | rt: 10ms | status: success | requestIp: null | dataId: skill_index.json | group: skill_twitter-thread-creation | tenant: public | md5: a954ba25a6022882637d1312aa486859
2026-10-02 12:01:03,845|opType: publish | rt: 6ms | status: success | requestIp: null | dataId: skill_index.json | group: skill_video-ad-specs | tenant: public | md5: a954ba25a6022882637d1312aa486859
2026-10-02 12:01:04,046|opType: publish | rt: 8ms | status: success | requestIp: null | dataId: skill_index.json | group: skill_video-prompting-guide | tenant: public | md5: a954ba25a6022882637d1312aa486859
2026-10-02 12:01:04,063|opType: publish | rt: 11ms | status: success | requestIp: null | dataId: SKILL.md | group: skill_enc.776964676574732d7569__enc.302e302e31 | tenant: public | md5: 7f0a5d81943c4f288db3c11165686cae
2026-10-02 12:01:04,071|opType: publish | rt: 17ms | status: success | requestIp: null | dataId: SKILL.md | group: skill_enc.796f75747562652d7468756d626e61696c2d64657369676e__enc.302e302e31 | tenant: public | md5: ba720264e7443284264d57530c5fc066
2026-10-02 12:01:04,077|opType: publish | rt: 14ms | status: success | requestIp: null | dataId: skill_index.json | group: skill_web-search | tenant: public | md5: a954ba25a6022882637d1312aa486859
2026-10-02 12:01:04,410|opType: publish | rt: 73ms | status: success | requestIp: null | dataId: scripts | group: skill_enc.75692d75782d70726f2d6d6178__enc.302e302e31 | tenant: public | md5: 928733f4cbb45a12083e49bc47cf2cdf
2026-10-02 12:01:04,413|opType: publish | rt: 104ms | status: success | requestIp: null | dataId: SKILL.md | group: skill_enc.75692d75782d70726f2d6d6178__enc.302e302e31 | tenant: public | md5: 813c19d8b04b13d817a316a7f406a591
2026-10-02 12:01:04,418|opType: publish | rt: 19ms | status: success | requestIp: null | dataId: data | group: skill_enc.75692d75782d70726f2d6d6178__enc.302e302e31 | tenant: public | md5: 5f08becd531396967ea430bb5db7a79e
2026-10-02 12:01:04,426|opType: publish | rt: 16ms | status: success | requestIp: null | dataId: skill_index.json | group: skill_widgets-ui | tenant: public | md5: a954ba25a6022882637d1312aa486859
2026-10-02 12:01:04,431|opType: publish | rt: 13ms | status: success | requestIp: null | dataId: skill_index.json | group: skill_youtube-thumbnail-design | tenant: public | md5: a954ba25a6022882637d1312aa486859
2026-10-02 12:01:04,436|opType: publish | rt: 11ms | status: success | requestIp: null | dataId: enc.736372697074732f73746f702d7365727665722e7368 | group: skill_enc.627261696e73746f726d696e67__enc.302e302e31 | tenant: public | md5: 3d59796ec5ca347c5eb95adbc4914bb8
2026-10-02 12:01:04,441|opType: publish | rt: 10ms | status: success | requestIp: null | dataId: SKILL.md | group: skill_enc.627261696e73746f726d696e67__enc.302e302e31 | tenant: public | md5: 10211aec2eed0d31a5513171c36e4b04
2026-10-02 12:01:04,448|opType: publish | rt: 12ms | status: success | requestIp: null | dataId: enc.736372697074732f68656c7065722e6a73 | group: skill_enc.627261696e73746f726d696e67__enc.302e302e31 | tenant: public | md5: cef288b6b4543910ffc7826c3a036a55
2026-10-02 12:01:04,454|opType: publish | rt: 13ms | status: success | requestIp: null | dataId: enc.736372697074732f7365727665722e636a73 | group: skill_enc.627261696e73746f726d696e67__enc.302e302e31 | tenant: public | md5: 92954f8fd4a9dc5dc9bcea5a17511623
2026-10-02 12:01:04,459|opType: publish | rt: 11ms | status: success | requestIp: null | dataId: spec-document-reviewer-prompt.md | group: skill_enc.627261696e73746f726d696e67__enc.302e302e31 | tenant: public | md5: ea74c0f2369ae553c62f36af4ed3d424
2026-10-02 12:01:04,464|opType: publish | rt: 10ms | status: success | requestIp: null | dataId: enc.736372697074732f6672616d652d74656d706c6174652e68746d6c | group: skill_enc.627261696e73746f726d696e67__enc.302e302e31 | tenant: public | md5: b84f721842a76863e21074fb607b03d5
2026-10-02 12:01:04,469|opType: publish | rt: 10ms | status: success | requestIp: null | dataId: visual-companion.md | group: skill_enc.627261696e73746f726d696e67__enc.302e302e31 | tenant: public | md5: 98407f42a43e3c3e3aae399376821e7e
2026-10-02 12:01:04,472|opType: publish | rt: 11ms | status: success | requestIp: null | dataId: enc.736372697074732f73746172742d7365727665722e7368 | group: skill_enc.627261696e73746f726d696e67__enc.302e302e31 | tenant: public | md5: 386ba065fd00d2f3d8d5303c26d413f5
2026-10-02 12:01:04,656|opType: publish | rt: 10ms | status: success | requestIp: null | dataId: SKILL.md | group: skill_enc.6469737061746368696e672d706172616c6c656c2d6167656e7473__enc.302e302e31 | tenant: public | md5: 23b0dbb4e34006dc33a262fa8ec8899f
2026-10-02 12:01:04,659|opType: publish | rt: 10ms | status: success | requestIp: null | dataId: SKILL.md | group: skill_enc.657865637574696e672d706c616e73__enc.302e302e31 | tenant: public | md5: 275afd78c8e8330413c68032a022f983
2026-10-02 12:01:04,669|opType: publish | rt: 13ms | status: success | requestIp: null | dataId: skill_index.json | group: skill_ui-ux-pro-max | tenant: public | md5: 72cf3215ba5dfc6a5e827a7d3ce891f5
2026-10-02 12:01:04,692|opType: publish | rt: 7ms | status: success | requestIp: null | dataId: skill_index.json | group: skill_brainstorming | tenant: public | md5: 007db6719975888e070f1cb19ce26b2b
2026-10-02 12:01:04,908|opType: publish | rt: 34ms | status: success | requestIp: null | dataId: skill_index.json | group: skill_dispatching-parallel-agents | tenant: public | md5: a954ba25a6022882637d1312aa486859
2026-10-02 12:01:04,937|opType: publish | rt: 56ms | status: success | requestIp: null | dataId: skill_index.json | group: skill_executing-plans | tenant: public | md5: a954ba25a6022882637d1312aa486859
2026-10-02 12:01:04,961|opType: publish | rt: 42ms | status: success | requestIp: null | dataId: SKILL.md | group: skill_enc.66696e697368696e672d612d646576656c6f706d656e742d6272616e6368__enc.302e302e31 | tenant: public | md5: d4a08c742601465d085529b0ee7a2c76
2026-10-02 12:01:04,963|opType: publish | rt: 36ms | status: success | requestIp: null | dataId: SKILL.md | group: skill_enc.726563656976696e672d636f64652d726576696577__enc.302e302e31 | tenant: public | md5: 73bf804d09a40cc951f976ba1dfe7c14
2026-10-02 12:01:05,145|opType: publish | rt: 12ms | status: success | requestIp: null | dataId: SKILL.md | group: skill_enc.72657175657374696e672d636f64652d726576696577__enc.302e302e31 | tenant: public | md5: 1e6a7fc981addb6afc124ae4301c647e
2026-10-02 12:01:05,147|opType: publish | rt: 9ms | status: success | requestIp: null | dataId: code-reviewer.md | group: skill_enc.72657175657374696e672d636f64652d726576696577__enc.302e302e31 | tenant: public | md5: 305ed1ed604a64c61c2dde96124c2e11
2026-10-02 12:01:05,157|opType: publish | rt: 10ms | status: success | requestIp: null | dataId: SKILL.md | group: skill_enc.7375626167656e742d64726976656e2d646576656c6f706d656e74__enc.302e302e31 | tenant: public | md5: 83d0056b6120b8b53722e0bf8140042e
2026-10-02 12:01:05,163|opType: publish | rt: 11ms | status: success | requestIp: null | dataId: implementer-prompt.md | group: skill_enc.7375626167656e742d64726976656e2d646576656c6f706d656e74__enc.302e302e31 | tenant: public | md5: b856c2076801a91854adf094a907de9c
2026-10-02 12:01:05,168|opType: publish | rt: 11ms | status: success | requestIp: null | dataId: code-quality-reviewer-prompt.md | group: skill_enc.7375626167656e742d64726976656e2d646576656c6f706d656e74__enc.302e302e31 | tenant: public | md5: b411003e0281322218490c6a2ca0ec33
2026-10-02 12:01:05,172|opType: publish | rt: 12ms | status: success | requestIp: null | dataId: spec-reviewer-prompt.md | group: skill_enc.7375626167656e742d64726976656e2d646576656c6f706d656e74__enc.302e302e31 | tenant: public | md5: ecc20717d0b31a9013ba732f366eba8f
2026-10-02 12:01:05,220|opType: publish | rt: 41ms | status: success | requestIp: null | dataId: skill_index.json | group: skill_finishing-a-development-branch | tenant: public | md5: a954ba25a6022882637d1312aa486859
2026-10-02 12:01:05,256|opType: publish | rt: 39ms | status: success | requestIp: null | dataId: skill_index.json | group: skill_receiving-code-review | tenant: public | md5: a954ba25a6022882637d1312aa486859
2026-10-02 12:01:05,365|opType: publish | rt: 5ms | status: success | requestIp: null | dataId: skill_index.json | group: skill_requesting-code-review | tenant: public | md5: 7bc5802ac837eeb7fed0626cdc332132
2026-10-02 12:01:05,394|opType: publish | rt: 6ms | status: success | requestIp: null | dataId: skill_index.json | group: skill_subagent-driven-development | tenant: public | md5: 7acf0d91d8d5dbce744b23689adcbbdf
2026-10-02 12:01:05,457|opType: publish | rt: 11ms | status: success | requestIp: null | dataId: SKILL.md | group: skill_enc.73797374656d617469632d646562756767696e67__enc.302e302e31 | tenant: public | md5: 03b93b50cf930b76a24f1370ae0b7b89
2026-10-02 12:01:05,464|opType: publish | rt: 10ms | status: success | requestIp: null | dataId: test-pressure-3.md | group: skill_enc.73797374656d617469632d646562756767696e67__enc.302e302e31 | tenant: public | md5: 42ea1bd281ca8d837f5dd45143762b95
2026-10-02 12:01:05,469|opType: publish | rt: 10ms | status: success | requestIp: null | dataId: test-pressure-1.md | group: skill_enc.73797374656d617469632d646562756767696e67__enc.302e302e31 | tenant: public | md5: 3d8805e8946e3889d4de0e906af66c47
2026-10-02 12:01:05,475|opType: publish | rt: 11ms | status: success | requestIp: null | dataId: CREATION-LOG.md | group: skill_enc.73797374656d617469632d646562756767696e67__enc.302e302e31 | tenant: public | md5: 7226812eb1ce6a805732c2ff98712e4a
2026-10-02 12:01:05,479|opType: publish | rt: 10ms | status: success | requestIp: null | dataId: condition-based-waiting-example.ts | group: skill_enc.73797374656d617469632d646562756767696e67__enc.302e302e31 | tenant: public | md5: 8e502a8c1e9c7de15967202615d241d5
2026-10-02 12:01:05,484|opType: publish | rt: 10ms | status: success | requestIp: null | dataId: root-cause-tracing.md | group: skill_enc.73797374656d617469632d646562756767696e67__enc.302e302e31 | tenant: public | md5: 9b80d2e7aaff6e64f4c46f51312f126b
2026-10-02 12:01:05,490|opType: publish | rt: 11ms | status: success | requestIp: null | dataId: defense-in-depth.md | group: skill_enc.73797374656d617469632d646562756767696e67__enc.302e302e31 | tenant: public | md5: 002a0c9e8bee8fc29f85d7a434916977
2026-10-02 12:01:05,494|opType: publish | rt: 10ms | status: success | requestIp: null | dataId: test-pressure-2.md | group: skill_enc.73797374656d617469632d646562756767696e67__enc.302e302e31 | tenant: public | md5: 237f40dfd0b48af48d239ab3af499f7b
2026-10-02 12:01:05,499|opType: publish | rt: 9ms | status: success | requestIp: null | dataId: condition-based-waiting.md | group: skill_enc.73797374656d617469632d646562756767696e67__enc.302e302e31 | tenant: public | md5: c64d669f2490aa489c514304c9ad46d3
2026-10-02 12:01:05,505|opType: publish | rt: 11ms | status: success | requestIp: null | dataId: find-polluter.sh | group: skill_enc.73797374656d617469632d646562756767696e67__enc.302e302e31 | tenant: public | md5: 2ae1144fa5a66aa26c13d644a12ad0bf
2026-10-02 12:01:05,511|opType: publish | rt: 12ms | status: success | requestIp: null | dataId: test-academic.md | group: skill_enc.73797374656d617469632d646562756767696e67__enc.302e302e31 | tenant: public | md5: 272ab1d95e755a7ff9479d547168eef9
2026-10-02 12:01:05,515|opType: publish | rt: 10ms | status: success | requestIp: null | dataId: SKILL.md | group: skill_enc.746573742d64726976656e2d646576656c6f706d656e74__enc.302e302e31 | tenant: public | md5: c3dff8973aceea5b39ab1b72f7e8729a
2026-10-02 12:01:05,518|opType: publish | rt: 11ms | status: success | requestIp: null | dataId: testing-anti-patterns.md | group: skill_enc.746573742d64726976656e2d646576656c6f706d656e74__enc.302e302e31 | tenant: public | md5: f4373033bf29f06897cd63c994deb2a7
2026-10-02 12:01:05,601|opType: publish | rt: 8ms | status: success | requestIp: null | dataId: SKILL.md | group: skill_enc.7573696e672d6769742d776f726b7472656573__enc.302e302e31 | tenant: public | md5: c57e4843d69215bebb9d01acc876ac28
2026-10-02 12:01:05,613|opType: publish | rt: 9ms | status: success | requestIp: null | dataId: SKILL.md | group: skill_enc.7573696e672d7375706572706f77657273__enc.302e302e31 | tenant: public | md5: ac947240b91570e26457928b51181763
2026-10-02 12:01:05,617|opType: publish | rt: 9ms | status: success | requestIp: null | dataId: enc.7265666572656e6365732f636f6465782d746f6f6c732e6d64 | group: skill_enc.7573696e672d7375706572706f77657273__enc.302e302e31 | tenant: public | md5: 2619c271fa9cf6ad323289d60a061d35
2026-10-02 12:01:05,620|opType: publish | rt: 9ms | status: success | requestIp: null | dataId: enc.7265666572656e6365732f67656d696e692d746f6f6c732e6d64 | group: skill_enc.7573696e672d7375706572706f77657273__enc.302e302e31 | tenant: public | md5: 0e4b3f373761998ca296992e87a96c75
2026-10-02 12:01:05,762|opType: publish | rt: 11ms | status: success | requestIp: null | dataId: skill_index.json | group: skill_systematic-debugging | tenant: public | md5: 9c8c5bb54515e30b17a44a8834c038be
2026-10-02 12:01:05,767|opType: publish | rt: 13ms | status: success | requestIp: null | dataId: skill_index.json | group: skill_test-driven-development | tenant: public | md5: 32ea3146e803d8e86f0f901d33663c36
2026-10-02 12:01:05,851|opType: publish | rt: 11ms | status: success | requestIp: null | dataId: skill_index.json | group: skill_using-git-worktrees | tenant: public | md5: a954ba25a6022882637d1312aa486859
2026-10-02 12:01:05,854|opType: publish | rt: 12ms | status: success | requestIp: null | dataId: skill_index.json | group: skill_using-superpowers | tenant: public | md5: 90a4a0977184dc872dc259e25f9f087b
2026-10-02 12:01:05,988|opType: publish | rt: 10ms | status: success | requestIp: null | dataId: SKILL.md | group: skill_enc.766572696669636174696f6e2d6265666f72652d636f6d706c6574696f6e__enc.302e302e31 | tenant: public | md5: 88ef2bd568c424aabb04e88e62b7ff0d
2026-10-02 12:01:05,993|opType: publish | rt: 8ms | status: success | requestIp: null | dataId: plan-document-reviewer-prompt.md | group: skill_enc.77726974696e672d706c616e73__enc.302e302e31 | tenant: public | md5: dcad0192c2c468107951d7dcb47246a9
2026-10-02 12:01:06,028|opType: publish | rt: 38ms | status: success | requestIp: null | dataId: SKILL.md | group: skill_enc.77726974696e672d706c616e73__enc.302e302e31 | tenant: public | md5: c1c56f6e069de61e1b5cb8be376219ab
2026-10-02 12:01:06,124|opType: publish | rt: 41ms | status: success | requestIp: null | dataId: SKILL.md | group: skill_enc.77726974696e672d736b696c6c73__enc.302e302e31 | tenant: public | md5: 9943084a55ecaf965984ff03715b4777
2026-10-02 12:01:06,197|opType: publish | rt: 76ms | status: success | requestIp: null | dataId: testing-skills-with-subagents.md | group: skill_enc.77726974696e672d736b696c6c73__enc.302e302e31 | tenant: public | md5: 3b7b7942a42cb0450896d4b48cd49ed0
2026-10-02 12:01:06,339|opType: publish | rt: 142ms | status: success | requestIp: null | dataId: render-graphs.js | group: skill_enc.77726974696e672d736b696c6c73__enc.302e302e31 | tenant: public | md5: e9d8be9caa34d327cac6f746f947cee0
2026-10-02 12:01:06,340|opType: publish | rt: 183ms | status: success | requestIp: null | dataId: anthropic-best-practices.md | group: skill_enc.77726974696e672d736b696c6c73__enc.302e302e31 | tenant: public | md5: 05c7c66a824d55afc81f3be10dd04750
2026-10-02 12:01:06,405|opType: publish | rt: 136ms | status: success | requestIp: null | dataId: SKILL.md | group: skill_enc.6164617074__enc.302e302e31 | tenant: public | md5: c5c73aafbf495ca949fc0d6f64ea128e
2026-10-02 12:01:06,440|opType: publish | rt: 100ms | status: success | requestIp: null | dataId: persuasion-principles.md | group: skill_enc.77726974696e672d736b696c6c73__enc.302e302e31 | tenant: public | md5: 5f0c22c7c8c3c5e12f255719833c2545
2026-10-02 12:01:06,464|opType: publish | rt: 59ms | status: success | requestIp: null | dataId: graphviz-conventions.dot | group: skill_enc.77726974696e672d736b696c6c73__enc.302e302e31 | tenant: public | md5: 95e24bf58ed42f5f8072d62cefff591f
2026-10-02 12:01:06,470|opType: publish | rt: 30ms | status: success | requestIp: null | dataId: enc.6578616d706c65732f434c415544455f4d445f54455354494e472e6d64 | group: skill_enc.77726974696e672d736b696c6c73__enc.302e302e31 | tenant: public | md5: 2980791d97afe0f32c2eb4a6264fb8e6
2026-10-02 12:01:06,476|opType: publish | rt: 12ms | status: success | requestIp: null | dataId: skill_index.json | group: skill_verification-before-completion | tenant: public | md5: a954ba25a6022882637d1312aa486859
2026-10-02 12:01:06,479|opType: publish | rt: 12ms | status: success | requestIp: null | dataId: skill_index.json | group: skill_writing-plans | tenant: public | md5: 89b2db8899d6939d55f8bd7ebb9fd3d6
2026-10-02 12:01:06,766|opType: publish | rt: 72ms | status: success | requestIp: null | dataId: skill_index.json | group: skill_adapt | tenant: public | md5: a954ba25a6022882637d1312aa486859
2026-10-02 12:01:06,772|opType: publish | rt: 43ms | status: success | requestIp: null | dataId: SKILL.md | group: skill_enc.616e696d617465__enc.302e302e31 | tenant: public | md5: c42c3f3e7eb7be27f3e8ddcad9b30ac0
2026-10-02 12:01:06,774|opType: publish | rt: 41ms | status: success | requestIp: null | dataId: SKILL.md | group: skill_enc.617272616e6765__enc.302e302e31 | tenant: public | md5: 79835035fa4951f87525ec4744831917
2026-10-02 12:01:06,776|opType: publish | rt: 7ms | status: success | requestIp: null | dataId: skill_index.json | group: skill_writing-skills | tenant: public | md5: 2c484f5130464292f7e84bed11a18f8f
2026-10-02 12:01:07,029|opType: publish | rt: 41ms | status: success | requestIp: null | dataId: SKILL.md | group: skill_enc.6175646974__enc.302e302e31 | tenant: public | md5: 445420b2d07951da5ca1006852ab615f
2026-10-02 12:01:07,035|opType: publish | rt: 39ms | status: success | requestIp: null | dataId: SKILL.md | group: skill_enc.626f6c646572__enc.302e302e31 | tenant: public | md5: 13e686caecf096f0d550cf1431212199
2026-10-02 12:01:07,046|opType: publish | rt: 15ms | status: success | requestIp: null | dataId: skill_index.json | group: skill_animate | tenant: public | md5: a954ba25a6022882637d1312aa486859
2026-10-02 12:01:07,048|opType: publish | rt: 11ms | status: success | requestIp: null | dataId: skill_index.json | group: skill_arrange | tenant: public | md5: a954ba25a6022882637d1312aa486859
2026-10-02 12:01:07,265|opType: publish | rt: 10ms | status: success | requestIp: null | dataId: skill_index.json | group: skill_audit | tenant: public | md5: a954ba25a6022882637d1312aa486859
2026-10-02 12:01:07,270|opType: publish | rt: 10ms | status: success | requestIp: null | dataId: SKILL.md | group: skill_enc.636c6172696679__enc.302e302e31 | tenant: public | md5: 0dc9ed50437768644095d9504faa4060
2026-10-02 12:01:07,274|opType: publish | rt: 9ms | status: success | requestIp: null | dataId: skill_index.json | group: skill_bolder | tenant: public | md5: a954ba25a6022882637d1312aa486859
2026-10-02 12:01:07,276|opType: publish | rt: 9ms | status: success | requestIp: null | dataId: SKILL.md | group: skill_enc.636f6c6f72697a65__enc.302e302e31 | tenant: public | md5: c6b384e7da6076d3a65f09b10298ee6b
2026-10-02 12:01:07,522|opType: publish | rt: 36ms | status: success | requestIp: null | dataId: SKILL.md | group: skill_enc.6372697469717565__enc.302e302e31 | tenant: public | md5: f5a6e4ff47c8973ad7e77c0fa4325116
2026-10-02 12:01:07,526|opType: publish | rt: 35ms | status: success | requestIp: null | dataId: enc.7265666572656e63652f686575726973746963732d73636f72696e672e6d64 | group: skill_enc.6372697469717565__enc.302e302e31 | tenant: public | md5: a96aa92aba66aadb5e8c9a7a64eb6495
2026-10-02 12:01:07,531|opType: publish | rt: 10ms | status: success | requestIp: null | dataId: enc.7265666572656e63652f636f676e69746976652d6c6f61642e6d64 | group: skill_enc.6372697469717565__enc.302e302e31 | tenant: public | md5: 3b484345a2464be0a1c18e981ae9078d
2026-10-02 12:01:07,533|opType: publish | rt: 9ms | status: success | requestIp: null | dataId: enc.7265666572656e63652f706572736f6e61732e6d64 | group: skill_enc.6372697469717565__enc.302e302e31 | tenant: public | md5: 291d0989b0938c907ef33cd6c895e6b8
2026-10-02 12:01:07,538|opType: publish | rt: 9ms | status: success | requestIp: null | dataId: SKILL.md | group: skill_enc.64656c69676874__enc.302e302e31 | tenant: public | md5: 25bd4a7cfaf90b73019638a3ced41008
2026-10-02 12:01:07,543|opType: publish | rt: 10ms | status: success | requestIp: null | dataId: skill_index.json | group: skill_clarify | tenant: public | md5: a954ba25a6022882637d1312aa486859
2026-10-02 12:01:07,546|opType: publish | rt: 10ms | status: success | requestIp: null | dataId: skill_index.json | group: skill_colorize | tenant: public | md5: a954ba25a6022882637d1312aa486859
2026-10-02 12:01:07,767|opType: publish | rt: 10ms | status: success | requestIp: null | dataId: SKILL.md | group: skill_enc.64697374696c6c__enc.302e302e31 | tenant: public | md5: b03e288aab52390571aa525d07334a11
2026-10-02 12:01:07,770|opType: publish | rt: 11ms | status: success | requestIp: null | dataId: SKILL.md | group: skill_enc.65787472616374__enc.302e302e31 | tenant: public | md5: 9b67eba633c16409a1d516c8f5f20d46
2026-10-02 12:01:07,778|opType: publish | rt: 11ms | status: success | requestIp: null | dataId: skill_index.json | group: skill_critique | tenant: public | md5: 9b7bad12b037de0922706f136e3a62b3
2026-10-02 12:01:07,780|opType: publish | rt: 8ms | status: success | requestIp: null | dataId: skill_index.json | group: skill_delight | tenant: public | md5: a954ba25a6022882637d1312aa486859
2026-10-02 12:01:08,158|opType: publish | rt: 112ms | status: success | requestIp: null | dataId: SKILL.md | group: skill_enc.68617264656e__enc.302e302e31 | tenant: public | md5: 05a2cbfc53c357a131b559350d4869b6
2026-10-02 12:01:08,161|opType: publish | rt: 86ms | status: success | requestIp: null | dataId: SKILL.md | group: skill_enc.6e6f726d616c697a65__enc.302e302e31 | tenant: public | md5: d9731310395a3fd2a25522e15ff5a43f
2026-10-02 12:01:08,168|opType: publish | rt: 43ms | status: success | requestIp: null | dataId: skill_index.json | group: skill_distill | tenant: public | md5: a954ba25a6022882637d1312aa486859
2026-10-02 12:01:08,171|opType: publish | rt: 11ms | status: success | requestIp: null | dataId: skill_index.json | group: skill_extract | tenant: public | md5: a954ba25a6022882637d1312aa486859
2026-10-02 12:01:08,392|opType: publish | rt: 10ms | status: success | requestIp: null | dataId: SKILL.md | group: skill_enc.6f6e626f617264__enc.302e302e31 | tenant: public | md5: 1a9e6ade07f1718de42430a7502c9508
2026-10-02 12:01:08,394|opType: publish | rt: 10ms | status: success | requestIp: null | dataId: SKILL.md | group: skill_enc.6f7074696d697a65__enc.302e302e31 | tenant: public | md5: e7916723f9eb60a03137e9a8bb59477a
2026-10-02 12:01:08,400|opType: publish | rt: 8ms | status: success | requestIp: null | dataId: skill_index.json | group: skill_harden | tenant: public | md5: a954ba25a6022882637d1312aa486859
2026-10-02 12:01:08,406|opType: publish | rt: 9ms | status: success | requestIp: null | dataId: skill_index.json | group: skill_normalize | tenant: public | md5: a954ba25a6022882637d1312aa486859
2026-10-02 12:01:08,629|opType: publish | rt: 11ms | status: success | requestIp: null | dataId: SKILL.md | group: skill_enc.6f7665726472697665__enc.302e302e31 | tenant: public | md5: 6b2514cba1e63b59c9ff71225acb3b2c
2026-10-02 12:01:08,637|opType: publish | rt: 13ms | status: success | requestIp: null | dataId: SKILL.md | group: skill_enc.706f6c697368__enc.302e302e31 | tenant: public | md5: 4f43c86b62d1aed2e1fc9a3f6759783f
2026-10-02 12:01:08,642|opType: publish | rt: 13ms | status: success | requestIp: null | dataId: skill_index.json | group: skill_onboard | tenant: public | md5: a954ba25a6022882637d1312aa486859
2026-10-02 12:01:08,645|opType: publish | rt: 14ms | status: success | requestIp: null | dataId: skill_index.json | group: skill_optimize | tenant: public | md5: a954ba25a6022882637d1312aa486859
2026-10-02 12:01:08,874|opType: publish | rt: 9ms | status: success | requestIp: null | dataId: SKILL.md | group: skill_enc.71756965746572__enc.302e302e31 | tenant: public | md5: d2b110d0785d4cbfd54f7dccbf2c1ee9
2026-10-02 12:01:08,878|opType: publish | rt: 9ms | status: success | requestIp: null | dataId: SKILL.md | group: skill_enc.74656163682d696d7065636361626c65__enc.302e302e31 | tenant: public | md5: ec502bf3cfa630d051deed98b693e8d8
2026-10-02 12:01:08,884|opType: publish | rt: 8ms | status: success | requestIp: null | dataId: skill_index.json | group: skill_overdrive | tenant: public | md5: a954ba25a6022882637d1312aa486859
2026-10-02 12:01:08,886|opType: publish | rt: 6ms | status: success | requestIp: null | dataId: skill_index.json | group: skill_polish | tenant: public | md5: a954ba25a6022882637d1312aa486859
2026-10-02 12:01:09,136|opType: publish | rt: 33ms | status: success | requestIp: null | dataId: skill_index.json | group: skill_teach-impeccable | tenant: public | md5: a954ba25a6022882637d1312aa486859
2026-10-02 12:01:09,138|opType: publish | rt: 33ms | status: success | requestIp: null | dataId: SKILL.md | group: skill_enc.74797065736574__enc.302e302e31 | tenant: public | md5: 66684e801f3bd0763dd27e72c38e14d7
2026-10-02 12:01:09,141|opType: publish | rt: 26ms | status: success | requestIp: null | dataId: enc.72756c65732f617564696f2d76697375616c697a6174696f6e2e6d64 | group: skill_enc.72656d6f74696f6e2d626573742d707261637469636573__enc.302e302e31 | tenant: public | md5: 687ec85f51a09bb359c0805ee65b1f60
2026-10-02 12:01:09,141|opType: publish | rt: 22ms | status: success | requestIp: null | dataId: enc.72756c65732f7461696c77696e642e6d64 | group: skill_enc.72656d6f74696f6e2d626573742d707261637469636573__enc.302e302e31 | tenant: public | md5: 74d39a966dce24b4bb06b0a8bcd52dd5
2026-10-02 12:01:09,142|opType: publish | rt: 42ms | status: success | requestIp: null | dataId: skill_index.json | group: skill_quieter | tenant: public | md5: a954ba25a6022882637d1312aa486859
2026-10-02 12:01:09,146|opType: publish | rt: 36ms | status: success | requestIp: null | dataId: enc.72756c65732f6c6f747469652e6d64 | group: skill_enc.72656d6f74696f6e2d626573742d707261637469636573__enc.302e302e31 | tenant: public | md5: 2309fac516bcee03d7268bf019b28986
2026-10-02 12:01:09,148|opType: publish | rt: 17ms | status: success | requestIp: null | dataId: enc.72756c65732f73657175656e63696e672e6d64 | group: skill_enc.72656d6f74696f6e2d626573742d707261637469636573__enc.302e302e31 | tenant: public | md5: 3b349de58ef7e067b25b145fdfd2fc2c
2026-10-02 12:01:09,151|opType: publish | rt: 10ms | status: success | requestIp: null | dataId: enc.72756c65732f6765742d766964656f2d6475726174696f6e2e6d64 | group: skill_enc.72656d6f74696f6e2d626573742d707261637469636573__enc.302e302e31 | tenant: public | md5: cac0bcc75701b4e9a9ddf05febf7ca1a
2026-10-02 12:01:09,151|opType: publish | rt: 15ms | status: success | requestIp: null | dataId: enc.72756c65732f6d6561737572696e672d646f6d2d6e6f6465732e6d64 | group: skill_enc.72656d6f74696f6e2d626573742d707261637469636573__enc.302e302e31 | tenant: public | md5: f9382af623ca6a3b0a26f5f6f0f94c82
2026-10-02 12:01:09,151|opType: publish | rt: 26ms | status: success | requestIp: null | dataId: enc.72756c65732f657874726163742d6672616d65732e6d64 | group: skill_enc.72656d6f74696f6e2d626573742d707261637469636573__enc.302e302e31 | tenant: public | md5: 7661fc68352ae5e0a9403e22aa11cf17
2026-10-02 12:01:09,173|opType: publish | rt: 27ms | status: success | requestIp: null | dataId: enc.72756c65732f6173736574732f746578742d616e696d6174696f6e732d747970657772697465722e747378 | group: skill_enc.72656d6f74696f6e2d626573742d707261637469636573__enc.302e302e31 | tenant: public | md5: d31e0177028d9d1fc9803fa3ee7f508c
2026-10-02 12:01:09,177|opType: publish | rt: 26ms | status: success | requestIp: null | dataId: enc.72756c65732f666f6e74732e6d64 | group: skill_enc.72656d6f74696f6e2d626573742d707261637469636573__enc.302e302e31 | tenant: public | md5: 46a988fdca12c3d79eaec47dff6dc4cf
2026-10-02 12:01:09,182|opType: publish | rt: 9ms | status: success | requestIp: null | dataId: enc.72756c65732f696d706f72742d7372742d63617074696f6e732e6d64 | group: skill_enc.72656d6f74696f6e2d626573742d707261637469636573__enc.302e302e31 | tenant: public | md5: 07cc0b9c2360ff438af6902bb787601b
2026-10-02 12:01:09,186|opType: publish | rt: 9ms | status: success | requestIp: null | dataId: enc.72756c65732f696d616765732e6d64 | group: skill_enc.72656d6f74696f6e2d626573742d707261637469636573__enc.302e302e31 | tenant: public | md5: 21de75ac940c6b41f67ff4df761317fe
2026-10-02 12:01:09,191|opType: publish | rt: 10ms | status: success | requestIp: null | dataId: enc.72756c65732f7472616e736974696f6e732e6d64 | group: skill_enc.72656d6f74696f6e2d626573742d707261637469636573__enc.302e302e31 | tenant: public | md5: 39da3cf6fa38c26e855d5d943eaf6b03
2026-10-02 12:01:09,198|opType: publish | rt: 12ms | status: success | requestIp: null | dataId: enc.72756c65732f74696d696e672e6d64 | group: skill_enc.72656d6f74696f6e2d626573742d707261637469636573__enc.302e302e31 | tenant: public | md5: c44d770ca618e0609bc3b38ec72f82d3
2026-10-02 12:01:09,200|opType: publish | rt: 9ms | status: success | requestIp: null | dataId: enc.72756c65732f636f6d706f736974696f6e732e6d64 | group: skill_enc.72656d6f74696f6e2d626573742d707261637469636573__enc.302e302e31 | tenant: public | md5: 824b0d3916f3f13ce9961cd99ca2e5a4
2026-10-02 12:01:09,206|opType: publish | rt: 8ms | status: success | requestIp: null | dataId: enc.72756c65732f63616e2d6465636f64652e6d64 | group: skill_enc.72656d6f74696f6e2d626573742d707261637469636573__enc.302e302e31 | tenant: public | md5: 39321981beb1d7ee17792c81ea6b850d
2026-10-02 12:01:09,210|opType: publish | rt: 10ms | status: success | requestIp: null | dataId: enc.72756c65732f7472616e73706172656e742d766964656f732e6d64 | group: skill_enc.72656d6f74696f6e2d626573742d707261637469636573__enc.302e302e31 | tenant: public | md5: 9c4eb35d53624169b032d63739d2cf35
2026-10-02 12:01:09,215|opType: publish | rt: 10ms | status: success | requestIp: null | dataId: enc.72756c65732f6c696768742d6c65616b732e6d64 | group: skill_enc.72656d6f74696f6e2d626573742d707261637469636573__enc.302e302e31 | tenant: public | md5: 80126570ea8b1325f5e38309fd0809e1
2026-10-02 12:01:09,219|opType: publish | rt: 9ms | status: success | requestIp: null | dataId: enc.72756c65732f6173736574732f746578742d616e696d6174696f6e732d776f72642d686967686c696768742e747378 | group: skill_enc.72656d6f74696f6e2d626573742d707261637469636573__enc.302e302e31 | tenant: public | md5: 374a961d938b044d9cafdc102e074c60
2026-10-02 12:01:09,225|opType: publish | rt: 10ms | status: success | requestIp: null | dataId: SKILL.md | group: skill_enc.72656d6f74696f6e2d626573742d707261637469636573__enc.302e302e31 | tenant: public | md5: b8cad1a5254b8a9daba3e70b29e437a8
2026-10-02 12:01:09,230|opType: publish | rt: 11ms | status: success | requestIp: null | dataId: enc.72756c65732f766964656f732e6d64 | group: skill_enc.72656d6f74696f6e2d626573742d707261637469636573__enc.302e302e31 | tenant: public | md5: 95a81918543cfe9a78996c1e25ec66cf
2026-10-02 12:01:09,233|opType: publish | rt: 11ms | status: success | requestIp: null | dataId: enc.72756c65732f7375627469746c65732e6d64 | group: skill_enc.72656d6f74696f6e2d626573742d707261637469636573__enc.302e302e31 | tenant: public | md5: 5a016b7956f64529f77a516becd13661
2026-10-02 12:01:09,371|opType: publish | rt: 9ms | status: success | requestIp: null | dataId: enc.72756c65732f7472696d6d696e672e6d64 | group: skill_enc.72656d6f74696f6e2d626573742d707261637469636573__enc.302e302e31 | tenant: public | md5: 7ca81a075ac9186576e45aa97cf88e16
2026-10-02 12:01:09,375|opType: publish | rt: 9ms | status: success | requestIp: null | dataId: enc.72756c65732f676966732e6d64 | group: skill_enc.72656d6f74696f6e2d626573742d707261637469636573__enc.302e302e31 | tenant: public | md5: 8378fb79148df127988a443dddd5cbdb
2026-10-02 12:01:09,380|opType: publish | rt: 9ms | status: success | requestIp: null | dataId: enc.72756c65732f7472616e7363726962652d63617074696f6e732e6d64 | group: skill_enc.72656d6f74696f6e2d626573742d707261637469636573__enc.302e302e31 | tenant: public | md5: 6563bdb785ac372d283147ad45f1a74e
2026-10-02 12:01:09,384|opType: publish | rt: 9ms | status: success | requestIp: null | dataId: enc.72756c65732f6765742d617564696f2d6475726174696f6e2e6d64 | group: skill_enc.72656d6f74696f6e2d626573742d707261637469636573__enc.302e302e31 | tenant: public | md5: d820f23099c4573516868c9f9828bcb1
2026-10-02 12:01:09,389|opType: publish | rt: 9ms | status: success | requestIp: null | dataId: enc.72756c65732f6d6170732e6d64 | group: skill_enc.72656d6f74696f6e2d626573742d707261637469636573__enc.302e302e31 | tenant: public | md5: ddbb125e0ead3e9e551cd61f69619bf7
2026-10-02 12:01:09,393|opType: publish | rt: 9ms | status: success | requestIp: null | dataId: enc.72756c65732f6173736574732f6368617274732d6261722d63686172742e747378 | group: skill_enc.72656d6f74696f6e2d626573742d707261637469636573__enc.302e302e31 | tenant: public | md5: 6db7265a249a6a032c3ab61f23ebfae1
2026-10-02 12:01:09,398|opType: publish | rt: 9ms | status: success | requestIp: null | dataId: enc.72756c65732f617564696f2e6d64 | group: skill_enc.72656d6f74696f6e2d626573742d707261637469636573__enc.302e302e31 | tenant: public | md5: 0be2f322f986a4c4a3f0aa1186ab8b61
2026-10-02 12:01:09,402|opType: publish | rt: 9ms | status: success | requestIp: null | dataId: enc.72756c65732f6173736574732e6d64 | group: skill_enc.72656d6f74696f6e2d626573742d707261637469636573__enc.302e302e31 | tenant: public | md5: 13b5f8aec13b4a6b1375913de9832b6c
2026-10-02 12:01:09,406|opType: publish | rt: 9ms | status: success | requestIp: null | dataId: skill_index.json | group: skill_typeset | tenant: public | md5: a954ba25a6022882637d1312aa486859
2026-10-02 12:01:09,411|opType: publish | rt: 9ms | status: success | requestIp: null | dataId: enc.72756c65732f63616c63756c6174652d6d657461646174612e6d64 | group: skill_enc.72656d6f74696f6e2d626573742d707261637469636573__enc.302e302e31 | tenant: public | md5: 4a53a0155621e0aa510c83b2d9b79913
2026-10-02 12:01:09,415|opType: publish | rt: 9ms | status: success | requestIp: null | dataId: enc.72756c65732f616e696d6174696f6e732e6d64 | group: skill_enc.72656d6f74696f6e2d626573742d707261637469636573__enc.302e302e31 | tenant: public | md5: a14a4ec516f3e6b03ffc7af742bb3357
2026-10-02 12:01:09,419|opType: publish | rt: 9ms | status: success | requestIp: null | dataId: enc.72756c65732f746578742d616e696d6174696f6e732e6d64 | group: skill_enc.72656d6f74696f6e2d626573742d707261637469636573__enc.302e302e31 | tenant: public | md5: 20b4cae5317ec7e836fab5e6f15c5d99
2026-10-02 12:01:09,423|opType: publish | rt: 9ms | status: success | requestIp: null | dataId: enc.72756c65732f33642e6d64 | group: skill_enc.72656d6f74696f6e2d626573742d707261637469636573__enc.302e302e31 | tenant: public | md5: 40d292c8f9268f4dfe72d0019b28d53e
2026-10-02 12:01:09,435|opType: publish | rt: 16ms | status: success | requestIp: null | dataId: enc.72756c65732f66666d7065672e6d64 | group: skill_enc.72656d6f74696f6e2d626573742d707261637469636573__enc.302e302e31 | tenant: public | md5: ed06af714b1cc0c3f642b7fcd8686648
2026-10-02 12:01:09,440|opType: publish | rt: 17ms | status: success | requestIp: null | dataId: enc.72756c65732f706172616d65746572732e6d64 | group: skill_enc.72656d6f74696f6e2d626573742d707261637469636573__enc.302e302e31 | tenant: public | md5: 27f48c8f43cb7193a86a361f252a90ba
2026-10-02 12:01:09,452|opType: publish | rt: 18ms | status: success | requestIp: null | dataId: enc.72756c65732f766f6963656f7665722e6d64 | group: skill_enc.72656d6f74696f6e2d626573742d707261637469636573__enc.302e302e31 | tenant: public | md5: 17a79a09f5bcbdb92d9669688585cabb
2026-10-02 12:01:09,464|opType: publish | rt: 24ms | status: success | requestIp: null | dataId: enc.72756c65732f646973706c61792d63617074696f6e732e6d64 | group: skill_enc.72656d6f74696f6e2d626573742d707261637469636573__enc.302e302e31 | tenant: public | md5: 708532b08274897c46a6fadcc13c4dc9
2026-10-02 12:01:09,477|opType: publish | rt: 26ms | status: success | requestIp: null | dataId: enc.72756c65732f7366782e6d64 | group: skill_enc.72656d6f74696f6e2d626573742d707261637469636573__enc.302e302e31 | tenant: public | md5: 1452656ce5578dcba5d3175c0f8ab06f
2026-10-02 12:01:09,482|opType: publish | rt: 18ms | status: success | requestIp: null | dataId: enc.72756c65732f6d6561737572696e672d746578742e6d64 | group: skill_enc.72656d6f74696f6e2d626573742d707261637469636573__enc.302e302e31 | tenant: public | md5: a52a79877fa4dbc632cea7c131d0bd7a
2026-10-02 12:01:09,488|opType: publish | rt: 11ms | status: success | requestIp: null | dataId: enc.72756c65732f6368617274732e6d64 | group: skill_enc.72656d6f74696f6e2d626573742d707261637469636573__enc.302e302e31 | tenant: public | md5: 4e7b845b331b1002fb092a122cfb88e9
2026-10-02 12:01:09,493|opType: publish | rt: 11ms | status: success | requestIp: null | dataId: enc.72756c65732f6765742d766964656f2d64696d656e73696f6e732e6d64 | group: skill_enc.72656d6f74696f6e2d626573742d707261637469636573__enc.302e302e31 | tenant: public | md5: 3151bc43355e29e1b9df40c278b53436
2026-10-02 12:01:09,499|opType: publish | rt: 11ms | status: success | requestIp: null | dataId: SKILL.md | group: skill_enc.73757061626173652d706f7374677265732d626573742d707261637469636573__enc.312e312e30 | tenant: public | md5: 9ccdfa3ebf5cb2aebb7223af98328c11
2026-10-02 12:01:09,501|opType: publish | rt: 11ms | status: success | requestIp: null | dataId: enc.7265666572656e6365732f636f6e6e2d69646c652d74696d656f75742e6d64 | group: skill_enc.73757061626173652d706f7374677265732d626573742d707261637469636573__enc.312e312e30 | tenant: public | md5: c73ea45eecdb007786cd3b3e08e31640
2026-10-02 12:01:09,589|opType: publish | rt: 10ms | status: success | requestIp: null | dataId: enc.7265666572656e6365732f616476616e6365642d66756c6c2d746578742d7365617263682e6d64 | group: skill_enc.73757061626173652d706f7374677265732d626573742d707261637469636573__enc.312e312e30 | tenant: public | md5: f32a27eab306ad2a29db0a2a8a55b03c
2026-10-02 12:01:09,596|opType: publish | rt: 10ms | status: success | requestIp: null | dataId: enc.7265666572656e6365732f646174612d706167696e6174696f6e2e6d64 | group: skill_enc.73757061626173652d706f7374677265732d626573742d707261637469636573__enc.312e312e30 | tenant: public | md5: 0e9b3211df99b3d35f7083c984b03ccb
2026-10-02 12:01:09,600|opType: publish | rt: 9ms | status: success | requestIp: null | dataId: AGENTS.md | group: skill_enc.73757061626173652d706f7374677265732d626573742d707261637469636573__enc.312e312e30 | tenant: public | md5: 008c3c48a2274c06e17480d4c039bd63
2026-10-02 12:01:09,602|opType: publish | rt: 9ms | status: success | requestIp: null | dataId: enc.7265666572656e6365732f73656375726974792d726c732d706572666f726d616e63652e6d64 | group: skill_enc.73757061626173652d706f7374677265732d626573742d707261637469636573__enc.312e312e30 | tenant: public | md5: fcd4957af5dc87b88e1a96c190e89876
2026-10-02 12:01:09,610|opType: publish | rt: 10ms | status: success | requestIp: null | dataId: enc.7265666572656e6365732f646174612d6e2d706c75732d6f6e652e6d64 | group: skill_enc.73757061626173652d706f7374677265732d626573742d707261637469636573__enc.312e312e30 | tenant: public | md5: 4fc111bb51121f5181910b3759061ada
2026-10-02 12:01:09,614|opType: publish | rt: 9ms | status: success | requestIp: null | dataId: README.md | group: skill_enc.73757061626173652d706f7374677265732d626573742d707261637469636573__enc.312e312e30 | tenant: public | md5: 9eac79f9fb02ecc6e39227fa23010c2c
2026-10-02 12:01:09,616|opType: publish | rt: 9ms | status: success | requestIp: null | dataId: enc.7265666572656e6365732f6c6f636b2d73686f72742d7472616e73616374696f6e732e6d64 | group: skill_enc.73757061626173652d706f7374677265732d626573742d707261637469636573__enc.312e312e30 | tenant: public | md5: aea973297ac14bba2586a2ff57fd8ff7
2026-10-02 12:01:09,623|opType: publish | rt: 9ms | status: success | requestIp: null | dataId: enc.7265666572656e6365732f736368656d612d6c6f776572636173652d6964656e746966696572732e6d64 | group: skill_enc.73757061626173652d706f7374677265732d626573742d707261637469636573__enc.312e312e30 | tenant: public | md5: 1df2eae336d542d365f99abdfa968367
2026-10-02 12:01:09,630|opType: publish | rt: 9ms | status: success | requestIp: null | dataId: enc.7265666572656e6365732f646174612d62617463682d696e73657274732e6d64 | group: skill_enc.73757061626173652d706f7374677265732d626573742d707261637469636573__enc.312e312e30 | tenant: public | md5: 75a4e92f80b90818221fae51f8b994f1
2026-10-02 12:01:09,635|opType: publish | rt: 10ms | status: success | requestIp: null | dataId: enc.7265666572656e6365732f6c6f636b2d736b69702d6c6f636b65642e6d64 | group: skill_enc.73757061626173652d706f7374677265732d626573742d707261637469636573__enc.312e312e30 | tenant: public | md5: 26e9bd402801299afce06ee506a9f864
2026-10-02 12:01:09,641|opType: publish | rt: 10ms | status: success | requestIp: null | dataId: enc.7265666572656e6365732f636f6e6e2d70726570617265642d73746174656d656e74732e6d64 | group: skill_enc.73757061626173652d706f7374677265732d626573742d707261637469636573__enc.312e312e30 | tenant: public | md5: fe941145678825d273baac1fe66d4dce
2026-10-02 12:01:09,642|opType: publish | rt: 9ms | status: success | requestIp: null | dataId: enc.7265666572656e6365732f71756572792d636f766572696e672d696e64657865732e6d64 | group: skill_enc.73757061626173652d706f7374677265732d626573742d707261637469636573__enc.312e312e30 | tenant: public | md5: 5e62afcfe9289405caec1f32f351dd29
2026-10-02 12:01:09,654|opType: publish | rt: 9ms | status: success | requestIp: null | dataId: enc.7265666572656e6365732f736368656d612d706172746974696f6e696e672e6d64 | group: skill_enc.73757061626173652d706f7374677265732d626573742d707261637469636573__enc.312e312e30 | tenant: public | md5: e95568857288b614ba0d4b8cd1b4fb72
2026-10-02 12:01:09,656|opType: publish | rt: 9ms | status: success | requestIp: null | dataId: enc.7265666572656e6365732f636f6e6e2d6c696d6974732e6d64 | group: skill_enc.73757061626173652d706f7374677265732d626573742d707261637469636573__enc.312e312e30 | tenant: public | md5: 59025fe12439048e81296f28feca4ce1
2026-10-02 12:01:09,666|opType: publish | rt: 7ms | status: success | requestIp: null | dataId: enc.7265666572656e6365732f616476616e6365642d6a736f6e622d696e646578696e672e6d64 | group: skill_enc.73757061626173652d706f7374677265732d626573742d707261637469636573__enc.312e312e30 | tenant: public | md5: 5b4fbcc451879892d366fa02194bb536
2026-10-02 12:01:09,676|opType: publish | rt: 5ms | status: success | requestIp: null | dataId: enc.7265666572656e6365732f6c6f636b2d61647669736f72792e6d64 | group: skill_enc.73757061626173652d706f7374677265732d626573742d707261637469636573__enc.312e312e30 | tenant: public | md5: 3f3523b7b0a812a6906f92a6610a5a9b
2026-10-02 12:01:09,692|opType: publish | rt: 10ms | status: success | requestIp: null | dataId: enc.7265666572656e6365732f636f6e6e2d706f6f6c696e672e6d64 | group: skill_enc.73757061626173652d706f7374677265732d626573742d707261637469636573__enc.312e312e30 | tenant: public | md5: 8561b805a5e0bdfa348840266861de66
2026-10-02 12:01:09,700|opType: publish | rt: 10ms | status: success | requestIp: null | dataId: enc.7265666572656e6365732f6d6f6e69746f722d76616375756d2d616e616c797a652e6d64 | group: skill_enc.73757061626173652d706f7374677265732d626573742d707261637469636573__enc.312e312e30 | tenant: public | md5: e3d1e4f8831a37bdb1c7f364b911f7a6
2026-10-02 12:01:09,708|opType: publish | rt: 12ms | status: success | requestIp: null | dataId: enc.7265666572656e6365732f5f73656374696f6e732e6d64 | group: skill_enc.73757061626173652d706f7374677265732d626573742d707261637469636573__enc.312e312e30 | tenant: public | md5: 7cc4829a3718c745dfdbec554c30485f
2026-10-02 12:01:09,713|opType: publish | rt: 10ms | status: success | requestIp: null | dataId: enc.7265666572656e6365732f736368656d612d666f726569676e2d6b65792d696e64657865732e6d64 | group: skill_enc.73757061626173652d706f7374677265732d626573742d707261637469636573__enc.312e312e30 | tenant: public | md5: 6bc02b38edd88e56c89bab863f5c789b
2026-10-02 12:01:09,717|opType: publish | rt: 9ms | status: success | requestIp: null | dataId: enc.7265666572656e6365732f71756572792d6d697373696e672d696e64657865732e6d64 | group: skill_enc.73757061626173652d706f7374677265732d626573742d707261637469636573__enc.312e312e30 | tenant: public | md5: 1bd5f85a9c930219dd479825986bd6ad
2026-10-02 12:01:09,721|opType: publish | rt: 8ms | status: success | requestIp: null | dataId: enc.7265666572656e6365732f73656375726974792d726c732d6261736963732e6d64 | group: skill_enc.73757061626173652d706f7374677265732d626573742d707261637469636573__enc.312e312e30 | tenant: public | md5: 2349e490ff266b1c2b81a2368c054baa
2026-10-02 12:01:09,724|opType: publish | rt: 9ms | status: success | requestIp: null | dataId: skill_index.json | group: skill_remotion-best-practices | tenant: public | md5: 29170c043ef85db7fee87275936ef2a5
2026-10-02 12:01:09,819|opType: publish | rt: 9ms | status: success | requestIp: null | dataId: enc.7265666572656e6365732f736368656d612d636f6e73747261696e74732e6d64 | group: skill_enc.73757061626173652d706f7374677265732d626573742d707261637469636573__enc.312e312e30 | tenant: public | md5: e7362385f5b79c28f5e495d7c45a7a52
2026-10-02 12:01:09,827|opType: publish | rt: 10ms | status: success | requestIp: null | dataId: enc.7265666572656e6365732f736368656d612d646174612d74797065732e6d64 | group: skill_enc.73757061626173652d706f7374677265732d626573742d707261637469636573__enc.312e312e30 | tenant: public | md5: a10f1ec17bd499622d9201af3d00e0d4
2026-10-02 12:01:09,831|opType: publish | rt: 10ms | status: success | requestIp: null | dataId: enc.7265666572656e6365732f5f74656d706c6174652e6d64 | group: skill_enc.73757061626173652d706f7374677265732d626573742d707261637469636573__enc.312e312e30 | tenant: public | md5: 384ee769a417d3001e81d81b139acbf6
2026-10-02 12:01:09,837|opType: publish | rt: 11ms | status: success | requestIp: null | dataId: enc.7265666572656e6365732f5f636f6e747269627574696e672e6d64 | group: skill_enc.73757061626173652d706f7374677265732d626573742d707261637469636573__enc.312e312e30 | tenant: public | md5: 647252fcbc086e92adfa6dccb4005b67
2026-10-02 12:01:09,842|opType: publish | rt: 11ms | status: success | requestIp: null | dataId: enc.7265666572656e6365732f6d6f6e69746f722d70672d737461742d73746174656d656e74732e6d64 | group: skill_enc.73757061626173652d706f7374677265732d626573742d707261637469636573__enc.312e312e30 | tenant: public | md5: ee51d9586cf18c848563799c14dcc638
2026-10-02 12:01:09,847|opType: publish | rt: 11ms | status: success | requestIp: null | dataId: enc.7265666572656e6365732f71756572792d696e6465782d74797065732e6d64 | group: skill_enc.73757061626173652d706f7374677265732d626573742d707261637469636573__enc.312e312e30 | tenant: public | md5: ef0d4ad9d1eb0466a0bde542ade59de2
2026-10-02 12:01:09,852|opType: publish | rt: 10ms | status: success | requestIp: null | dataId: enc.7265666572656e6365732f71756572792d636f6d706f736974652d696e64657865732e6d64 | group: skill_enc.73757061626173652d706f7374677265732d626573742d707261637469636573__enc.312e312e30 | tenant: public | md5: bd959891036289cfaf3d54e49599b2d0
2026-10-02 12:01:09,856|opType: publish | rt: 9ms | status: success | requestIp: null | dataId: enc.7265666572656e6365732f6d6f6e69746f722d6578706c61696e2d616e616c797a652e6d64 | group: skill_enc.73757061626173652d706f7374677265732d626573742d707261637469636573__enc.312e312e30 | tenant: public | md5: 93d5998318098652ac380cd354718924
2026-10-02 12:01:09,860|opType: publish | rt: 8ms | status: success | requestIp: null | dataId: enc.7265666572656e6365732f73656375726974792d70726976696c656765732e6d64 | group: skill_enc.73757061626173652d706f7374677265732d626573742d707261637469636573__enc.312e312e30 | tenant: public | md5: 212beb5d93e7c02cb61c95e117af3aaa
2026-10-02 12:01:09,865|opType: publish | rt: 9ms | status: success | requestIp: null | dataId: enc.7265666572656e6365732f6c6f636b2d646561646c6f636b2d70726576656e74696f6e2e6d64 | group: skill_enc.73757061626173652d706f7374677265732d626573742d707261637469636573__enc.312e312e30 | tenant: public | md5: 07eae98867b47074d82528df59d2135e
2026-10-02 12:01:09,870|opType: publish | rt: 10ms | status: success | requestIp: null | dataId: enc.7265666572656e6365732f736368656d612d7072696d6172792d6b6579732e6d64 | group: skill_enc.73757061626173652d706f7374677265732d626573742d707261637469636573__enc.312e312e30 | tenant: public | md5: 63412819d632d8cbe39f14630e5de085
2026-10-02 12:01:09,880|opType: publish | rt: 15ms | status: success | requestIp: null | dataId: enc.7265666572656e6365732f71756572792d7061727469616c2d696e64657865732e6d64 | group: skill_enc.73757061626173652d706f7374677265732d626573742d707261637469636573__enc.312e312e30 | tenant: public | md5: a6c64f9136f8a7880e53df3e259d90c9
2026-10-02 12:01:09,886|opType: publish | rt: 16ms | status: success | requestIp: null | dataId: CLAUDE.md | group: skill_enc.73757061626173652d706f7374677265732d626573742d707261637469636573__enc.312e312e30 | tenant: public | md5: bc5441b46c60dc9086061eb9793d0283
2026-10-02 12:01:09,891|opType: publish | rt: 11ms | status: success | requestIp: null | dataId: enc.7265666572656e6365732f646174612d7570736572742e6d64 | group: skill_enc.73757061626173652d706f7374677265732d626573742d707261637469636573__enc.312e312e30 | tenant: public | md5: 51a26138848f5fec547cd56b9bcb33d4
2026-10-02 12:01:09,931|opType: publish | rt: 48ms | status: success | requestIp: null | dataId: SKILL.md | group: skill_enc.66696e642d736b696c6c73__enc.302e302e31 | tenant: public | md5: 2c5df7daba6c6b5cc09d6de7bc41262e
2026-10-02 12:01:10,142|opType: publish | rt: 10ms | status: success | requestIp: null | dataId: skill_index.json | group: skill_supabase-postgres-best-practices | tenant: public | md5: ead98eca9eada63aa3889edc0757f4e3
2026-10-02 12:01:10,154|opType: publish | rt: 6ms | status: success | requestIp: null | dataId: skill_index.json | group: skill_find-skills | tenant: public | md5: a954ba25a6022882637d1312aa486859
2026-10-02 12:01:10,371|opType: delete | rt: 8ms | status: success | requestIp: null | dataId: nacos.ai.skills.bootstrap | group: nacos_internal | tenant: public | md5: f035c211d6d8f617435db9c9fd01f3a8
